phi_index,mean,std,variance,source_split,feature_count,dataset_path
1,0.0,7.319373607635498,53.5732307434082,train,9,/home/mail/jiaqizhang/jcy/PINN/dataset/64_h.h5
2,0.0,5.704599857330322,32.54246139526367,train,9,/home/mail/jiaqizhang/jcy/PINN/dataset/64_h.h5
3,0.0,7.305159568786621,53.3653564453125,train,9,/home/mail/jiaqizhang/jcy/PINN/dataset/64_h.h5
4,0.0,5.670872211456299,32.158790588378906,train,9,/home/mail/jiaqizhang/jcy/PINN/dataset/64_h.h5
5,0.0,3.3832955360412598,11.446688652038574,train,9,/home/mail/jiaqizhang/jcy/PINN/dataset/64_h.h5
6,0.0,5.672628879547119,32.17871856689453,train,9,/home/mail/jiaqizhang/jcy/PINN/dataset/64_h.h5
7,0.0,7.3010101318359375,53.30474853515625,train,9,/home/mail/jiaqizhang/jcy/PINN/dataset/64_h.h5
8,0.0,5.701181411743164,32.50347137451172,train,9,/home/mail/jiaqizhang/jcy/PINN/dataset/64_h.h5
9,0.0,7.318370342254639,53.55854415893555,train,9,/home/mail/jiaqizhang/jcy/PINN/dataset/64_h.h5
