stage,config,N,h,method,n_interface,kappa_exact,kappa_mean,kappa_std,kappa_linf_error,raw_feature_dim,transform_source,feature_order,target_scale,checkpoint_hash,feature_order_assumed
curvature,Q,64,0.015873015873015872,EXACT,73,2.5,2.5,0.0,0.0,,,,,,
curvature,Q,64,0.015873015873015872,LS-FD,73,2.5,2.495163745698514,0.052510774310953044,0.09369226925017982,,,,,,
curvature,Q,64,0.015873015873015872,NN27_RAW,73,2.5,2.500018652171305,0.01116077150373108,0.026502355933189392,27,checkpoint,phi9+nx9+ny9,h*kappa,6ddc265a8330cd5c4ab3bbe83d55dc0f7820f6fa4c871aaf4e1a681dd36de12a,phi9_top_to_bottom_training_order
curvature,Q,64,0.015873015873015872,NN27_D4,73,2.5,2.4971610620515805,0.009103359154084514,0.018100805580615997,27,checkpoint,phi9+nx9+ny9,h*kappa,6ddc265a8330cd5c4ab3bbe83d55dc0f7820f6fa4c871aaf4e1a681dd36de12a,phi9_top_to_bottom_training_order
curvature,Q,128,0.007874015748031496,EXACT,145,2.5,2.5,0.0,0.0,,,,,,
curvature,Q,128,0.007874015748031496,LS-FD,145,2.5,2.502376462919058,0.025461575145281426,0.04899362929125628,,,,,,
curvature,Q,128,0.007874015748031496,NN27_RAW,145,2.5,2.5061980351291853,0.007348975746612009,0.02384364604949951,27,checkpoint,phi9+nx9+ny9,h*kappa,6ddc265a8330cd5c4ab3bbe83d55dc0f7820f6fa4c871aaf4e1a681dd36de12a,phi9_top_to_bottom_training_order
curvature,Q,128,0.007874015748031496,NN27_D4,145,2.5,2.4999981161849254,0.0045498447716135265,0.010950637981295586,27,checkpoint,phi9+nx9+ny9,h*kappa,6ddc265a8330cd5c4ab3bbe83d55dc0f7820f6fa4c871aaf4e1a681dd36de12a,phi9_top_to_bottom_training_order
curvature,Q,256,0.00392156862745098,EXACT,293,2.5,2.5,0.0,0.0,,,,,,
curvature,Q,256,0.00392156862745098,LS-FD,293,2.5,2.500350074530726,0.013279334223307768,0.024690603160472335,,,,,,
curvature,Q,256,0.00392156862745098,NN27_RAW,293,2.5,2.517530618826684,0.0170297286452072,0.051281899213790894,27,checkpoint,phi9+nx9+ny9,h*kappa,6ddc265a8330cd5c4ab3bbe83d55dc0f7820f6fa4c871aaf4e1a681dd36de12a,phi9_top_to_bottom_training_order
curvature,Q,256,0.00392156862745098,NN27_D4,293,2.5,2.50276369039516,0.009661101087063856,0.0259239599108696,27,checkpoint,phi9+nx9+ny9,h*kappa,6ddc265a8330cd5c4ab3bbe83d55dc0f7820f6fa4c871aaf4e1a681dd36de12a,phi9_top_to_bottom_training_order
curvature,Q,512,0.0019569471624266144,EXACT,581,2.5,2.5,0.0,0.0,,,,,,
curvature,Q,512,0.0019569471624266144,LS-FD,581,2.5,2.5000143751046493,0.006475863566867197,0.012080794794552485,,,,,,
curvature,Q,512,0.0019569471624266144,NN27_RAW,581,2.5,2.5359162327395866,0.03332978166133344,0.10900716483592987,27,checkpoint,phi9+nx9+ny9,h*kappa,6ddc265a8330cd5c4ab3bbe83d55dc0f7820f6fa4c871aaf4e1a681dd36de12a,phi9_top_to_bottom_training_order
curvature,Q,512,0.0019569471624266144,NN27_D4,581,2.5,2.503198589546135,0.01572919296311495,0.037898266687989235,27,checkpoint,phi9+nx9+ny9,h*kappa,6ddc265a8330cd5c4ab3bbe83d55dc0f7820f6fa4c871aaf4e1a681dd36de12a,phi9_top_to_bottom_training_order
curvature,F,64,0.015873015873015872,EXACT,284,2.5,2.5,0.0,0.0,,,,,,
curvature,F,64,0.015873015873015872,LS-FD,284,2.5,2.4958560444149267,0.052455290045313685,0.09369226925017848,,,,,,
curvature,F,64,0.015873015873015872,NN27_RAW,284,2.5,2.497393823320597,0.011076623465829171,0.026502355933189392,27,checkpoint,phi9+nx9+ny9,h*kappa,6ddc265a8330cd5c4ab3bbe83d55dc0f7820f6fa4c871aaf4e1a681dd36de12a,phi9_top_to_bottom_training_order
curvature,F,64,0.015873015873015872,NN27_D4,284,2.5,2.4973937737375076,0.009108082002828321,0.018100805580615997,27,checkpoint,phi9+nx9+ny9,h*kappa,6ddc265a8330cd5c4ab3bbe83d55dc0f7820f6fa4c871aaf4e1a681dd36de12a,phi9_top_to_bottom_training_order
curvature,F,128,0.007874015748031496,EXACT,572,2.5,2.5,0.0,0.0,,,,,,
curvature,F,128,0.007874015748031496,LS-FD,572,2.5,2.502201988097287,0.025426051339757463,0.04899362929221995,,,,,,
curvature,F,128,0.007874015748031496,NN27_RAW,572,2.5,2.499961521398354,0.011179939214878195,0.026033207774162292,27,checkpoint,phi9+nx9+ny9,h*kappa,6ddc265a8330cd5c4ab3bbe83d55dc0f7820f6fa4c871aaf4e1a681dd36de12a,phi9_top_to_bottom_training_order
curvature,F,128,0.007874015748031496,NN27_D4,572,2.5,2.4999615875678463,0.004570251678883546,0.010950637981295586,27,checkpoint,phi9+nx9+ny9,h*kappa,6ddc265a8330cd5c4ab3bbe83d55dc0f7820f6fa4c871aaf4e1a681dd36de12a,phi9_top_to_bottom_training_order
curvature,F,256,0.00392156862745098,EXACT,1162,2.5,2.5,0.0,0.0,,,,,,
curvature,F,256,0.00392156862745098,LS-FD,1162,2.5,2.50038460434763,0.01320168806845223,0.024690603160490543,,,,,,
curvature,F,256,0.00392156862745098,NN27_RAW,1162,2.5,2.5026858130569303,0.025553809861527364,0.053892359137535095,27,checkpoint,phi9+nx9+ny9,h*kappa,6ddc265a8330cd5c4ab3bbe83d55dc0f7820f6fa4c871aaf4e1a681dd36de12a,phi9_top_to_bottom_training_order
curvature,F,256,0.00392156862745098,NN27_D4,1162,2.5,2.5026746147765864,0.009581332475937843,0.0259239599108696,27,checkpoint,phi9+nx9+ny9,h*kappa,6ddc265a8330cd5c4ab3bbe83d55dc0f7820f6fa4c871aaf4e1a681dd36de12a,phi9_top_to_bottom_training_order
curvature,F,512,0.0019569471624266144,EXACT,2316,2.5,2.5,0.0,0.0,,,,,,
curvature,F,512,0.0019569471624266144,LS-FD,2316,2.5,2.5000186475368786,0.006476684104156617,0.012080794765727543,,,,,,
curvature,F,512,0.0019569471624266144,NN27_RAW,2316,2.5,2.503193692556729,0.053367434333280436,0.11767245829105377,27,checkpoint,phi9+nx9+ny9,h*kappa,6ddc265a8330cd5c4ab3bbe83d55dc0f7820f6fa4c871aaf4e1a681dd36de12a,phi9_top_to_bottom_training_order
curvature,F,512,0.0019569471624266144,NN27_D4,2316,2.5,2.5031938273556182,0.01574049042854808,0.037898266687989235,27,checkpoint,phi9+nx9+ny9,h*kappa,6ddc265a8330cd5c4ab3bbe83d55dc0f7820f6fa4c871aaf4e1a681dd36de12a,phi9_top_to_bottom_training_order
