rho_model,case_id,case_label,iter,case_key,angle_bin_start_deg,angle_bin_end_deg,sample_count,numeric_mse,numeric_mae,numeric_maxae,model_mse,model_mae,model_maxae
512,0,smooth_512,1,smooth_512/iter_1,0,30,98,1.5376902400583083e-07,0.0003170693296134724,0.0008449216440759438,3.379679751791273e-08,0.00014628673314440006,0.00043258070945739746
512,0,smooth_512,1,smooth_512/iter_1,30,60,82,3.6184627173623855e-07,0.000449232261328852,0.0017885380093386055,1.1416699055006753e-06,0.0006672735460863517,0.005102481693029404
512,0,smooth_512,1,smooth_512/iter_1,60,90,67,1.5007187067160115e-06,0.0009748821429060565,0.0024709717613247417,8.688989251232608e-07,0.0005628669520652394,0.00444440171122551
512,0,smooth_512,1,smooth_512/iter_1,90,120,102,3.84364310500721e-07,0.0004469380734304648,0.0017096977995858763,2.1274879884829058e-08,0.00011035293231115622,0.0005025025457143784
512,0,smooth_512,1,smooth_512/iter_1,120,150,102,4.681734473253823e-08,0.00018654118472305145,0.0004591213239483055,1.2939829875928195e-08,8.872736647140747e-05,0.00031104590743780136
512,0,smooth_512,1,smooth_512/iter_1,150,180,76,6.160637765236065e-07,0.0006406963829916984,0.001552606277619148,1.2129219324078726e-06,0.0006189702109718622,0.005625888705253601
512,0,smooth_512,1,smooth_512/iter_1,180,210,78,6.424222379275398e-07,0.0006486550163067722,0.0018110160691329619,1.6756050255694368e-06,0.0007282700324326586,0.00603850930929184
512,0,smooth_512,1,smooth_512/iter_1,210,240,102,4.681734473253823e-08,0.00018654118472305147,0.0004591213239483055,2.069673935555716e-08,0.00011809740909466556,0.00037506595253944397
512,0,smooth_512,1,smooth_512/iter_1,240,270,102,3.84364310500721e-07,0.0004469380734304647,0.0017096977995858763,1.4599642926326569e-08,9.621324602003191e-05,0.0003406926989555359
512,0,smooth_512,1,smooth_512/iter_1,270,300,67,1.5007187067160113e-06,0.0009748821429060565,0.0024709717613247417,8.164617267344086e-07,0.0005711081282256533,0.003821674734354019
512,0,smooth_512,1,smooth_512/iter_1,300,330,82,3.618462717362386e-07,0.0004492322613288519,0.0017885380093386055,8.747521064393792e-07,0.0006065553348091226,0.003973077982664108
512,0,smooth_512,1,smooth_512/iter_1,330,360,97,1.553542180554603e-07,0.0003203145741234142,0.0008449216440759438,3.770075197545446e-08,0.00014848311998180507,0.00046804826706647873
512,0,smooth_512,2,smooth_512/iter_2,0,30,98,2.2727151711464802e-07,0.00035062554322569676,0.001405182908453581,2.700210719087696e-08,0.00013155571888295972,0.00040177255868911743
512,0,smooth_512,2,smooth_512/iter_2,30,60,82,2.7853534712704045e-07,0.00041485694968417474,0.0016931738230033522,7.883379380613789e-07,0.0005486649823113821,0.004419330507516861
512,0,smooth_512,2,smooth_512/iter_2,60,90,67,1.400433191271077e-06,0.0008729557344515222,0.002684687749315519,6.393009513534797e-07,0.0004735620133752532,0.003856915980577469
512,0,smooth_512,2,smooth_512/iter_2,90,120,102,3.482141987401103e-07,0.00043576980825411915,0.0017067782959669514,1.853160248131981e-08,0.0001050230280003127,0.00045127980411052704
512,0,smooth_512,2,smooth_512/iter_2,120,150,102,6.193331356504925e-08,0.0002082300196929967,0.0007434971956848252,1.4242066126270335e-08,9.40064132651862e-05,0.00028977543115615845
512,0,smooth_512,2,smooth_512/iter_2,150,180,76,9.048563961341966e-07,0.00077034083147979,0.0019851768302782385,8.54320241820764e-07,0.0005063970849349923,0.00482853502035141
512,0,smooth_512,2,smooth_512/iter_2,180,210,78,8.893040492060152e-07,0.0007620457881783162,0.0019851768302782385,1.1853362754098895e-06,0.0006091000972306714,0.005216412246227264
512,0,smooth_512,2,smooth_512/iter_2,210,240,102,6.193331356504925e-08,0.0002082300196929967,0.0007434971956848252,1.8913194003163987e-08,0.0001118678836991974,0.0003072749823331833
512,0,smooth_512,2,smooth_512/iter_2,240,270,102,3.4821419874011023e-07,0.0004357698082541192,0.0017067782959669514,1.197939757580642e-08,8.791959935835763e-05,0.00029188767075538635
512,0,smooth_512,2,smooth_512/iter_2,270,300,67,1.400433191271077e-06,0.0008729557344515221,0.002684687749315519,5.343253475381066e-07,0.0004591247064249117,0.003212224692106247
512,0,smooth_512,2,smooth_512/iter_2,300,330,82,2.7853534712704045e-07,0.00041485694968417485,0.0016931738230033522,6.014438612489801e-07,0.0005138728380055599,0.003352288156747818
512,0,smooth_512,2,smooth_512/iter_2,330,360,97,2.296144198578823e-07,0.0003542077186828459,0.001405182908453581,2.9649577810703643e-08,0.0001323167426684468,0.0004385709762573242
512,0,smooth_512,3,smooth_512/iter_3,0,30,98,2.5441077742765267e-07,0.00036648565333722563,0.0014791629180676384,1.9755637001135923e-08,0.00011050092930696449,0.0003351084887981415
512,0,smooth_512,3,smooth_512/iter_3,30,60,82,2.584514703408779e-07,0.00041261962052257525,0.0015946331151027796,5.477314709631372e-07,0.00044756762260321254,0.0038128606975078583
512,0,smooth_512,3,smooth_512/iter_3,60,90,67,7.695107649177801e-07,0.0006843887279507036,0.0019462533986809808,4.6902200386164465e-07,0.00038907769763383513,0.0033385194838047028
512,0,smooth_512,3,smooth_512/iter_3,90,120,102,1.7837678876227328e-07,0.00034184555071552366,0.0012242608055357436,1.4950176060844307e-08,9.520964550913549e-05,0.0004083644598722458
512,0,smooth_512,3,smooth_512/iter_3,120,150,102,9.337145755707955e-08,0.0002473059863112932,0.0009003743548261726,1.6181151328556288e-08,9.598178496839954e-05,0.00035889819264411926
512,0,smooth_512,3,smooth_512/iter_3,150,180,76,9.82644318332389e-07,0.0008538859732161362,0.0018810903348338674,5.860545702042321e-07,0.0003992953319730556,0.0041150376200675964
512,0,smooth_512,3,smooth_512/iter_3,180,210,78,9.580563561138495e-07,0.0008359252744931766,0.0018810903348338674,8.436017101685434e-07,0.0004884486666131311,0.004568077623844147
512,0,smooth_512,3,smooth_512/iter_3,210,240,102,9.337145755707954e-08,0.00024730598631129324,0.0009003743548261726,1.8874490868512586e-08,0.00010822047753369107,0.00040004029870033264
512,0,smooth_512,3,smooth_512/iter_3,240,270,102,1.7837678876227333e-07,0.00034184555071552366,0.0012242608055357436,1.0051330718355847e-08,8.002543529751255e-05,0.00025023147463798523
512,0,smooth_512,3,smooth_512/iter_3,270,300,67,7.695107649177801e-07,0.0006843887279507036,0.0019462533986809808,3.653424483995555e-07,0.00036830682726229414,0.0026950500905513763
512,0,smooth_512,3,smooth_512/iter_3,300,330,82,2.584514703408779e-07,0.00041261962052257525,0.0015946331151027796,4.1676486617739406e-07,0.0004322371444176519,0.0027990005910396576
512,0,smooth_512,3,smooth_512/iter_3,330,360,97,2.5703341448877365e-07,0.0003702239515849618,0.0014791629180676384,2.247124421510432e-08,0.00011517804538466266,0.0004198458045721054
512,0,smooth_512,4,smooth_512/iter_4,0,30,98,3.053308536532162e-07,0.0004186481697237653,0.0013652948785478625,1.5585681203134792e-08,9.74342264995283e-05,0.00029711052775382996
512,0,smooth_512,4,smooth_512/iter_4,30,60,82,2.7935007403917075e-07,0.0004209723865989231,0.0014545284034223963,3.921522871222707e-07,0.0003721322431285843,0.0032825730741024017
512,0,smooth_512,4,smooth_512/iter_4,60,90,67,5.005881164655746e-07,0.0005783946947454155,0.0014725330201303677,3.4698265314733915e-07,0.0003192656184372895,0.0028902702033519745
512,0,smooth_512,4,smooth_512/iter_4,90,120,102,1.1796822340422823e-07,0.0003030176583177916,0.0006894653908071854,1.241934859362071e-08,8.794883558270977e-05,0.0003724154084920883
512,0,smooth_512,4,smooth_512/iter_4,120,150,102,1.2984378894347528e-07,0.0002865889631742214,0.0012083591421475637,1.813638317596749e-08,0.00010030076601633839,0.00040546245872974396
512,0,smooth_512,4,smooth_512/iter_4,150,180,76,1.0485180804346653e-06,0.0009045839150853352,0.002011265926834661,4.330633474326027e-07,0.00033116580150243334,0.0036682933568954468
512,0,smooth_512,4,smooth_512/iter_4,180,210,78,1.0326342981804138e-06,0.0008954937389654149,0.002011265926834661,6.148620861282563e-07,0.0004109970873403841,0.003962695598602295
512,0,smooth_512,4,smooth_512/iter_4,210,240,102,1.2984378894347523e-07,0.0002865889631742214,0.0012083591421475637,2.0722997054288987e-08,0.00010801469176715495,0.0004588756710290909
512,0,smooth_512,4,smooth_512/iter_4,240,270,102,1.1796822340422817e-07,0.0003030176583177916,0.0006894653908071854,9.145707642879983e-09,7.45625892544494e-05,0.00021489709615707397
512,0,smooth_512,4,smooth_512/iter_4,270,300,67,5.005881164655745e-07,0.0005783946947454155,0.0014725330201303677,2.622073445640735e-07,0.0002962366105300555,0.002322513610124588
512,0,smooth_512,4,smooth_512/iter_4,300,330,82,2.7935007403917075e-07,0.000420972386598923,0.0014545284034223963,2.970781003657682e-07,0.0003713186533565111,0.0023184679448604584
512,0,smooth_512,4,smooth_512/iter_4,330,360,97,3.0847838961640965e-07,0.00042291818134971394,0.0013652948785478625,1.8997560345954753e-08,0.0001062334313527825,0.0003895377740263939
512,0,smooth_512,5,smooth_512/iter_5,0,30,98,3.45642131042036e-07,0.0004586734644381317,0.0015716762702201494,1.3652563736898343e-08,8.976698986121587e-05,0.00026476383209228516
512,0,smooth_512,5,smooth_512/iter_5,30,60,82,3.1417272273444315e-07,0.000428555625490771,0.0016194298371548232,2.9871894938029293e-07,0.00032354691619530503,0.0028773434460163116
512,0,smooth_512,5,smooth_512/iter_5,60,90,67,4.4750064324497353e-07,0.0005304833909610269,0.001507250533383715,2.6554923376951775e-07,0.00026813606469224747,0.002507667988538742
512,0,smooth_512,5,smooth_512/iter_5,90,120,102,1.2287358770395024e-07,0.000300005916077811,0.0007247579142362556,1.077155776523722e-08,8.371498837482696e-05,0.00034240446984767914
512,0,smooth_512,5,smooth_512/iter_5,120,150,102,1.5682782753028425e-07,0.0003118514904975942,0.001425568600030791,2.061755976443273e-08,0.00010640374110902056,0.0004395749419927597
512,0,smooth_512,5,smooth_512/iter_5,150,180,76,1.0827662010933074e-06,0.0008983664293854231,0.002258282717868147,3.2636491179446364e-07,0.00028758706148916024,0.0032021254301071167
512,0,smooth_512,5,smooth_512/iter_5,180,210,78,1.0864378861437503e-06,0.0008979957199220231,0.002258282717868147,4.616628114044528e-07,0.00036523449895097513,0.003434896469116211
512,0,smooth_512,5,smooth_512/iter_5,210,240,102,1.5682782753028425e-07,0.0003118514904975942,0.001425568600030791,2.2992276316373582e-08,0.00011105177120542994,0.0004962217062711716
512,0,smooth_512,5,smooth_512/iter_5,240,270,102,1.2287358770395024e-07,0.000300005916077811,0.0007247579142362556,8.890508231644433e-09,7.234861635986497e-05,0.0002206563949584961
512,0,smooth_512,5,smooth_512/iter_5,270,300,67,4.475006432449736e-07,0.0005304833909610269,0.001507250533383715,1.9800721776038497e-07,0.0002555811517948368,0.0020031891763210297
512,0,smooth_512,5,smooth_512/iter_5,300,330,82,3.1417272273444315e-07,0.000428555625490771,0.0016194298371548232,2.2099104664665757e-07,0.00032757254666648805,0.0019063837826251984
512,0,smooth_512,5,smooth_512/iter_5,330,360,97,3.492052006414327e-07,0.00046335115375514336,0.0015716762702201494,1.773369237286882e-08,0.00010424343504242061,0.00036700349301099777
512,0,smooth_512,6,smooth_512/iter_6,0,30,98,3.564224710775509e-07,0.0004712287641178235,0.0016311718821591069,1.2919922982357759e-08,8.54626830135073e-05,0.0002764509990811348
512,0,smooth_512,6,smooth_512/iter_6,30,60,82,3.501359466500638e-07,0.0004306544119841468,0.0019662141808104855,2.4457305472894717e-07,0.00029568360740795914,0.0025487281382083893
512,0,smooth_512,6,smooth_512/iter_6,60,90,67,4.43434562121099e-07,0.0005081323860416956,0.001683337905235338,2.125480489584087e-07,0.0002367315303930429,0.002249203622341156
512,0,smooth_512,6,smooth_512/iter_6,90,120,102,1.3363792547344604e-07,0.00031630911397516765,0.0007544507290163961,9.71104617931528e-09,8.05558874180504e-05,0.0003174375742673874
512,0,smooth_512,6,smooth_512/iter_6,120,150,102,1.7185254551331556e-07,0.00032631537481193294,0.0015112432584538076,2.325428539022642e-08,0.00011265251383769745,0.0004738476127386093
512,0,smooth_512,6,smooth_512/iter_6,150,180,76,1.0881608191798025e-06,0.0008827253455825308,0.0022980034210038323,2.5603930272543286e-07,0.0002612164667210125,0.0028023049235343933
512,0,smooth_512,6,smooth_512/iter_6,180,210,78,1.1170027047632422e-06,0.0008899138779836951,0.0022980034210038323,3.6294797585413835e-07,0.00033551750003915425,0.002980738878250122
512,0,smooth_512,6,smooth_512/iter_6,210,240,102,1.7185254551331553e-07,0.0003263153748119329,0.0015112432584538076,2.53049024698599e-08,0.0001147861008112337,0.0005299970507621765
512,0,smooth_512,6,smooth_512/iter_6,240,270,102,1.3363792547344606e-07,0.0003163091139751676,0.0007544507290163961,8.918571719588594e-09,7.233497522333088e-05,0.00023280642926692963
512,0,smooth_512,6,smooth_512/iter_6,270,300,67,4.43434562121099e-07,0.0005081323860416956,0.001683337905235338,1.5766425071476138e-07,0.00023714502371583522,0.0017326585948467255
512,0,smooth_512,6,smooth_512/iter_6,300,330,82,3.501359466500638e-07,0.0004306544119841468,0.0019662141808104855,1.7400936908168793e-07,0.00029601359089677473,0.0016624927520751953
512,0,smooth_512,6,smooth_512/iter_6,330,360,97,3.6009663656218776e-07,0.0004760318343279055,0.0016311718821591069,1.755425532996703e-08,0.00010435550099181146,0.0003727814182639122
512,0,smooth_512,7,smooth_512/iter_7,0,30,98,3.47895877267445e-07,0.00046777169248487285,0.0016358571481284064,1.2796165794859568e-08,8.337492389338357e-05,0.0003105727955698967
512,0,smooth_512,7,smooth_512/iter_7,30,60,82,3.8477303206666733e-07,0.0004309547620986401,0.0022476381022223796,2.1085382559474145e-07,0.0002783640967852368,0.0022702328860759735
512,0,smooth_512,7,smooth_512/iter_7,60,90,67,4.4905985140013107e-07,0.0005070509999112932,0.0018790385294000511,1.783857929356799e-07,0.00022749470089868044,0.0020753368735313416
512,0,smooth_512,7,smooth_512/iter_7,90,120,102,1.3584357922421636e-07,0.0003207282061366125,0.0007787890415645177,9.044907203261647e-09,7.82956953580473e-05,0.00029676221311092377
512,0,smooth_512,7,smooth_512/iter_7,120,150,102,1.786452968435698e-07,0.0003341130921671165,0.00153700016657554,2.5939041299168144e-08,0.00011939342663276429,0.0005089621990919113
512,0,smooth_512,7,smooth_512/iter_7,150,180,76,1.0880428382842602e-06,0.0008709921765001534,0.0024099418071264894,2.0820282950064043e-07,0.00024418243590748476,0.002462930977344513
512,0,smooth_512,7,smooth_512/iter_7,180,210,78,1.1436496403151505e-06,0.0008844347591451801,0.002539795368719691,2.944834963363674e-07,0.0003126814943896487,0.0025944411754608154
512,0,smooth_512,7,smooth_512/iter_7,210,240,102,1.7864529684356986e-07,0.00033411309216711647,0.00153700016657554,2.7664058334020237e-08,0.00011967963484280249,0.0005642082542181015
512,0,smooth_512,7,smooth_512/iter_7,240,270,102,1.358435792242164e-07,0.0003207282061366125,0.0007787890415645177,9.145159615196019e-09,7.362598918524443e-05,0.0002457723021507263
512,0,smooth_512,7,smooth_512/iter_7,270,300,67,4.4905985140013097e-07,0.0005070509999112932,0.0018790385294000511,1.3304538957348365e-07,0.00023129818059239925,0.001504998654127121
512,0,smooth_512,7,smooth_512/iter_7,300,330,82,3.847730320666672e-07,0.0004309547620986401,0.0022476381022223796,1.4645939232827116e-07,0.0002786008571558518,0.0014607161283493042
512,0,smooth_512,7,smooth_512/iter_7,330,360,97,3.514821031624114e-07,0.0004725357944680921,0.0016358571481284064,1.7879871918820932e-08,0.0001049161955867846,0.00038146134465932846
512,0,smooth_512,8,smooth_512/iter_8,0,30,98,3.3386592273157785e-07,0.00045877800474238776,0.0016370792032438762,1.2933771366461046e-08,8.307745186041812e-05,0.0003339117392897606
512,0,smooth_512,8,smooth_512/iter_8,30,60,82,4.1748761842639353e-07,0.00043069150072170984,0.002475586173001171,1.8933471944239536e-07,0.0002720296040756582,0.0020382441580295563
512,0,smooth_512,8,smooth_512/iter_8,60,90,67,4.6221831335471663e-07,0.0005100841267694525,0.002036888435270827,1.5806209318755705e-07,0.00022461266064001663,0.0019289255142211914
512,0,smooth_512,8,smooth_512/iter_8,90,120,102,1.3354627225945371e-07,0.0003166244813532626,0.0007987195181319226,8.629625383368174e-09,7.669907976307121e-05,0.0002797897905111313
512,0,smooth_512,8,smooth_512/iter_8,120,150,102,1.8093700187894238e-07,0.00033755365135045755,0.0015389484616485788,2.8461491591280736e-08,0.00012551141245400205,0.000539138913154602
512,0,smooth_512,8,smooth_512/iter_8,150,180,76,1.0925620325047286e-06,0.000864957715539615,0.0027406328096285792,1.7432535538805672e-07,0.00023175499001425984,0.002176150679588318
512,0,smooth_512,8,smooth_512/iter_8,180,210,78,1.1741726857321292e-06,0.000883489544132067,0.002912308141463038,2.456465637056621e-07,0.0002951809402498512,0.0022690817713737488
512,0,smooth_512,8,smooth_512/iter_8,210,240,102,1.8093700187894232e-07,0.0003375536513504575,0.0015389484616485788,2.988586982496953e-08,0.0001237132842195969,0.0005938094109296799
512,0,smooth_512,8,smooth_512/iter_8,240,270,102,1.3354627225945371e-07,0.00031662448135326264,0.0007987195181319226,9.458702456056124e-09,7.516825936880766e-05,0.00025493279099464417
512,0,smooth_512,8,smooth_512/iter_8,270,300,67,4.6221831335471674e-07,0.0005100841267694525,0.002036888435270827,1.1800521071981965e-07,0.0002309357988085153,0.0013357661664485931
512,0,smooth_512,8,smooth_512/iter_8,300,330,82,4.1748761842639353e-07,0.00043069150072170984,0.002475586173001171,1.312490527361406e-07,0.00026988878877401895,0.0013343915343284607
512,0,smooth_512,8,smooth_512/iter_8,330,360,97,3.373074782641215e-07,0.00046344665295747727,0.0016370792032438762,1.83291540235394e-08,0.00010548896857143678,0.00039068330079317093
512,0,smooth_512,9,smooth_512/iter_9,0,30,98,3.2122469329925975e-07,0.0004492100422284042,0.001625725450518532,1.3162384067368139e-08,8.37195132459913e-05,0.0003515193238854408
512,0,smooth_512,9,smooth_512/iter_9,30,60,82,4.4746464018174093e-07,0.0004310847212633483,0.0026862808945990746,1.760588053156094e-07,0.00026888645853188523,0.0018460936844348907
512,0,smooth_512,9,smooth_512/iter_9,60,90,67,4.798364395029865e-07,0.0005154564627664126,0.002164580956077286,1.4479615145106607e-07,0.00022414866739314105,0.0018064826726913452
512,0,smooth_512,9,smooth_512/iter_9,90,120,102,1.306877848800152e-07,0.00030994093463697727,0.0008148410834979622,8.356975549931967e-09,7.554133623546245e-05,0.0002657938748598099
512,0,smooth_512,9,smooth_512/iter_9,120,150,102,1.8117952295318282e-07,0.0003387264240572858,0.001532017001704404,3.0699328919103534e-08,0.00013047731572798655,0.0005614981055259705
512,0,smooth_512,9,smooth_512/iter_9,150,180,76,1.1002148366113713e-06,0.0008642663394378142,0.0030141807734639092,1.4998076426205965e-07,0.0002216638985325852,0.0019366666674613953
512,0,smooth_512,9,smooth_512/iter_9,180,210,78,1.2059076716561263e-06,0.0008868931989930967,0.003220221950746921,2.1048841994424277e-07,0.00028078759462984564,0.0019968077540397644
512,0,smooth_512,9,smooth_512/iter_9,210,240,102,1.8117952295318282e-07,0.00033872642405728584,0.001532017001704404,3.182917665275564e-08,0.00012746594809726172,0.0006151106208562851
512,0,smooth_512,9,smooth_512/iter_9,240,270,102,1.3068778488001522e-07,0.0003099409346369773,0.0008148410834979622,9.785704429043387e-09,7.67525121131364e-05,0.0002613794058561325
512,0,smooth_512,9,smooth_512/iter_9,270,300,67,4.798364395029865e-07,0.0005154564627664125,0.002164580956077286,1.0733190408377816e-07,0.00022999779017183428,0.0011998526751995087
512,0,smooth_512,9,smooth_512/iter_9,300,330,82,4.474646401817409e-07,0.0004310847212633483,0.0026862808945990746,1.235504472647438e-07,0.00026818131105179287,0.0013003051280975342
512,0,smooth_512,9,smooth_512/iter_9,330,360,97,3.2453590013370767e-07,0.0004537778327792756,0.001625725450518532,1.873902818642828e-08,0.00010595297844139571,0.00039783213287591934
512,0,smooth_512,10,smooth_512/iter_10,0,30,98,3.1161264067195173e-07,0.0004409144318385599,0.0016095022161662625,1.3386828842527219e-08,8.416137829118845e-05,0.0003657294437289238
512,0,smooth_512,10,smooth_512/iter_10,30,60,82,4.740947574305701e-07,0.0004313746029821166,0.0028584534702995046,1.68046016186083e-07,0.0002674940858524656,0.0016923248767852783
512,0,smooth_512,10,smooth_512/iter_10,60,90,67,4.976307498812068e-07,0.0005168870793301083,0.0022685405265126454,1.3626355624529755e-07,0.0002267215363577064,0.0017044991254806519
512,0,smooth_512,10,smooth_512/iter_10,90,120,102,1.2853393058478164e-07,0.0003038458664774486,0.0008279303316576885,8.17780973651702e-09,7.465418756884687e-05,0.0002543982118368149
512,0,smooth_512,10,smooth_512/iter_10,120,150,102,1.8073010185813988e-07,0.00033879953707629986,0.0015218863221025565,3.260163270656792e-08,0.00013461461582896757,0.0005765557289123535
512,0,smooth_512,10,smooth_512/iter_10,150,180,76,1.1071214830005458e-06,0.0008628478148384837,0.003239869753746516,1.3304475588676636e-07,0.00021551628723452603,0.001737348735332489
512,0,smooth_512,10,smooth_512/iter_10,180,210,78,1.2345067545870365e-06,0.0008888751955665719,0.003474342873179423,1.849388842830714e-07,0.0002708401859705098,0.0017701014876365662
512,0,smooth_512,10,smooth_512/iter_10,210,240,102,1.8073010185813996e-07,0.0003387995370763,0.0015218863221025565,3.34458303769764e-08,0.00013083262442081583,0.0006284657865762711
512,0,smooth_512,10,smooth_512/iter_10,240,270,102,1.2853393058478164e-07,0.0003038458664774486,0.0008279303316576885,1.009569784696111e-08,7.82999137014735e-05,0.0002659466117620468
512,0,smooth_512,10,smooth_512/iter_10,270,300,67,4.976307498812068e-07,0.0005168870793301084,0.0022685405265126454,9.952374963596825e-08,0.00022743854353746482,0.001087624579668045
512,0,smooth_512,10,smooth_512/iter_10,300,330,82,4.7409475743057006e-07,0.0004313746029821166,0.0028584534702995046,1.203847037911347e-07,0.00026799956685863435,0.0012712106108665466
512,0,smooth_512,10,smooth_512/iter_10,330,360,97,3.148247313240801e-07,0.00044539486432214743,0.0016095022161662625,1.9033283484140858e-08,0.00010626551877592028,0.0004026731476187706
512,0,smooth_512,11,smooth_512/iter_11,0,30,98,3.0445116499182957e-07,0.00043437574033825134,0.0015914793175206797,1.3582028518005354e-08,8.44272613829496e-05,0.00037735607475042343
512,0,smooth_512,11,smooth_512/iter_11,30,60,82,4.971411236188651e-07,0.0004334450688263059,0.0029989397592690564,1.6334088935969725e-07,0.0002670423944037771,0.0015974938869476318
512,0,smooth_512,11,smooth_512/iter_11,60,90,67,5.130970225167577e-07,0.0005155341992060601,0.00235307401800966,1.308236241434017e-07,0.00022921749128292858,0.0016198977828025818
512,0,smooth_512,11,smooth_512/iter_11,90,120,102,1.2715093792865596e-07,0.00029911441276089324,0.0008386450568975551,8.059456248525215e-09,7.423518371640468e-05,0.0002450551837682724
512,0,smooth_512,11,smooth_512/iter_11,120,150,102,1.8019596416617662e-07,0.00033839883407306843,0.0015106798657304066,3.415621583256994e-08,0.000137795630258088,0.0005860310047864914
512,0,smooth_512,11,smooth_512/iter_11,150,180,76,1.1114524411698687e-06,0.0008601919201515199,0.0034257259348941804,1.2206241371816886e-07,0.00021380304583305443,0.0015720278024673462
512,0,smooth_512,11,smooth_512/iter_11,180,210,78,1.2579884159205828e-06,0.0008890582847705874,0.0036836957639497653,1.6626108630329918e-07,0.0002638574636269671,0.0015819966793060303
512,0,smooth_512,11,smooth_512/iter_11,210,240,102,1.8019596416617657e-07,0.0003383988340730683,0.0015106798657304066,3.4749013202993136e-08,0.00013356788230000757,0.0006359554827213287
512,0,smooth_512,11,smooth_512/iter_11,240,270,102,1.27150937928656e-07,0.00029911441276089324,0.0008386450568975551,1.0375677210898369e-08,7.973513657263681e-05,0.0002693440765142441
512,0,smooth_512,11,smooth_512/iter_11,270,300,67,5.130970225167578e-07,0.0005155341992060601,0.00235307401800966,9.480213708569264e-08,0.00022719848471860498,0.0009953789412975311
512,0,smooth_512,11,smooth_512/iter_11,300,330,82,4.971411236188651e-07,0.00043344506882630595,0.0029989397592690564,1.1983466358048008e-07,0.0002679175877568834,0.0012466087937355042
512,0,smooth_512,11,smooth_512/iter_11,330,360,97,3.0758940694536837e-07,0.0004387872716286806,0.0015914793175206797,1.9241332973039057e-08,0.00010641239890732716,0.0004055807366967201
512,0,smooth_512,12,smooth_512/iter_12,0,30,98,2.987607820276875e-07,0.0004301517168672317,0.0015729242941373064,1.3740446044834327e-08,8.4737201734465e-05,0.0003862297162413597
512,0,smooth_512,12,smooth_512/iter_12,30,60,82,5.16793422745064e-07,0.0004362700182851549,0.003113641831496261,1.6064727589914576e-07,0.0002677920096974093,0.0015192627906799316
512,0,smooth_512,12,smooth_512/iter_12,60,90,67,5.260001197694867e-07,0.0005136874025945433,0.002422180009133322,1.2742302832728512e-07,0.00023180111910828125,0.0015498846769332886
512,0,smooth_512,12,smooth_512/iter_12,90,120,102,1.263195882087094e-07,0.0002958702345352004,0.0008472340391614715,7.977806768660085e-09,7.386484603379286e-05,0.0002374555915594101
512,0,smooth_512,12,smooth_512/iter_12,120,150,102,1.7975142685122268e-07,0.00033838283548441123,0.001499420702125276,3.537740368452729e-08,0.00014050641809316243,0.0005918946117162704
512,0,smooth_512,12,smooth_512/iter_12,150,180,76,1.1128846045680294e-06,0.0008558698821010464,0.0035784352808429926,1.1264928976953942e-07,0.0002119366018680586,0.00143519788980484
512,0,smooth_512,12,smooth_512/iter_12,180,210,78,1.2760805034726235e-06,0.0008871270696872313,0.003855999249206571,1.5240377717726648e-07,0.00025763971531817404,0.0014263391494750977
512,0,smooth_512,12,smooth_512/iter_12,210,240,102,1.7975142685122265e-07,0.00033838283548441123,0.001499420702125276,3.575675950548711e-08,0.00013595920823076193,0.0006393808871507645
512,0,smooth_512,12,smooth_512/iter_12,240,270,102,1.2631958820870936e-07,0.00029587023453520045,0.0008472340391614715,1.0618827680700553e-08,8.087750414715094e-05,0.0002716872841119766
512,0,smooth_512,12,smooth_512/iter_12,270,300,67,5.260001197694868e-07,0.0005136874025945433,0.002422180009133322,9.195793688175566e-08,0.00022910851264136163,0.0009195618331432343
512,0,smooth_512,12,smooth_512/iter_12,300,330,82,5.167934227450641e-07,0.00043627001828515485,0.003113641831496261,1.2064732964821942e-07,0.00026827962237137667,0.0012259632349014282
512,0,smooth_512,12,smooth_512/iter_12,330,360,97,3.0184034403243425e-07,0.00043451845818857763,0.0015729242941373064,1.9382130171109062e-08,0.0001066056531421917,0.0004071863368153572
512,0,smooth_512,13,smooth_512/iter_13,0,30,98,2.939097550788593e-07,0.00042647379929701466,0.0015545353371861637,1.3856277052849358e-08,8.494990440655728e-05,0.00039259251207113266
512,0,smooth_512,13,smooth_512/iter_13,30,60,82,5.334435785811339e-07,0.0004391447726542803,0.003207642337465344,1.5914662544390078e-07,0.0002697392689098218,0.0014548525214195251
512,0,smooth_512,13,smooth_512/iter_13,60,90,67,5.366092284505991e-07,0.0005111323654560836,0.0024784286283161816,1.2534407983662284e-07,0.00023446022576318858,0.0014920756220817566
512,0,smooth_512,13,smooth_512/iter_13,90,120,102,1.2584515110734943e-07,0.0002937625781882155,0.0008543451551857074,7.919278511120031e-09,7.354474498652944e-05,0.00023125670850276947
512,0,smooth_512,13,smooth_512/iter_13,120,150,102,1.7936980221662536e-07,0.0003383679252073886,0.001488595128532057,3.6302274784541766e-08,0.0001425328299257101,0.0005949679762125015
512,0,smooth_512,13,smooth_512/iter_13,150,180,76,1.111403742175285e-06,0.0008503819471839643,0.003703766445749837,1.0551221378801702e-07,0.00020993237117899728,0.0013222917914390564
512,0,smooth_512,13,smooth_512/iter_13,180,210,78,1.288936096251067e-06,0.0008836541298717965,0.003997665726057961,1.4199218251626792e-07,0.00025241832172002597,0.0013737380504608154
512,0,smooth_512,13,smooth_512/iter_13,210,240,102,1.7936980221662536e-07,0.0003383679252073886,0.001488595128532057,3.649684245037407e-08,0.00013775025110910921,0.0006400905549526215
512,0,smooth_512,13,smooth_512/iter_13,240,270,102,1.2584515110734943e-07,0.0002937625781882155,0.0008543451551857074,1.0824888465999605e-08,8.18644138966121e-05,0.00027324631810188293
512,0,smooth_512,13,smooth_512/iter_13,270,300,67,5.366092284505991e-07,0.0005111323654560837,0.0024784286283161816,9.031038388333864e-08,0.00023075295030139387,0.0008574239909648895
512,0,smooth_512,13,smooth_512/iter_13,300,330,82,5.334435785811339e-07,0.0004391447726542803,0.003207642337465344,1.220616453685674e-07,0.000268718593316607,0.0012087449431419373
512,0,smooth_512,13,smooth_512/iter_13,330,360,97,2.969392933150609e-07,0.00043080162927409,0.0015545353371861637,1.9469705302390997e-08,0.00010689870291149494,0.00040791649371385574
512,0,smooth_512,14,smooth_512/iter_14,0,30,98,2.894904602003961e-07,0.00042335405641003547,0.0015365625441079878,1.3935404333151353e-08,8.520331917976846e-05,0.00039682816714048386
512,0,smooth_512,14,smooth_512/iter_14,30,60,82,5.475153795309781e-07,0.00044193000283367795,0.003284337707749052,1.5833043655041417e-07,0.00027145026464628553,0.0014247894287109375
512,0,smooth_512,14,smooth_512/iter_14,60,90,67,5.453062794764386e-07,0.0005084081292753577,0.0025245540807264655,1.240660185110794e-07,0.00023658133377738074,0.0014443844556808472
512,0,smooth_512,14,smooth_512/iter_14,90,120,102,1.2559481220484842e-07,0.00029231904799701774,0.0008602729642580471,7.872619713447565e-09,7.321962210185388e-05,0.00022614188492298126
512,0,smooth_512,14,smooth_512/iter_14,120,150,102,1.7900086463692083e-07,0.0003385103024873659,0.0014784443938424836,3.6966599413856107e-08,0.00014392513891353328,0.0005961190909147263
512,0,smooth_512,14,smooth_512/iter_14,150,180,76,1.1073984570757607e-06,0.0008434462826402575,0.0038065908130806014,1.0001747344170837e-07,0.00020829115486489363,0.0012293830513954163
512,0,smooth_512,14,smooth_512/iter_14,180,210,78,1.2971643810541994e-06,0.000878435746329397,0.004114038858760702,1.3406026929952932e-07,0.0002486105377335125,0.0013723447918891907
512,0,smooth_512,14,smooth_512/iter_14,210,240,102,1.7900086463692083e-07,0.0003385103024873659,0.0014784443938424836,3.701319968325103e-08,0.00013902913961632578,0.0006390269845724106
512,0,smooth_512,14,smooth_512/iter_14,240,270,102,1.2559481220484842e-07,0.0002923190479970177,0.0008602729642580471,1.100029270002916e-08,8.265844856699307e-05,0.00027537718415260315
512,0,smooth_512,14,smooth_512/iter_14,270,300,67,5.453062794764385e-07,0.0005084081292753578,0.0025245540807264655,8.940815922530044e-08,0.00023204320737633353,0.0008064098656177521
512,0,smooth_512,14,smooth_512/iter_14,300,330,82,5.475153795309781e-07,0.00044193000283367795,0.003284337707749052,1.2363702071294975e-07,0.00026915231705416085,0.0011945143342018127
512,0,smooth_512,14,smooth_512/iter_14,330,360,97,2.9247442765056063e-07,0.00042764890157514476,0.0015365625441079878,1.9513162440837195e-08,0.00010720918857559715,0.00040795374661684036
512,0,smooth_512,15,smooth_512/iter_15,0,30,98,2.8533317050222197e-07,0.0004206329057998084,0.0015191028984038284,1.39819577493541e-08,8.553190498935934e-05,0.0003994414582848549
512,0,smooth_512,15,smooth_512/iter_15,30,60,82,5.5941789741313e-07,0.0004445427282504985,0.0033470861552729048,1.578845705426977e-07,0.0002727427984099472,0.0014130696654319763
512,0,smooth_512,15,smooth_512/iter_15,60,90,67,5.523575070934216e-07,0.000505776680719246,0.002562251123769524,1.2323372540836643e-07,0.00023817258874830137,0.0014050528407096863
512,0,smooth_512,15,smooth_512/iter_15,90,120,102,1.254651281063594e-07,0.00029132096356638626,0.0008649553483841936,7.832789988349415e-09,7.29496481225771e-05,0.00022193975746631622
512,0,smooth_512,15,smooth_512/iter_15,120,150,102,1.7861137385473244e-07,0.00033869420765789387,0.0014689843381318294,3.742849818890539e-08,0.00014483774373052168,0.0005961712449789047
512,0,smooth_512,15,smooth_512/iter_15,150,180,76,1.1013090722903525e-06,0.0008354489419611872,0.0038908851657636356,9.574064656756309e-08,0.00020697073552199932,0.0011529698967933655
512,0,smooth_512,15,smooth_512/iter_15,180,210,78,1.3014556452098858e-06,0.0008719077332433287,0.00420963107490939,1.279436624346292e-07,0.000245482010284785,0.0013710111379623413
512,0,smooth_512,15,smooth_512/iter_15,210,240,102,1.7861137385473252e-07,0.00033869420765789387,0.0014689843381318294,3.7352674087176286e-08,0.00013997812079740506,0.0006369538605213165
512,0,smooth_512,15,smooth_512/iter_15,240,270,102,1.254651281063594e-07,0.00029132096356638626,0.0008649553483841936,1.113989091955322e-08,8.32652326161955e-05,0.00027721747756004333
512,0,smooth_512,15,smooth_512/iter_15,270,300,67,5.523575070934217e-07,0.000505776680719246,0.002562251123769524,8.891006883946537e-08,0.0002329764203967721,0.0007645748555660248
512,0,smooth_512,15,smooth_512/iter_15,300,330,82,5.594178974131301e-07,0.0004445427282504985,0.0033470861552729048,1.2514534786654272e-07,0.0002693980726379356,0.001182660460472107
512,0,smooth_512,15,smooth_512/iter_15,330,360,97,2.8827427020867896e-07,0.0004248990283775717,0.0015191028984038284,1.951733594466209e-08,0.00010737993744845243,0.000407596118748188
512,0,smooth_512,16,smooth_512/iter_16,0,30,98,2.813397233259472e-07,0.00041786714618399665,0.0015023148315121068,1.4000620548374289e-08,8.57855858547347e-05,0.00040074344724416733
512,0,smooth_512,16,smooth_512/iter_16,30,60,82,5.694427055902283e-07,0.00044664891753962724,0.0033984528464263697,1.5762809453680468e-07,0.0002741315025870302,0.0014034584164619446
512,0,smooth_512,16,smooth_512/iter_16,60,90,67,5.580014845397057e-07,0.0005033966511799119,0.0025930261024204246,1.2262305981029358e-07,0.0002393372979800481,0.001372694969177246
512,0,smooth_512,16,smooth_512/iter_16,90,120,102,1.2540970009964054e-07,0.0002906135299228899,0.0008687794579482974,7.798444321107789e-09,7.273728831433782e-05,0.00021859072148799896
512,0,smooth_512,16,smooth_512/iter_16,120,150,102,1.7819128772790054e-07,0.0003389508550682907,0.001460309966499148,3.772755291079571e-08,0.00014545369491565462,0.0005953032523393631
512,0,smooth_512,16,smooth_512/iter_16,150,180,76,1.093587046438016e-06,0.0008272555588599474,0.0039600357701866234,9.237427947819615e-08,0.00020566815835895556,0.0010903477668762207
512,0,smooth_512,16,smooth_512/iter_16,180,210,78,1.3024893825295627e-06,0.0008649609136475789,0.004288004817341831,1.2317702118622428e-07,0.00024279848786626154,0.0013698861002922058
512,0,smooth_512,16,smooth_512/iter_16,210,240,102,1.781912877279006e-07,0.00033895085506829067,0.001460309966499148,3.7555005449795075e-08,0.00014058411961384847,0.0006343349814414978
512,0,smooth_512,16,smooth_512/iter_16,240,270,102,1.2540970009964052e-07,0.00029061352992288997,0.0008687794579482974,1.1252362063198928e-08,8.373314003441847e-05,0.00027839094400405884
512,0,smooth_512,16,smooth_512/iter_16,270,300,67,5.580014845397057e-07,0.0005033966511799119,0.0025930261024204246,8.86192445916386e-08,0.00023368425335415374,0.0007375180721282959
512,0,smooth_512,16,smooth_512/iter_16,300,330,82,5.694427055902283e-07,0.0004466489175396273,0.0033984528464263697,1.2649249589263523e-07,0.000269394617090456,0.0011729523539543152
512,0,smooth_512,16,smooth_512/iter_16,330,360,97,2.842396458787646e-07,0.0004221042010571764,0.0015023148315121068,1.9499901050426423e-08,0.00010747787033774189,0.00040695350617170334
512,0,smooth_512,17,smooth_512/iter_17,0,30,98,2.774820265130871e-07,0.0004150749149306978,0.0014860321479927517,1.3998803988893503e-08,8.604169956275396e-05,0.0004010898992419243
512,0,smooth_512,17,smooth_512/iter_17,30,60,82,5.778623422001461e-07,0.0004483280054015065,0.0034406487310127826,1.5748068252102444e-07,0.0002752300770669358,0.0013955160975456238
512,0,smooth_512,17,smooth_512/iter_17,60,90,67,5.62518059937898e-07,0.0005013679696575715,0.002618202886244647,1.221092479386033e-07,0.0002400620893484899,0.0013461261987686157
512,0,smooth_512,17,smooth_512/iter_17,90,120,102,1.2539114096249039e-07,0.00029010434813670866,0.0008719227755351715,7.765810913319395e-09,7.251017343472032e-05,0.00021586008369922638
512,0,smooth_512,17,smooth_512/iter_17,120,150,102,1.777414021815503e-07,0.00033902342074861106,0.0014523970091343125,3.7908196348912175e-08,0.00014584643912373804,0.0005939677357673645
512,0,smooth_512,17,smooth_512/iter_17,150,180,76,1.084617039939668e-06,0.0008184790292119841,0.004016732571801726,8.970866103258962e-08,0.00020449415272818632,0.0010389462113380432
512,0,smooth_512,17,smooth_512/iter_17,180,210,78,1.3008949229319638e-06,0.0008572604512333997,0.004352366284612122,1.194268314614707e-07,0.00024043720305855505,0.0013689175248146057
512,0,smooth_512,17,smooth_512/iter_17,210,240,102,1.777414021815503e-07,0.00033902342074861106,0.0014523970091343125,3.7656522079184303e-08,0.00014094353708274225,0.0006313137710094452
512,0,smooth_512,17,smooth_512/iter_17,240,270,102,1.253911409624904e-07,0.00029010434813670866,0.0008719227755351715,1.1339153802639726e-08,8.407274407206797e-05,0.000279061496257782
512,0,smooth_512,17,smooth_512/iter_17,270,300,67,5.625180599378979e-07,0.0005013679696575715,0.002618202886244647,8.836969575778446e-08,0.00023400879842090183,0.0007416605949401855
512,0,smooth_512,17,smooth_512/iter_17,300,330,82,5.778623422001461e-07,0.0004483280054015065,0.0034406487310127826,1.2764584516836977e-07,0.00026935354803643395,0.0011649802327156067
512,0,smooth_512,17,smooth_512/iter_17,330,360,97,2.8034217266490617e-07,0.0004192827248369964,0.0014860321479927517,1.946097337319354e-08,0.0001075233227198886,0.0004061022773385048
512,0,smooth_512,18,smooth_512/iter_18,0,30,98,2.737417193510343e-07,0.00041244967298981064,0.0014703313647617886,1.3987223939474134e-08,8.62495555561416e-05,0.00040067266672849655
512,0,smooth_512,18,smooth_512/iter_18,30,60,82,5.848794398756067e-07,0.000449664008449967,0.003475220597737194,1.5738272801289964e-07,0.0002759819496820522,0.0013890340924263
512,0,smooth_512,18,smooth_512/iter_18,60,90,67,5.660252184819332e-07,0.0005003954109862818,0.0026387444385087694,1.2162614817706516e-07,0.00024039144393181734,0.0013242363929748535
512,0,smooth_512,18,smooth_512/iter_18,90,120,102,1.2539038347800226e-07,0.00028971691483390414,0.0008744833062912204,7.734689817831175e-09,7.228667427803956e-05,0.00021358393132686615
512,0,smooth_512,18,smooth_512/iter_18,120,150,102,1.772553959541547e-07,0.00033894982069990285,0.0014450893174777144,3.800152223531694e-08,0.0001461262924267965,0.0005924198776483536
512,0,smooth_512,18,smooth_512/iter_18,150,180,76,1.0747587080772926e-06,0.0008095645327067979,0.004063139694742229,8.757354278923827e-08,0.00020362838117044273,0.0009967759251594543
512,0,smooth_512,18,smooth_512/iter_18,180,210,78,1.2972355026745915e-06,0.0008492731281252285,0.0044052091867067406,1.1643796411798973e-07,0.00023840978545381522,0.0013680309057235718
512,0,smooth_512,18,smooth_512/iter_18,210,240,102,1.7725539595415473e-07,0.00033894982069990285,0.0014450893174777144,3.7691139686031834e-08,0.00014113367297777943,0.0006284043192863464
512,0,smooth_512,18,smooth_512/iter_18,240,270,102,1.2539038347800224e-07,0.00028971691483390414,0.0008744833062912204,1.1407585535856839e-08,8.432989867002357e-05,0.0002793576568365097
512,0,smooth_512,18,smooth_512/iter_18,270,300,67,5.660252184819331e-07,0.0005003954109862818,0.0026387444385087694,8.812697248841427e-08,0.00023402920411552179,0.0007544681429862976
512,0,smooth_512,18,smooth_512/iter_18,300,330,82,5.848794398756068e-07,0.00044966400844996686,0.003475220597737194,1.2860940035326105e-07,0.0002692326635020081,0.0011584088206291199
512,0,smooth_512,18,smooth_512/iter_18,330,360,97,2.765633005943532e-07,0.00041663005510971304,0.0014703313647617886,1.941056023174865e-08,0.00010752528137767437,0.000405176542699337
512,0,smooth_512,19,smooth_512/iter_19,0,30,98,2.7014150751845523e-07,0.00040991993739743405,0.0014551336799792352,1.3962623269935536e-08,8.636707325979155e-05,0.00039990711957216263
512,0,smooth_512,19,smooth_512/iter_19,30,60,82,5.906972446532459e-07,0.00045072033098815723,0.0035035083310455684,1.572959189263672e-07,0.0002765241611419564,0.001383654773235321
512,0,smooth_512,19,smooth_512/iter_19,60,90,67,5.687402798015967e-07,0.0004996895084266748,0.002655717312526791,1.2114554744572892e-07,0.00024038930327992941,0.0013062506914138794
512,0,smooth_512,19,smooth_512/iter_19,90,120,102,1.2540073443942707e-07,0.00028940817044001074,0.0008766758964390935,7.704518900902152e-09,7.206503776650803e-05,0.0002117101103067398
512,0,smooth_512,19,smooth_512/iter_19,120,150,102,1.76747857445806e-07,0.00033876697711173956,0.0014385027748112997,3.803063269190714e-08,0.0001462558923544837,0.000590544193983078
512,0,smooth_512,19,smooth_512/iter_19,150,180,76,1.064315838424466e-06,0.0008003510616206295,0.004101338979759853,8.584836632716418e-08,0.00020285062878668358,0.0009622350335121155
512,0,smooth_512,19,smooth_512/iter_19,180,210,78,1.2919774557856152e-06,0.0008408672799424624,0.004448433493139184,1.1402322505343162e-07,0.00023659955704948888,0.001367233693599701
512,0,smooth_512,19,smooth_512/iter_19,210,240,102,1.7674785744580596e-07,0.00033876697711173967,0.0014385027748112997,3.7676572518910584e-08,0.000141200235150024,0.0006254222244024277
512,0,smooth_512,19,smooth_512/iter_19,240,270,102,1.2540073443942707e-07,0.0002894081704400107,0.0008766758964390935,1.1459656725537192e-08,8.451400836016618e-05,0.00027937255799770355
512,0,smooth_512,19,smooth_512/iter_19,270,300,67,5.687402798015967e-07,0.0004996895084266748,0.002655717312526791,8.785789850746838e-08,0.00023379779130623524,0.0007688775658607483
512,0,smooth_512,19,smooth_512/iter_19,300,330,82,5.906972446532461e-07,0.0004507203309881572,0.0035035083310455684,1.2940508492582377e-07,0.0002691694244276732,0.0011530891060829163
512,0,smooth_512,19,smooth_512/iter_19,330,360,97,2.729259689110699e-07,0.00041407393371718,0.0014551336799792352,1.9351328704026265e-08,0.00010747925291970833,0.0004042377695441246
512,0,smooth_512,20,smooth_512/iter_20,0,30,98,2.6666725388401793e-07,0.00040739945423424583,0.0014404241050805476,1.3930432863840869e-08,8.642880664188035e-05,0.00039877649396657944
512,0,smooth_512,20,smooth_512/iter_20,30,60,82,5.954667992969855e-07,0.0004515501459552225,0.003526552460832985,1.5723035651322455e-07,0.0002768810848398816,0.0013792887330055237
512,0,smooth_512,20,smooth_512/iter_20,60,90,67,5.707790287198911e-07,0.000498923859832459,0.0026694811334385324,1.2066358350004397e-07,0.0002401519411264349,0.0012915581464767456
512,0,smooth_512,20,smooth_512/iter_20,90,120,102,1.2539783818093703e-07,0.00028913794745355,0.0008783586601976943,7.676008384684388e-09,7.191668355873986e-05,0.00021018274128437042
512,0,smooth_512,20,smooth_512/iter_20,120,150,102,1.7621902648926242e-07,0.00033849432648599856,0.0014324950540572437,3.8023478733279304e-08,0.0001462949165964828,0.000588754191994667
512,0,smooth_512,20,smooth_512/iter_20,150,180,76,1.0535126220038843e-06,0.0007909760144330625,0.004132517659411528,8.444797681997334e-08,0.00020214828902297946,0.0009338483214378357
512,0,smooth_512,20,smooth_512/iter_20,180,210,78,1.2855260283199298e-06,0.0008322018067652915,0.004483939173422963,1.1207480039708046e-07,0.00023507604204589882,0.00136663019657135
512,0,smooth_512,20,smooth_512/iter_20,210,240,102,1.7621902648926242e-07,0.0003384943264859985,0.0014324950540572437,3.762959868161111e-08,0.0001411903193037884,0.0006225742399692535
512,0,smooth_512,20,smooth_512/iter_20,240,270,102,1.2539783818093705e-07,0.00028913794745355,0.0008783586601976943,1.1498353194768744e-08,8.464559876159125e-05,0.00027919746935367584
512,0,smooth_512,20,smooth_512/iter_20,270,300,67,5.70779028719891e-07,0.000498923859832459,0.0026694811334385324,8.754983409015383e-08,0.00023336960532730307,0.0007805377244949341
512,0,smooth_512,20,smooth_512/iter_20,300,330,82,5.954667992969855e-07,0.0004515501459552224,0.003526552460832985,1.3004561301609042e-07,0.0002691151578513133,0.0011486560106277466
512,0,smooth_512,20,smooth_512/iter_20,330,360,97,2.694158947503234e-07,0.0004115272175244126,0.0014404241050805476,1.929055088893597e-08,0.00010750010686436879,0.00040330830961465836
512,1,acute_512,1,acute_512/iter_1,0,30,123,4.059391484070728e-07,0.0004856529000355223,0.0016228316245954395,5.697432261112345e-08,0.00018825623532378578,0.0005557993426918983
512,1,acute_512,1,acute_512/iter_1,30,60,94,7.952837342185906e-06,0.0015515723948292324,0.010087921618080059,1.2702206372551207e-05,0.0016738462484468945,0.01841948926448822
512,1,acute_512,1,acute_512/iter_1,60,90,87,1.5398815875819962e-05,0.0032451082823835562,0.0101110205377819,3.336372857273849e-05,0.0021646877465737535,0.044420525431632996
512,1,acute_512,1,acute_512/iter_1,90,120,119,3.828857672133588e-06,0.0012369103018896915,0.005823600566759294,4.578779306440171e-08,0.00016709532933074887,0.0006161080673336983
512,1,acute_512,1,acute_512/iter_1,120,150,125,1.1312590191714771e-06,0.0006117908016822714,0.0038234544960058098,4.7270960772893835e-08,0.0001594686955213547,0.0006363987922668457
512,1,acute_512,1,acute_512/iter_1,150,180,76,3.469217473060832e-05,0.0051442260299191704,0.011224710282923892,3.586700055817969e-05,0.002089664112741287,0.03715077042579651
512,1,acute_512,1,acute_512/iter_1,180,210,78,3.3888625653720365e-05,0.005052642788889285,0.011224710282923892,2.952164520049049e-05,0.0020240051845366205,0.030551254749298096
512,1,acute_512,1,acute_512/iter_1,210,240,125,1.131259019171477e-06,0.0006117908016822714,0.0038234544960058098,5.321220661780313e-08,0.00017530733346939086,0.0005700429901480675
512,1,acute_512,1,acute_512/iter_1,240,270,119,3.828857672133588e-06,0.0012369103018896913,0.005823600566759294,2.743933130195041e-08,0.00012814583835982476,0.0005488758906722069
512,1,acute_512,1,acute_512/iter_1,270,300,87,1.5398815875819965e-05,0.003245108282383555,0.0101110205377819,5.318571231229922e-05,0.002774118969682604,0.04381479322910309
512,1,acute_512,1,acute_512/iter_1,300,330,94,7.952837342185906e-06,0.0015515723948292324,0.010087921618080059,1.55244287930391e-05,0.001757831332995804,0.02236315608024597
512,1,acute_512,1,acute_512/iter_1,330,360,121,4.0914074461540456e-07,0.0004882514030499005,0.0016228316245954395,6.501085117265032e-08,0.00019667470781517424,0.0006549647077918053
512,1,acute_512,2,acute_512/iter_2,0,30,123,7.178980017050534e-07,0.0006031761093904276,0.0023173511340085114,6.031322495799974e-08,0.00018933067870576206,0.0007522786036133766
512,1,acute_512,2,acute_512/iter_2,30,60,94,9.723983643289252e-06,0.002047439577748787,0.009926474222239329,9.077934527648933e-06,0.0015532725019704928,0.014699786901473999
512,1,acute_512,2,acute_512/iter_2,60,90,87,1.6779557385715755e-05,0.0036142788904795034,0.009441146092013547,2.609596892544378e-05,0.0018433289991788052,0.03987312316894531
512,1,acute_512,2,acute_512/iter_2,90,120,119,2.885207609884705e-06,0.001090752367980301,0.005801321931990195,3.366304902652124e-08,0.00014307990106714874,0.000564216636121273
512,1,acute_512,2,acute_512/iter_2,120,150,125,1.0591097981338963e-06,0.0006157417438500379,0.004274668931028326,2.952584755891441e-08,0.00012645083665847778,0.0005459506064653397
512,1,acute_512,2,acute_512/iter_2,150,180,76,2.6200023647941915e-05,0.004390013360780393,0.010829725628476533,3.423959387513071e-05,0.0019242340803382256,0.0341634601354599
512,1,acute_512,2,acute_512/iter_2,180,210,78,2.5785456592638177e-05,0.004354225848319084,0.010829725628476533,2.3457211632340056e-05,0.0016348231637936968,0.02870228886604309
512,1,acute_512,2,acute_512/iter_2,210,240,125,1.0591097981338961e-06,0.0006157417438500377,0.004274668931028326,4.6196517352520285e-08,0.000166323721408844,0.0005791280418634415
512,1,acute_512,2,acute_512/iter_2,240,270,119,2.885207609884705e-06,0.0010907523679803007,0.005801321931990195,2.36906930191991e-08,0.00012019284445197642,0.0005521150305867195
512,1,acute_512,2,acute_512/iter_2,270,300,87,1.6779557385715748e-05,0.003614278890479502,0.009441146092013547,4.07466915072095e-05,0.002368555521330229,0.03792169690132141
512,1,acute_512,2,acute_512/iter_2,300,330,94,9.723983643289254e-06,0.002047439577748787,0.009926474222239329,1.1859500493517135e-05,0.0015896358531887365,0.019890710711479187
512,1,acute_512,2,acute_512/iter_2,330,360,121,7.250878508040018e-07,0.000606870239817809,0.0023173511340085114,6.6264088133942e-08,0.000189543024382808,0.0008543459698557854
512,1,acute_512,3,acute_512/iter_3,0,30,123,8.463815426052491e-07,0.0006445376684181799,0.002470242889249883,5.414095336410255e-08,0.00017667939598725094,0.0008041476830840111
512,1,acute_512,3,acute_512/iter_3,30,60,94,1.1989747901244023e-05,0.002332342955798426,0.012044898783859892,7.4691887314795065e-06,0.001485244408615201,0.01326875388622284
512,1,acute_512,3,acute_512/iter_3,60,90,87,1.8285303406417332e-05,0.003577029410613903,0.010857472937111985,2.4312208320512672e-05,0.001760830574845574,0.03562656044960022
512,1,acute_512,3,acute_512/iter_3,90,120,119,1.0575601421083856e-06,0.0006953790106606756,0.004006196222490783,2.544832879395569e-08,0.00012807784398563768,0.00044644996523857117
512,1,acute_512,3,acute_512/iter_3,120,150,125,6.756269509245697e-07,0.0005201106402405259,0.003588652166756799,1.9795213878764927e-08,0.00010869789123535156,0.00041189044713974
512,1,acute_512,3,acute_512/iter_3,150,180,76,1.262195956512686e-05,0.0026591099617394123,0.011555704387847587,2.2388616153441304e-05,0.0014655125922122113,0.03149496018886566
512,1,acute_512,3,acute_512/iter_3,180,210,78,1.3300577962877757e-05,0.0027507472319402452,0.011555704387847587,1.929505285256623e-05,0.001346678997857126,0.026933521032333374
512,1,acute_512,3,acute_512/iter_3,210,240,125,6.756269509245698e-07,0.0005201106402405259,0.003588652166756799,3.0988690745470396e-08,0.00014056524634361268,0.0004486897960305214
512,1,acute_512,3,acute_512/iter_3,240,270,119,1.0575601421083852e-06,0.0006953790106606756,0.004006196222490783,1.8550279530626702e-08,0.0001093416373018457,0.0004311436787247658
512,1,acute_512,3,acute_512/iter_3,270,300,87,1.8285303406417336e-05,0.003577029410613902,0.010857472937111985,2.8472269929804513e-05,0.0019790819737706975,0.033608898520469666
512,1,acute_512,3,acute_512/iter_3,300,330,94,1.1989747901244027e-05,0.0023323429557984264,0.012044898783859892,9.289011099795976e-06,0.001523532565810688,0.01741383969783783
512,1,acute_512,3,acute_512/iter_3,330,360,121,8.545837933582421e-07,0.0006482040005623458,0.002470242889249883,6.276135423610162e-08,0.0001805658290578314,0.0009064031764864922
512,1,acute_512,4,acute_512/iter_4,0,30,123,9.796960911373814e-07,0.0007071618215762568,0.0026684824691772004,5.32242266678548e-08,0.00017224834489870848,0.0008522411808371544
512,1,acute_512,4,acute_512/iter_4,30,60,94,1.3270083539325626e-05,0.0024124712001322712,0.01428988568724407,6.047550126420514e-06,0.0014384677440133639,0.011497169733047485
512,1,acute_512,4,acute_512/iter_4,60,90,87,2.030236412340028e-05,0.0035786842760213346,0.012308719371714065,2.2429994631068396e-05,0.001745443616528064,0.031908512115478516
512,1,acute_512,4,acute_512/iter_4,90,120,119,3.6761924094098145e-07,0.0004652396316453312,0.0022503536844959027,2.136590762760644e-08,0.00011747123814430557,0.0003978423774242401
512,1,acute_512,4,acute_512/iter_4,120,150,125,5.987575106515849e-07,0.0005323838458958261,0.0030502809162165877,2.100772070809387e-08,0.00011205969750881194,0.00046557560563087463
512,1,acute_512,4,acute_512/iter_4,150,180,76,8.312200193159328e-06,0.0017538366926562487,0.012148130856180717,1.382725620847091e-05,0.0010813911114957208,0.028796687722206116
512,1,acute_512,4,acute_512/iter_4,180,210,78,1.0128918077787899e-05,0.0019370041179287893,0.012148130856180717,1.57875254996436e-05,0.0011866394968073552,0.025310635566711426
512,1,acute_512,4,acute_512/iter_4,210,240,125,5.987575106515851e-07,0.000532383845895826,0.0030502809162165877,2.7293707904774146e-08,0.00012883549928665162,0.00041475333273410797
512,1,acute_512,4,acute_512/iter_4,240,270,119,3.6761924094098156e-07,0.0004652396316453312,0.0022503536844959027,1.544700313966163e-08,9.85593636747168e-05,0.00032282527536153793
512,1,acute_512,4,acute_512/iter_4,270,300,87,2.030236412340028e-05,0.0035786842760213355,0.012308719371714065,2.0843512553482106e-05,0.001703293294908115,0.030058756470680237
512,1,acute_512,4,acute_512/iter_4,300,330,94,1.3270083539325624e-05,0.0024124712001322712,0.01428988568724407,6.3050672077605205e-06,0.0013889649075126533,0.013646304607391357
512,1,acute_512,4,acute_512/iter_4,330,360,121,9.89086288477159e-07,0.0007112710510348261,0.0026684824691772004,6.458714846316803e-08,0.00018161423658290184,0.000967114232480526
512,1,acute_512,5,acute_512/iter_5,0,30,123,1.066047158605476e-06,0.0007480624996488836,0.0029124528439987835,5.5978987704036276e-08,0.00016973406167292013,0.0008823061361908913
512,1,acute_512,5,acute_512/iter_5,30,60,94,1.3748816541983164e-05,0.002406498282633629,0.016129032327351855,4.573591815638068e-06,0.0013367559844714668,0.010667547583580017
512,1,acute_512,5,acute_512/iter_5,60,90,87,2.1305301748201103e-05,0.0035580992692707293,0.012133334677314814,1.8764484858711905e-05,0.0017101862916091308,0.028684720396995544
512,1,acute_512,5,acute_512/iter_5,90,120,119,2.5181289191849117e-07,0.00040540706307924467,0.0017594368579103396,1.873244099948396e-08,0.00010904261231923304,0.0003722775727510452
512,1,acute_512,5,acute_512/iter_5,120,150,125,6.210939906741961e-07,0.0005579021971600299,0.0033332669233471154,2.3611224461927983e-08,0.00011829319596290588,0.000512249767780304
512,1,acute_512,5,acute_512/iter_5,150,180,76,8.075394347313418e-06,0.0015524369219105981,0.012638941721719088,9.875856998046061e-06,0.0008660643570213946,0.02506062388420105
512,1,acute_512,5,acute_512/iter_5,180,210,78,1.1028914426927413e-05,0.0017969942186248694,0.012638941721719088,1.3458890635134149e-05,0.0010956612213004308,0.02389657497406006
512,1,acute_512,5,acute_512/iter_5,210,240,125,6.210939906741961e-07,0.0005579021971600299,0.0033332669233471154,2.9033289898172666e-08,0.00013313081860542297,0.0004431791603565216
512,1,acute_512,5,acute_512/iter_5,240,270,119,2.518128919184911e-07,0.00040540706307924456,0.0017594368579103396,1.4149667481788276e-08,9.225254111430225e-05,0.00035143643617630005
512,1,acute_512,5,acute_512/iter_5,270,300,87,2.1305301748201103e-05,0.0035580992692707293,0.012133334677314814,1.6180901939870817e-05,0.0015525398635433923,0.02723740041255951
512,1,acute_512,5,acute_512/iter_5,300,330,94,1.3748816541983167e-05,0.002406498282633629,0.016129032327351855,4.635433987569654e-06,0.001282166373052763,0.01305323839187622
512,1,acute_512,5,acute_512/iter_5,330,360,121,1.0759600655847878e-06,0.0007523567061768929,0.0029124528439987835,6.907385808637402e-08,0.00018454873395606507,0.0010023536160588264
512,1,acute_512,6,acute_512/iter_6,0,30,123,1.084682173398261e-06,0.000757758811098605,0.003045223020547107,6.002631322754305e-08,0.00016907435213404942,0.0009150942787528038
512,1,acute_512,6,acute_512/iter_6,30,60,94,1.4033471677112466e-05,0.0023960800551040278,0.017630194112050912,3.6540764339959823e-06,0.0012517906630974006,0.010167211294174194
512,1,acute_512,6,acute_512/iter_6,60,90,87,2.174075754512568e-05,0.0035125557568943112,0.012894944826618376,1.5977680446159287e-05,0.0017082107102166563,0.025917649269104004
512,1,acute_512,6,acute_512/iter_6,90,120,119,2.388912472984639e-07,0.00040178346979269244,0.0015890055010769882,1.7371944052153364e-08,0.0001044539625153822,0.00040058232843875885
512,1,acute_512,6,acute_512/iter_6,120,150,125,6.181642843733033e-07,0.0005619187698543888,0.0034062937690116472,2.6494041862917818e-08,0.00012797416746616362,0.0005469135940074921
512,1,acute_512,6,acute_512/iter_6,150,180,76,8.521670151645438e-06,0.001466957853612427,0.01304279266276745,7.36244157168676e-06,0.0007657533426122667,0.021564215421676636
512,1,acute_512,6,acute_512/iter_6,180,210,78,1.2588424730074054e-05,0.0017599064688106976,0.013852487413729686,1.1749745136004845e-05,0.001063388780704162,0.022609248757362366
512,1,acute_512,6,acute_512/iter_6,210,240,125,6.181642843733032e-07,0.0005619187698543888,0.0034062937690116472,3.192792906148156e-08,0.00014027343690395356,0.00047146156430244446
512,1,acute_512,6,acute_512/iter_6,240,270,119,2.3889124729846393e-07,0.00040178346979269244,0.0015890055010769882,1.4032373333129774e-08,9.056991514037637e-05,0.0003783274441957474
512,1,acute_512,6,acute_512/iter_6,270,300,87,2.174075754512568e-05,0.0035125557568943125,0.012894944826618376,1.246504184797187e-05,0.0014727813982533227,0.02481415867805481
512,1,acute_512,6,acute_512/iter_6,300,330,94,1.4033471677112466e-05,0.002396080055104028,0.017630194112050912,4.0843797243146295e-06,0.0012462618270024479,0.01247522234916687
512,1,acute_512,6,acute_512/iter_6,330,360,121,1.0941104858013189e-06,0.0007618063081528376,0.003045223020547107,7.429637229517201e-08,0.00018840345500175618,0.0010359538719058037
512,1,acute_512,7,acute_512/iter_7,0,30,123,1.0680485571510586e-06,0.0007514113429252921,0.0030779829324456102,6.446750142514759e-08,0.00017032043145197195,0.000949331559240818
512,1,acute_512,7,acute_512/iter_7,30,60,94,1.4346182449868215e-05,0.002396097004835585,0.01884962542883925,3.347912005723965e-06,0.0012200690235910402,0.009973689913749695
512,1,acute_512,7,acute_512/iter_7,60,90,87,2.208222635649038e-05,0.003475722914794952,0.01477140585391376,1.3291238196982712e-05,0.0016718393736304823,0.023566007614135742
512,1,acute_512,7,acute_512/iter_7,90,120,119,2.2279129661036198e-07,0.00039616995287362466,0.001426620664026967,1.6909667563735208e-08,0.0001028974642272757,0.00040916725993156433
512,1,acute_512,7,acute_512/iter_7,120,150,125,5.927099018625298e-07,0.0005581421768346855,0.003293502383315078,2.9601268019707748e-08,0.0001371927708387375,0.0005757864564657211
512,1,acute_512,7,acute_512/iter_7,150,180,76,8.997985519932523e-06,0.0014066645107493538,0.013372111724079816,5.759582542564219e-06,0.0007238877827292431,0.018636032938957214
512,1,acute_512,7,acute_512/iter_7,180,210,78,1.4108143370828386e-05,0.0017390480511481322,0.015714274374728332,1.0525653209859305e-05,0.001044646224330884,0.02147775888442993
512,1,acute_512,7,acute_512/iter_7,210,240,125,5.927099018625297e-07,0.0005581421768346854,0.003293502383315078,3.4706617513480255e-08,0.0001461953669786453,0.0004968959838151932
512,1,acute_512,7,acute_512/iter_7,240,270,119,2.2279129661036198e-07,0.0003961699528736247,0.001426620664026967,1.465155415485317e-08,9.113946193907442e-05,0.00038637779653072357
512,1,acute_512,7,acute_512/iter_7,270,300,87,2.2082226356490385e-05,0.0034757229147949543,0.01477140585391376,1.0530135701893428e-05,0.001482391127133635,0.02274717390537262
512,1,acute_512,7,acute_512/iter_7,300,330,94,1.434618244986821e-05,0.002396097004835585,0.01884962542883925,3.9756458661962e-06,0.0012602532049331397,0.012132450938224792
512,1,acute_512,7,acute_512/iter_7,330,360,121,1.0765225120140945e-06,0.0007550199372182218,0.0030779829324456102,7.961999232175938e-08,0.00019241990290643754,0.0010697199031710625
512,1,acute_512,8,acute_512/iter_8,0,30,123,1.0444104995924443e-06,0.0007391946068866168,0.003073722833449411,6.848173576247199e-08,0.00017332287914142375,0.0009747417643666267
512,1,acute_512,8,acute_512/iter_8,30,60,94,1.468076217122903e-05,0.0023942735667322078,0.01983626186663584,3.3696358855063046e-06,0.0012473845759968947,0.009794220328330994
512,1,acute_512,8,acute_512/iter_8,60,90,87,2.2439123812576904e-05,0.0034556665617924173,0.01641873915106659,1.0825303084981738e-05,0.0015976124934199128,0.021583199501037598
512,1,acute_512,8,acute_512/iter_8,90,120,119,2.0651416140599276e-07,0.0003799866869161748,0.0013106469162396453,1.6925992916248787e-08,0.00010254700519457584,0.0004228651523590088
512,1,acute_512,8,acute_512/iter_8,120,150,125,5.630142007097154e-07,0.0005539657416946741,0.0031393979245137663,3.2470605286522013e-08,0.00014418618381023407,0.000599859282374382
512,1,acute_512,8,acute_512/iter_8,150,180,76,9.459591961748465e-06,0.0013568906019443116,0.014063970874773984,4.547401475070211e-06,0.0006853004415461328,0.01631423830986023
512,1,acute_512,8,acute_512/iter_8,180,210,78,1.5512167300637296e-05,0.001721569417186905,0.017250721683889636,9.712057179516182e-06,0.0010327172477935585,0.020496279001235962
512,1,acute_512,8,acute_512/iter_8,210,240,125,5.630142007097155e-07,0.0005539657416946739,0.0031393979245137663,3.6986489286572334e-08,0.000150513231754303,0.0005194395780563354
512,1,acute_512,8,acute_512/iter_8,240,270,119,2.0651416140599279e-07,0.00037998668691617484,0.0013106469162396453,1.5700143809968514e-08,9.326167216821879e-05,0.0004080291837453842
512,1,acute_512,8,acute_512/iter_8,270,300,87,2.2439123812576904e-05,0.003455666561792418,0.01641873915106659,9.444814718693881e-06,0.001465839747976426,0.02100411057472229
512,1,acute_512,8,acute_512/iter_8,300,330,94,1.4680762171229035e-05,0.0023942735667322073,0.01983626186663584,4.038690837800587e-06,0.0012796250018080636,0.011852696537971497
512,1,acute_512,8,acute_512/iter_8,330,360,121,1.0519147334990742e-06,0.0007423263256614118,0.003073722833449411,8.418756518989921e-08,0.0001955006564082193,0.001094273291528225
512,1,acute_512,9,acute_512/iter_9,0,30,123,1.0240670922553905e-06,0.0007259982551019878,0.0030567763013595404,7.178280614318638e-08,0.00017672509893896135,0.0009871674701571465
512,1,acute_512,9,acute_512/iter_9,30,60,94,1.4999714669608652e-05,0.002389423170309947,0.02063218994585042,3.475378976713867e-06,0.0012768261793176048,0.009632721543312073
512,1,acute_512,9,acute_512/iter_9,60,90,87,2.277079058548994e-05,0.0034451277427410116,0.017855155443112836,9.211433410749e-06,0.0015346174490980633,0.01992058753967285
512,1,acute_512,9,acute_512/iter_9,90,120,119,1.9549764850645774e-07,0.0003641124101096729,0.0012349251043615797,1.7296105708611778e-08,0.00010282627674711853,0.0004499070346355438
512,1,acute_512,9,acute_512/iter_9,120,150,125,5.355710325652015e-07,0.0005489993603165226,0.0029923447064596383,3.487468692570106e-08,0.00014987024664878844,0.000618690624833107
512,1,acute_512,9,acute_512/iter_9,150,180,76,9.887991306978014e-06,0.0013157729537383964,0.01467907689115086,3.692050765821486e-06,0.0006619441090534613,0.014326781034469604
512,1,acute_512,9,acute_512/iter_9,180,210,78,1.6770447408697144e-05,0.0017068713788052237,0.018514091214460487,9.117226582870011e-06,0.0010198429669029652,0.019680246710777283
512,1,acute_512,9,acute_512/iter_9,210,240,125,5.355710325652015e-07,0.0005489993603165226,0.0029923447064596383,3.8719889265431684e-08,0.0001540325731039047,0.000537969172000885
512,1,acute_512,9,acute_512/iter_9,240,270,119,1.9549764850645774e-07,0.0003641124101096729,0.0012349251043615797,1.6912583919500868e-08,9.647456287335949e-05,0.0004330333322286606
512,1,acute_512,9,acute_512/iter_9,270,300,87,2.2770790585489937e-05,0.0034451277427410124,0.017855155443112836,8.678355835727792e-06,0.0014720095780506816,0.01954112946987152
512,1,acute_512,9,acute_512/iter_9,300,330,94,1.4999714669608649e-05,0.002389423170309946,0.02063218994585042,4.031629359092035e-06,0.0013031816372259006,0.011609047651290894
512,1,acute_512,9,acute_512/iter_9,330,360,121,1.0307459758917236e-06,0.0007286858962934252,0.0030567763013595404,8.767502906973587e-08,0.00019802252400266237,0.0011053988710045815
512,1,acute_512,10,acute_512/iter_10,0,30,123,1.0080757909124978e-06,0.0007169438780843658,0.003036168290065531,7.447821837944184e-08,0.00018000517161638756,0.0009892219677567482
512,1,acute_512,10,acute_512/iter_10,30,60,94,1.5284182744419096e-05,0.0023862974890098325,0.021273350619750303,3.6097615863985535e-06,0.0012965951456398546,0.00949031114578247
512,1,acute_512,10,acute_512/iter_10,60,90,87,2.3041974147851447e-05,0.003432288816553367,0.019095306909015036,8.168494516931723e-06,0.0014856315302212947,0.018583908677101135
512,1,acute_512,10,acute_512/iter_10,90,120,119,1.8903162966162352e-07,0.0003513677179372035,0.0011845379656878641,1.7834785733655263e-08,0.00010312419040363376,0.0004733223468065262
512,1,acute_512,10,acute_512/iter_10,120,150,125,5.114756934130212e-07,0.0005424139040206898,0.002860367562517327,3.68295126135787e-08,0.00015430827438831329,0.0006324741989374161
512,1,acute_512,10,acute_512/iter_10,150,180,76,1.0265118230182982e-05,0.0012894101339329528,0.015183906215325033,3.1837487125860975e-06,0.0006573364518867732,0.012671440839767456
512,1,acute_512,10,acute_512/iter_10,180,210,78,1.7866446413909475e-05,0.0017019302708429175,0.019553153454753086,8.658473995442455e-06,0.0010051988149196124,0.018997594714164734
512,1,acute_512,10,acute_512/iter_10,210,240,125,5.114756934130212e-07,0.0005424139040206898,0.002860367562517327,4.00520120795167e-08,0.00015701809525489808,0.0005520954728126526
512,1,acute_512,10,acute_512/iter_10,240,270,119,1.8903162966162347e-07,0.00035136771793720356,0.0011845379656878641,1.812399506818229e-08,9.968516831638433e-05,0.00045468658208847046
512,1,acute_512,10,acute_512/iter_10,270,300,87,2.3041974147851447e-05,0.003432288816553366,0.019095306909015036,7.98331011829433e-06,0.0014561885056599718,0.018317297101020813
512,1,acute_512,10,acute_512/iter_10,300,330,94,1.52841827444191e-05,0.0023862974890098325,0.021273350619750303,4.035600493048477e-06,0.0013191373924355697,0.011399567127227783
512,1,acute_512,10,acute_512/iter_10,330,360,121,1.0140788540759068e-06,0.0007192958889658925,0.003036168290065531,9.027422972434547e-08,0.0002002721683176096,0.0011061402037739754
512,1,acute_512,11,acute_512/iter_11,0,30,123,9.951284658364258e-07,0.0007093131359634641,0.0030151310208749067,7.655853368129563e-08,0.00018262424756114077,0.0009848205372691154
512,1,acute_512,11,acute_512/iter_11,30,60,94,1.5527641950481856e-05,0.002384274835294624,0.021790023460675295,3.703246120441039e-06,0.0013119831903864868,0.009367048740386963
512,1,acute_512,11,acute_512/iter_11,60,90,87,2.3245173803247336e-05,0.0034168716168224127,0.02015487802857091,7.465441498642888e-06,0.001447471754555858,0.01749613881111145
512,1,acute_512,11,acute_512/iter_11,90,120,119,1.8529543548444372e-07,0.00034364259504386137,0.0011477152410578131,1.8414197576856346e-08,0.00010353362798189916,0.0004930812865495682
512,1,acute_512,11,acute_512/iter_11,120,150,125,4.905321819355025e-07,0.000535972333356077,0.002740925758712362,3.837678028786873e-08,0.00015769456326961517,0.000641675665974617
512,1,acute_512,11,acute_512/iter_11,150,180,76,1.0588777492561575e-05,0.0012683632655745938,0.015600589502173468,2.8160462644222014e-06,0.0006441603206775127,0.0113038569688797
512,1,acute_512,11,acute_512/iter_11,180,210,78,1.8805883373445543e-05,0.0016984034774234064,0.020409905646464332,8.32091725611177e-06,0.000993640361486588,0.018425658345222473
512,1,acute_512,11,acute_512/iter_11,210,240,125,4.905321819355026e-07,0.0005359723333560771,0.002740925758712362,4.106091184052918e-08,0.00015943077206611634,0.0005619395524263382
512,1,acute_512,11,acute_512/iter_11,240,270,119,1.852954354844437e-07,0.00034364259504386137,0.0011477152410578131,1.9237313753760746e-08,0.0001027989005591689,0.0004731547087430954
512,1,acute_512,11,acute_512/iter_11,270,300,87,2.324517380324734e-05,0.0034168716168224127,0.02015487802857091,7.491730634562804e-06,0.0014471729177628354,0.01729637384414673
512,1,acute_512,11,acute_512/iter_11,300,330,94,1.5527641950481863e-05,0.0023842748352946234,0.021790023460675295,4.05208889553393e-06,0.0013356295498174694,0.011221691966056824
512,1,acute_512,11,acute_512/iter_11,330,360,121,1.0005752291099671e-06,0.0007113870701829639,0.0030151310208749067,9.215163747819658e-08,0.0002020033969243696,0.0011003194376826286
512,1,acute_512,12,acute_512/iter_12,0,30,123,9.8379092686077e-07,0.0007032103224227787,0.0029947393532423414,7.815986925410492e-08,0.00018473660830802064,0.00097684096544981
512,1,acute_512,12,acute_512/iter_12,30,60,94,1.572933988657465e-05,0.0023888775073544403,0.02220723111518244,3.7698743479107454e-06,0.0013296548380860762,0.00926247239112854
512,1,acute_512,12,acute_512/iter_12,60,90,87,2.338692801698229e-05,0.0033956194624795225,0.02105180194529832,6.981616780119283e-06,0.0014141764586802102,0.016593068838119507
512,1,acute_512,12,acute_512/iter_12,90,120,119,1.8308290124626187e-07,0.00033942664633905155,0.00112041650791855,1.8966106454932684e-08,0.00010397174090397458,0.0005102120339870453
512,1,acute_512,12,acute_512/iter_12,120,150,125,4.725002465175764e-07,0.0005293396626212541,0.002631240003852049,3.9567139743984515e-08,0.00016011491417884825,0.0006471835076808929
512,1,acute_512,12,acute_512/iter_12,150,180,76,1.0861892213460053e-05,0.001252559559953376,0.015946324371761578,2.586429024731658e-06,0.0006294663052310506,0.010440543293952942
512,1,acute_512,12,acute_512/iter_12,180,210,78,1.960201544313634e-05,0.001696908249586904,0.021117919741654362,8.033671980510372e-06,0.0009876668584930042,0.01794871687889099
512,1,acute_512,12,acute_512/iter_12,210,240,125,4.7250024651757643e-07,0.0005293396626212543,0.002631240003852049,4.175370152822988e-08,0.00016098965704441071,0.000568632036447525
512,1,acute_512,12,acute_512/iter_12,240,270,119,1.8308290124626184e-07,0.00033942664633905155,0.00112041650791855,2.0220281345449803e-08,0.00010568852058979643,0.0004892386496067047
512,1,acute_512,12,acute_512/iter_12,270,300,87,2.3386928016982287e-05,0.0033956194624795225,0.02105180194529832,7.102892852190261e-06,0.001431986621993155,0.01644696295261383
512,1,acute_512,12,acute_512/iter_12,300,330,94,1.5729339886574656e-05,0.00238887750735444,0.02220723111518244,4.07144659341398e-06,0.0013490848228065397,0.011072471737861633
512,1,acute_512,12,acute_512/iter_12,330,360,121,9.887647469159037e-07,0.0007050584194140713,0.0029947393532423414,9.348349343432528e-08,0.0002037659672296737,0.001091047190129757
512,1,acute_512,13,acute_512/iter_13,0,30,123,9.733073231721021e-07,0.0006987137562040216,0.0029754903320485526,7.937122886518888e-08,0.0001863299422268945,0.0009670713916420937
512,1,acute_512,13,acute_512/iter_13,30,60,94,1.5891849871903593e-05,0.002394638838758868,0.022545840330022493,3.822246454700122e-06,0.001345033485391623,0.009175732731819153
512,1,acute_512,13,acute_512/iter_13,60,90,87,2.3476291838199792e-05,0.0033686785098160366,0.02180598429399999,6.674811812068953e-06,0.0013966431443836413,0.015844479203224182
512,1,acute_512,13,acute_512/iter_13,90,120,119,1.8171446391086945e-07,0.00033705509802610227,0.0011005298735249532,1.945985910282731e-08,0.00010442793244073371,0.0005250070244073868
512,1,acute_512,13,acute_512/iter_13,120,150,125,4.5687888241807547e-07,0.0005228193103200829,0.0025297335631645906,4.045224771559441e-08,0.00016182602941989898,0.0006500724703073502
512,1,acute_512,13,acute_512/iter_13,150,180,76,1.1089817684492849e-05,0.001240474509165039,0.016233989325997816,2.517324800799274e-06,0.0006221485851519423,0.010117396712303162
512,1,acute_512,13,acute_512/iter_13,180,210,78,2.027119085831398e-05,0.001696518178415391,0.021703477932821597,7.799025867632309e-06,0.0009806366864582882,0.017552390694618225
512,1,acute_512,13,acute_512/iter_13,210,240,125,4.5687888241807547e-07,0.0005228193103200829,0.0025297335631645906,4.2198766535522795e-08,0.00016203679144382476,0.0005725063383579254
512,1,acute_512,13,acute_512/iter_13,240,270,119,1.8171446391086947e-07,0.00033705509802610227,0.0011005298735249532,2.1060495602775354e-08,0.00010805253033377543,0.00050312839448452
512,1,acute_512,13,acute_512/iter_13,270,300,87,2.347629183819979e-05,0.0033686785098160366,0.02180598429399999,6.7904695935814015e-06,0.0014149924257138595,0.015741661190986633
512,1,acute_512,13,acute_512/iter_13,300,330,94,1.5891849871903593e-05,0.002394638838758868,0.022545840330022493,4.0937001919747365e-06,0.0013607966599359295,0.01094961166381836
512,1,acute_512,13,acute_512/iter_13,330,360,121,9.778698218174248e-07,0.0007003845710242316,0.0029754903320485526,9.438611385812055e-08,0.00020524469196550116,0.0010800780728459358
512,1,acute_512,14,acute_512/iter_14,0,30,123,9.632289502466068e-07,0.0006950860806800922,0.002957456646356986,8.02705914115998e-08,0.00018771861233120041,0.0009566592052578926
512,1,acute_512,14,acute_512/iter_14,30,60,94,1.601960754956646e-05,0.0023978032262535367,0.022821900834015668,3.857806201619996e-06,0.0013577569568061587,0.009105339646339417
512,1,acute_512,14,acute_512/iter_14,60,90,87,2.351997761001213e-05,0.0033380123700474354,0.022437848824912898,6.441876693362153e-06,0.0013834472348239145,0.015224426984786987
512,1,acute_512,14,acute_512/iter_14,90,120,119,1.8083588389526884e-07,0.00033550245022107093,0.0010864899885347345,1.9887101574591355e-08,0.00010483707262187444,0.0005379058420658112
512,1,acute_512,14,acute_512/iter_14,120,150,125,4.432075736101827e-07,0.0005167506433164983,0.0024358127357698763,4.108240881439684e-08,0.00016297391057014466,0.000650966539978981
512,1,acute_512,14,acute_512/iter_14,150,180,76,1.1279369866438448e-05,0.001230227844750051,0.016474185969689553,2.468261092617605e-06,0.0006188258957990911,0.009852051734924316
512,1,acute_512,14,acute_512/iter_14,180,210,78,2.083091843848859e-05,0.001695854606638787,0.0221879569322338,7.619603825334399e-06,0.0009749678453469338,0.017223849892616272
512,1,acute_512,14,acute_512/iter_14,210,240,125,4.4320757361018257e-07,0.0005167506433164983,0.0024358127357698763,4.244876433917577e-08,0.00016263683140277862,0.0005743652582168579
512,1,acute_512,14,acute_512/iter_14,240,270,119,1.8083588389526887e-07,0.000335502450221071,0.0010864899885347345,2.1770774380125005e-08,0.00010994920397506041,0.0005153492093086243
512,1,acute_512,14,acute_512/iter_14,270,300,87,2.3519977610012138e-05,0.0033380123700474354,0.022437848824912898,6.548383251193357e-06,0.0013988038127567492,0.01515662670135498
512,1,acute_512,14,acute_512/iter_14,300,330,94,1.6019607549566463e-05,0.002397803226253537,0.022821900834015668,4.116006510373982e-06,0.0013705315320700546,0.010849520564079285
512,1,acute_512,14,acute_512/iter_14,330,360,121,9.674288966912395e-07,0.0006966129687455218,0.002957456646356986,9.49800592753323e-08,0.00020642613237800678,0.001068602316081524
512,1,acute_512,15,acute_512/iter_15,0,30,123,9.533592028749256e-07,0.0006915225199882291,0.002940526964642573,8.092250803422121e-08,0.00018871538492479944,0.0009463401511311531
512,1,acute_512,15,acute_512/iter_15,30,60,94,1.611801101494637e-05,0.0023990541871179824,0.02304858578944044,3.875358872729315e-06,0.0013660217313024097,0.009049057960510254
512,1,acute_512,15,acute_512/iter_15,60,90,87,2.352468008260119e-05,0.003305290585738429,0.022967074751166855,6.255982202338529e-06,0.0013715013207321793,0.014711052179336548
512,1,acute_512,15,acute_512/iter_15,90,120,119,1.8024691563671516e-07,0.0003350273592394936,0.001076734108123192,2.0247044242874386e-08,0.0001051824602509747,0.0005492754280567169
512,1,acute_512,15,acute_512/iter_15,120,150,125,4.3107016879908483e-07,0.0005115549154451412,0.002349078831131701,4.151336878979728e-08,0.00016373656690120696,0.0006504785269498825
512,1,acute_512,15,acute_512/iter_15,150,180,76,1.1436931036988259e-05,0.00122376977971764,0.016675144671342873,2.4303427539237053e-06,0.000615747237469278,0.00963437557220459
512,1,acute_512,15,acute_512/iter_15,180,210,78,2.1297619825421975e-05,0.0016971901254725624,0.022588782880206604,7.481793063575176e-06,0.0009738445270415515,0.016952037811279297
512,1,acute_512,15,acute_512/iter_15,210,240,125,4.3107016879908494e-07,0.0005115549154451414,0.002349078831131701,4.2549316763340614e-08,0.00016285640001296997,0.0005749166011810303
512,1,acute_512,15,acute_512/iter_15,240,270,119,1.8024691563671514e-07,0.0003350273592394936,0.001076734108123192,2.235640209477693e-08,0.00011142368326667977,0.0005261097103357315
512,1,acute_512,15,acute_512/iter_15,270,300,87,2.352468008260119e-05,0.0033052905857384293,0.022967074751166855,6.354142628293751e-06,0.0013840309599810548,0.014671459794044495
512,1,acute_512,15,acute_512/iter_15,300,330,94,1.6118011014946375e-05,0.0023990541871179824,0.02304858578944044,4.137035720315538e-06,0.0013782277242268158,0.010769158601760864
512,1,acute_512,15,acute_512/iter_15,330,360,121,9.572338030112584e-07,0.0006929215084861815,0.002940526964642573,9.534546302488847e-08,0.00020727392840237658,0.0010574134066700935
512,1,acute_512,16,acute_512/iter_16,0,30,123,9.435874084778893e-07,0.0006878988931480135,0.002924680383151447,8.138944181346462e-08,0.0001895341764741797,0.000936661846935749
512,1,acute_512,16,acute_512/iter_16,30,60,94,1.6192250899463427e-05,0.0023989306613524,0.023235720541330523,3.889725462910278e-06,0.0013720584651541975,0.009004995226860046
512,1,acute_512,16,acute_512/iter_16,60,90,87,2.3496881684447314e-05,0.0032716871702647672,0.023411386966445985,6.105888523604417e-06,0.0013601377508710086,0.014286011457443237
512,1,acute_512,16,acute_512/iter_16,90,120,119,1.7982278841786563e-07,0.000335083585634881,0.0010700670784240876,2.0542020446322418e-08,0.00010555943458521066,0.000559292733669281
512,1,acute_512,16,acute_512/iter_16,120,150,125,4.20170831030293e-07,0.0005066086806331414,0.0022690431423447316,4.17769886374153e-08,0.00016419507563114166,0.0006490740925073624
512,1,acute_512,16,acute_512/iter_16,150,180,76,1.1567958364319078e-05,0.0012192793377725957,0.016843912478974127,2.4007786376430503e-06,0.0006128403591375038,0.009455859661102295
512,1,acute_512,16,acute_512/iter_16,180,210,78,2.1685831199034074e-05,0.0016990538714336996,0.022920589948204284,7.3753061383820936e-06,0.0009731039345542041,0.01672738790512085
512,1,acute_512,16,acute_512/iter_16,210,240,125,4.2017083103029305e-07,0.0005066086806331414,0.0022690431423447316,4.2535348731997934e-08,0.00016279049217700957,0.0005744509398937225
512,1,acute_512,16,acute_512/iter_16,240,270,119,1.7982278841786558e-07,0.00033508358563488083,0.0010700670784240876,2.283329404915792e-08,0.00011255941158082304,0.0005355626344680786
512,1,acute_512,16,acute_512/iter_16,270,300,87,2.349688168444732e-05,0.003271687170264768,0.023411386966445985,6.197345728688595e-06,0.0013715565577952255,0.014269202947616577
512,1,acute_512,16,acute_512/iter_16,300,330,94,1.619225089946342e-05,0.0023989306613523996,0.023235720541330523,4.15593433753884e-06,0.0013839560515987886,0.010705336928367615
512,1,acute_512,16,acute_512/iter_16,330,360,121,9.47168024117028e-07,0.000689182020448188,0.002924680383151447,9.553259257254136e-08,0.00020786377116422023,0.0010469155386090279
512,1,acute_512,17,acute_512/iter_17,0,30,123,9.339388452842748e-07,0.000684234527960498,0.002909818087451971,8.170789742319033e-08,0.000190231169202948,0.0009277230128645897
512,1,acute_512,17,acute_512/iter_17,30,60,94,1.624702157754284e-05,0.0023987525507995723,0.023391372663418175,3.90131968209186e-06,0.001376394207677259,0.008971601724624634
512,1,acute_512,17,acute_512/iter_17,60,90,87,2.3441904759270265e-05,0.0032379643288219383,0.023785883435709143,5.981519182539408e-06,0.0013490767216834444,0.013934105634689331
512,1,acute_512,17,acute_512/iter_17,90,120,119,1.794993155554034e-07,0.00033516708881898644,0.001065655738488585,2.078074247073021e-08,0.00010582978422401332,0.0005681701004505157
512,1,acute_512,17,acute_512/iter_17,120,150,125,4.1026021924317757e-07,0.000501892621984925,0.0021951540545503256,4.1922779140418644e-08,0.00016442257165908813,0.0006471183151006699
512,1,acute_512,17,acute_512/iter_17,150,180,76,1.1676549273171837e-05,0.0012156057911064677,0.016986126041488248,2.376983758458189e-06,0.000609902796177745,0.00930941104888916
512,1,acute_512,17,acute_512/iter_17,180,210,78,2.200788142399729e-05,0.0017005779348707247,0.0231956165856137,7.291633981612142e-06,0.0009720611637114929,0.016541823744773865
512,1,acute_512,17,acute_512/iter_17,210,240,125,4.102602192431775e-07,0.0005018926219849249,0.0021951540545503256,4.244147087520411e-08,0.00016253115236759187,0.0005733296275138855
512,1,acute_512,17,acute_512/iter_17,240,270,119,1.794993155554034e-07,0.00033516708881898644,0.001065655738488585,2.3220312591138582e-08,0.0001134428845233276,0.0005439296364784241
512,1,acute_512,17,acute_512/iter_17,270,300,87,2.3441904759270265e-05,0.0032379643288219383,0.023785883435709143,6.069920459158152e-06,0.001360466454215562,0.013935565948486328
512,1,acute_512,17,acute_512/iter_17,300,330,94,1.624702157754284e-05,0.0023987525507995723,0.023391372663418175,4.1724385580710165e-06,0.0013881276237488567,0.010655641555786133
512,1,acute_512,17,acute_512/iter_17,330,360,121,9.372506178065694e-07,0.0006854110785044847,0.002909818087451971,9.559190088232554e-08,0.00020826651814801633,0.0010373638942837715
512,1,acute_512,18,acute_512/iter_18,0,30,123,9.243941610574717e-07,0.0006807218901406091,0.00289575768266925,8.191629420377e-08,0.0001907145331909017,0.000919845886528492
512,1,acute_512,18,acute_512/iter_18,30,60,94,1.6286131513648024e-05,0.002398586383074285,0.023521751499517796,3.910727603846053e-06,0.0013794651943286188,0.00894714891910553
512,1,acute_512,18,acute_512/iter_18,60,90,87,2.3364096689341008e-05,0.003204605796254591,0.024103209466709186,5.877463131178226e-06,0.0013384022448886313,0.013642579317092896
512,1,acute_512,18,acute_512/iter_18,90,120,119,1.7921300623407538e-07,0.0003352322577042744,0.0010628645151514095,2.0968734822720238e-08,0.00010602180885166682,0.000575769692659378
512,1,acute_512,18,acute_512/iter_18,120,150,125,4.01179928105306e-07,0.0004978989644368548,0.002126989651996692,4.19686198806779e-08,0.0001644398421049118,0.0006448179483413696
512,1,acute_512,18,acute_512/iter_18,150,180,76,1.1766399658058633e-05,0.0012128490413091338,0.017106626617427012,2.3595208251458443e-06,0.0006077678862263719,0.009189382195472717
512,1,acute_512,18,acute_512/iter_18,180,210,78,2.2274583425698046e-05,0.00170206546535849,0.023424150085148365,7.22560927622209e-06,0.0009707970246568155,0.016388967633247375
512,1,acute_512,18,acute_512/iter_18,210,240,125,4.0117992810530605e-07,0.0004978989644368547,0.002126989651996692,4.228823850688235e-08,0.00016220685839653015,0.0005719941109418869
512,1,acute_512,18,acute_512/iter_18,240,270,119,1.7921300623407546e-07,0.0003352322577042744,0.0010628645151514095,2.352966628541032e-08,0.00011414563392891603,0.0005510933697223663
512,1,acute_512,18,acute_512/iter_18,270,300,87,2.3364096689341008e-05,0.003204605796254592,0.024103209466709186,5.9643587364631435e-06,0.0013507458444245845,0.013658657670021057
512,1,acute_512,18,acute_512/iter_18,300,330,94,1.6286131513648024e-05,0.002398586383074285,0.023521751499517796,4.1866865722171344e-06,0.0013911281469305284,0.010617837309837341
512,1,acute_512,18,acute_512/iter_18,330,360,121,9.274574539891641e-07,0.00068180239338207,0.00289575768266925,9.557340963918142e-08,0.00020859195766123858,0.0010288162156939507
512,1,acute_512,19,acute_512/iter_19,0,30,123,9.150208230162879e-07,0.0006774018690582892,0.002882358405694516,8.204144755802644e-08,0.00019103233376896477,0.0009128553792834282
512,1,acute_512,19,acute_512/iter_19,30,60,94,1.6312609763346666e-05,0.0023977153725038714,0.023631728034391675,3.918266078625612e-06,0.0013815731141763304,0.008929997682571411
512,1,acute_512,19,acute_512/iter_19,60,90,87,2.3267174948080565e-05,0.003171853888693116,0.024373961794633303,5.789192513723556e-06,0.0013284388061173946,0.013401329517364502
512,1,acute_512,19,acute_512/iter_19,90,120,119,1.7894525370076215e-07,0.00033517252712151306,0.001061066492017376,2.1115074345677727e-08,0.00010616754909523395,0.0005823411047458649
512,1,acute_512,19,acute_512/iter_19,120,150,125,3.928031321201298e-07,0.000494257123004474,0.0020641072645238446,4.1948615569636917e-08,0.00016431063413619996,0.0006423667073249817
512,1,acute_512,19,acute_512/iter_19,150,180,76,1.1840479840219144e-05,0.001210589411282854,0.017209196706689717,2.3455797538514318e-06,0.0006069524152783407,0.009090736508369446
512,1,acute_512,19,acute_512/iter_19,180,210,78,2.249465814450043e-05,0.0017032695524477964,0.02361386300117621,7.172946722748658e-06,0.0009694894955221874,0.01626300811767578
512,1,acute_512,19,acute_512/iter_19,210,240,125,3.9280313212012976e-07,0.0004942571230044739,0.0020641072645238446,4.2091118579556943e-08,0.00016178737580776215,0.0005703102797269821
512,1,acute_512,19,acute_512/iter_19,240,270,119,1.789452537007621e-07,0.00033517252712151306,0.001061066492017376,2.3778335844094342e-08,0.00011469459771609106,0.000557292252779007
512,1,acute_512,19,acute_512/iter_19,270,300,87,2.326717494808057e-05,0.003171853888693116,0.024373961794633303,5.8707306046895424e-06,0.0013411777788484148,0.013428881764411926
512,1,acute_512,19,acute_512/iter_19,300,330,94,1.6312609763346666e-05,0.002397715372503871,0.023631728034391675,4.198814596509743e-06,0.0013932443496045418,0.010589778423309326
512,1,acute_512,19,acute_512/iter_19,330,360,121,9.178549292906186e-07,0.0006783965160875949,0.002882358405694516,9.549706514615488e-08,0.00020877712921909064,0.0010213619098067284
512,1,acute_512,20,acute_512/iter_20,0,30,123,9.058439978835007e-07,0.0006740515290986979,0.002869410193296654,8.210060839321723e-08,0.00019123820906005254,0.0009068017825484276
512,1,acute_512,20,acute_512/iter_20,30,60,94,1.6329142884200225e-05,0.0023965596867529517,0.023725355642039536,3.924211477227531e-06,0.0013829596157054456,0.008918866515159607
512,1,acute_512,20,acute_512/iter_20,60,90,87,2.315362672664622e-05,0.0031397352442587324,0.02460651588213028,5.7125820000677864e-06,0.001319388855628712,0.01320156455039978
512,1,acute_512,20,acute_512/iter_20,90,120,119,1.786821014288406e-07,0.0003350059138269966,0.0010600057610575895,2.1225474910943038e-08,0.00010625822391329693,0.0005879607051610947
512,1,acute_512,20,acute_512/iter_20,120,150,125,3.850422096208979e-07,0.0004907983247707886,0.002006019634135929,4.188187903544915e-08,0.00016408583521842956,0.0006400365382432938
512,1,acute_512,20,acute_512/iter_20,150,180,76,1.1901311277530614e-05,0.0012084929703411948,0.01729707775409489,2.3344446824359472e-06,0.0006063807302684596,0.009009942412376404
512,1,acute_512,20,acute_512/iter_20,180,210,78,2.2676054361486186e-05,0.001704008660960446,0.023772024453905083,7.129859319158103e-06,0.0009685541372164153,0.016159474849700928
512,1,acute_512,20,acute_512/iter_20,210,240,125,3.8504220962089795e-07,0.0004907983247707886,0.002006019634135929,4.1869289840457125e-08,0.00016130541265010833,0.0005685910582542419
512,1,acute_512,20,acute_512/iter_20,240,270,119,1.7868210142884064e-07,0.0003350059138269966,0.0010600057610575895,2.3975629575224895e-08,0.00011513585678669585,0.0005627013742923737
512,1,acute_512,20,acute_512/iter_20,270,300,87,2.3153626726646214e-05,0.003139735244258732,0.02460651588213028,5.788833583485623e-06,0.001331629688535742,0.013238102197647095
512,1,acute_512,20,acute_512/iter_20,300,330,94,1.6329142884200222e-05,0.0023965596867529517,0.023725355642039536,4.20897025161691e-06,0.0013946824305519918,0.010569468140602112
512,1,acute_512,20,acute_512/iter_20,330,360,121,9.08463969229351e-07,0.0006749648284126909,0.002869410193296654,9.538282165267298e-08,0.00020885203526286054,0.001014946959912777
