phi_index,mean,std,variance
1,0.0008227930520661175,0.014684987254440784,0.0002156488480977714
2,0.0005634779809042811,0.011373057030141354,0.00012934643018525094
3,0.0008971323841251433,0.014448584988713264,0.00020876160124316812
4,0.0004442867648322135,0.011475483886897564,0.0001316867273999378
5,0.00018450694915372878,0.006791925989091396,4.613025885191746e-05
6,0.0005125330062583089,0.011279424652457237,0.00012722541578114033
7,0.0006458347197622061,0.014772435650229454,0.00021822485723532736
8,0.00038082199171185493,0.011565838940441608,0.00013376862625591457
9,0.0007088290294632316,0.014682143926620483,0.00021556534920819104
