rho_model,case_id,case_label,iter,case_key,angle_bin_start_deg,angle_bin_end_deg,sample_count,numeric_mse,numeric_mae,numeric_maxae,model_mse,model_mae,model_maxae
276,0,smooth_276,1,smooth_276/iter_1,0,30,53,5.937287307457901e-07,0.0005296854256873368,0.0021663856791164227,0.00015335326849148036,0.008975229823504979,0.03002258762717247
276,0,smooth_276,1,smooth_276/iter_1,30,60,42,4.2581252929769566e-06,0.001518522893166851,0.00632057619511546,0.0009093411025451993,0.02440621900106115,0.06315682828426361
276,0,smooth_276,1,smooth_276/iter_1,60,90,36,3.286653576489874e-06,0.0013615338883645213,0.0045468356823575445,0.0004691191310973211,0.018865649863275595,0.04303007572889328
276,0,smooth_276,1,smooth_276/iter_1,90,120,54,1.0296979490328974e-06,0.000809648539937659,0.0021319632126467064,0.00010977830862416686,0.007669294770393107,0.025650225579738617
276,0,smooth_276,1,smooth_276/iter_1,120,150,56,8.940708918395365e-07,0.0007801482086367833,0.0017519859976063562,0.00017950266108474316,0.009976520003484828,0.031615421175956726
276,0,smooth_276,1,smooth_276/iter_1,150,180,41,3.0882006710561218e-06,0.0011253097879086519,0.005853517033278188,0.0007557386421261528,0.02421546147755779,0.05086183175444603
276,0,smooth_276,1,smooth_276/iter_1,180,210,41,3.0882006710561218e-06,0.0011253097879086519,0.005853517033278188,0.0006934694159442936,0.02343680523193964,0.049298692494630814
276,0,smooth_276,1,smooth_276/iter_1,210,240,56,8.940708918395365e-07,0.0007801482086367833,0.0017519859976063562,0.00020086891594185734,0.009327679140759366,0.04159713536500931
276,0,smooth_276,1,smooth_276/iter_1,240,270,54,1.0296979490328976e-06,0.0008096485399376589,0.0021319632126467064,7.064707405482716e-05,0.005983690075852253,0.021421419456601143
276,0,smooth_276,1,smooth_276/iter_1,270,300,36,3.2866535764898747e-06,0.0013615338883645211,0.0045468356823575445,0.0004341458908407929,0.01831588429114264,0.03802827652543783
276,0,smooth_276,1,smooth_276/iter_1,300,330,42,4.258125292976956e-06,0.001518522893166851,0.00632057619511546,0.0006141412350162671,0.0215447100067866,0.04256294295191765
276,0,smooth_276,1,smooth_276/iter_1,330,360,53,5.937287307457901e-07,0.0005296854256873368,0.0021663856791164227,9.10615842419073e-05,0.007146447580659164,0.024361880496144295
276,0,smooth_276,2,smooth_276/iter_2,0,30,53,7.855631930750921e-07,0.0006490361241910517,0.002422640244182074,0.00020223189472575004,0.009517245697525312,0.03724227473139763
276,0,smooth_276,2,smooth_276/iter_2,30,60,42,3.156535124340736e-06,0.0013350310218974966,0.0051725112193356515,0.0008326593445050943,0.0242744019377001,0.0531366765499115
276,0,smooth_276,2,smooth_276/iter_2,60,90,36,2.462505582917766e-06,0.0012216071554310654,0.004345161264109568,0.0003252162806728682,0.015888609299306862,0.033134132623672485
276,0,smooth_276,2,smooth_276/iter_2,90,120,54,1.1343014998542479e-06,0.0008495026076787192,0.0022422479365068124,0.000140010700286312,0.00834204108212833,0.03087637946009636
276,0,smooth_276,2,smooth_276/iter_2,120,150,56,9.165278413236741e-07,0.0008030713240145468,0.0017803836583877505,0.0002307501823590334,0.010721872627202953,0.03749731928110123
276,0,smooth_276,2,smooth_276/iter_2,150,180,41,2.636480211527764e-06,0.001183190256582938,0.0049589196399618465,0.0006527459764338354,0.022024106837684153,0.044586229138076305
276,0,smooth_276,2,smooth_276/iter_2,180,210,41,2.636480211527764e-06,0.001183190256582938,0.0049589196399618465,0.0006757874599086288,0.0227510848710109,0.04258747026324272
276,0,smooth_276,2,smooth_276/iter_2,210,240,56,9.16527841323674e-07,0.0008030713240145468,0.0017803836583877505,0.0002503223874816771,0.010397380417478936,0.04916737973690033
276,0,smooth_276,2,smooth_276/iter_2,240,270,54,1.134301499854248e-06,0.0008495026076787192,0.0022422479365068124,0.00010046018312009066,0.0071431465653909575,0.024686496704816818
276,0,smooth_276,2,smooth_276/iter_2,270,300,36,2.462505582917765e-06,0.0012216071554310654,0.004345161264109568,0.00032568575287954135,0.015891378477034677,0.03359570540487766
276,0,smooth_276,2,smooth_276/iter_2,300,330,42,3.1565351243407365e-06,0.0013350310218974968,0.0051725112193356515,0.0005706538955661253,0.021038763801611605,0.0394239816814661
276,0,smooth_276,2,smooth_276/iter_2,330,360,53,7.855631930750922e-07,0.0006490361241910518,0.002422640244182074,0.00014148019261322478,0.008306257532171483,0.031658923253417015
276,0,smooth_276,3,smooth_276/iter_3,0,30,53,1.100128813211095e-06,0.0008094768253833663,0.002638024780332822,0.00019230950990109557,0.009084335269125283,0.03675759956240654
276,0,smooth_276,3,smooth_276/iter_3,30,60,42,2.7556634226756344e-06,0.0012319811909504332,0.005422636806820327,0.0006923142026470322,0.02206140914599278,0.05066194012761116
276,0,smooth_276,3,smooth_276/iter_3,60,90,36,2.2505857616522607e-06,0.0011514578330148989,0.004319150012761827,0.000242006800286486,0.013406940363994282,0.027812093496322632
276,0,smooth_276,3,smooth_276/iter_3,90,120,54,1.163259068525033e-06,0.0008382100733579736,0.002435109445623612,0.00013305218068087454,0.008117527235299349,0.03079700842499733
276,0,smooth_276,3,smooth_276/iter_3,120,150,56,1.0111533858436924e-06,0.0008425660714898133,0.0019235019791578184,0.00022178720230542223,0.010315562881130193,0.03862181305885315
276,0,smooth_276,3,smooth_276/iter_3,150,180,41,3.1349112789608863e-06,0.0014212038129641173,0.004416358457161346,0.0005091709276546517,0.01903482762068828,0.042334189638495445
276,0,smooth_276,3,smooth_276/iter_3,180,210,41,3.134911278960886e-06,0.001421203812964117,0.004416358457161346,0.0005700548873002054,0.020259325128480245,0.04103254713118076
276,0,smooth_276,3,smooth_276/iter_3,210,240,56,1.0111533858436924e-06,0.0008425660714898133,0.0019235019791578184,0.0002336800661923245,0.009978548922975148,0.04733852297067642
276,0,smooth_276,3,smooth_276/iter_3,240,270,54,1.1632590685250333e-06,0.0008382100733579737,0.002435109445623612,9.770845602005011e-05,0.007069014780292356,0.02487601339817047
276,0,smooth_276,3,smooth_276/iter_3,270,300,36,2.250585761652261e-06,0.001151457833014899,0.004319150012761827,0.0002645156187755084,0.013882008028708192,0.03146202862262726
276,0,smooth_276,3,smooth_276/iter_3,300,330,42,2.7556634226756344e-06,0.0012319811909504332,0.005422636806820327,0.0004912563709217928,0.019149192836179975,0.040239669382572174
276,0,smooth_276,3,smooth_276/iter_3,330,360,53,1.100128813211095e-06,0.0008094768253833662,0.002638024780332822,0.00014117900421836075,0.008105319779682553,0.03221638686954975
276,0,smooth_276,4,smooth_276/iter_4,0,30,53,1.4191296601093502e-06,0.000929694970849522,0.00281784142718159,0.00015326595772684561,0.008069424380390149,0.033021751791238785
276,0,smooth_276,4,smooth_276/iter_4,30,60,42,2.704672112589174e-06,0.001181005817791869,0.005739312017660786,0.000520460123957753,0.018884695556369565,0.04435338079929352
276,0,smooth_276,4,smooth_276/iter_4,60,90,36,2.5882628589611884e-06,0.0011937538093898022,0.004334797265147058,0.00017474166961228878,0.011264848487270582,0.025877291336655617
276,0,smooth_276,4,smooth_276/iter_4,90,120,54,1.2586420533266382e-06,0.0008708553572032038,0.0025945258892226195,0.00010676354597524278,0.007268704646439464,0.02768411859869957
276,0,smooth_276,4,smooth_276/iter_4,120,150,56,1.1144420977699316e-06,0.0008779881170391775,0.002054572902224272,0.00017437657706706597,0.009042122434558613,0.03442797064781189
276,0,smooth_276,4,smooth_276/iter_4,150,180,41,3.8526601612145435e-06,0.0015675289072013031,0.004829742463727776,0.0003616369573526655,0.015687490841828106,0.039206692948937416
276,0,smooth_276,4,smooth_276/iter_4,180,210,41,3.8526601612145435e-06,0.001567528907201303,0.004829742463727776,0.0004266947225292316,0.01715815519749346,0.037851039320230484
276,0,smooth_276,4,smooth_276/iter_4,210,240,56,1.1144420977699316e-06,0.0008779881170391775,0.002054572902224272,0.00018436596096888078,0.008819142888699259,0.04182974249124527
276,0,smooth_276,4,smooth_276/iter_4,240,270,54,1.258642053326638e-06,0.0008708553572032036,0.0025945258892226195,7.957531547833559e-05,0.0064018696063646565,0.02267458662390709
276,0,smooth_276,4,smooth_276/iter_4,270,300,36,2.588262858961189e-06,0.0011937538093898024,0.004334797265147058,0.00020145992810668972,0.011973488461484926,0.03057892434298992
276,0,smooth_276,4,smooth_276/iter_4,300,330,42,2.7046721125891734e-06,0.001181005817791869,0.005739312017660786,0.00037552720131545753,0.01645568848055388,0.038569170981645584
276,0,smooth_276,4,smooth_276/iter_4,330,360,53,1.4191296601093502e-06,0.0009296949708495221,0.00281784142718159,0.0001143527695730238,0.00725992632818953,0.02966763498261571
276,0,smooth_276,5,smooth_276/iter_5,0,30,53,1.6406079245404358e-06,0.0010115902814545098,0.0029670664100415745,0.00010710010156369407,0.0067578098991499195,0.028206609189510345
276,0,smooth_276,5,smooth_276/iter_5,30,60,42,2.8271152106302737e-06,0.0011516575158137077,0.006016574602555114,0.00035815564236392456,0.015425500737148382,0.04025556519627571
276,0,smooth_276,5,smooth_276/iter_5,60,90,36,3.1218977584947683e-06,0.0012511836399021004,0.005180143631576109,0.00011847444382557684,0.009259752499120723,0.022639425471425056
276,0,smooth_276,5,smooth_276/iter_5,90,120,54,1.3858450305136128e-06,0.0009383882445317201,0.002724754101223817,7.805606217422876e-05,0.006188764288607571,0.023693419992923737
276,0,smooth_276,5,smooth_276/iter_5,120,150,56,1.195146999312088e-06,0.0009010168544027797,0.002164689598677022,0.0001208867789990599,0.007509630639106035,0.028150685131549835
276,0,smooth_276,5,smooth_276/iter_5,150,180,41,4.515107748413656e-06,0.001632481650084887,0.005996982167559534,0.00023722769591906205,0.012496421927097821,0.03245139680802822
276,0,smooth_276,5,smooth_276/iter_5,180,210,41,4.515107748413656e-06,0.0016324816500848866,0.005996982167559534,0.00029508326794402094,0.014000391006958103,0.034640055149793625
276,0,smooth_276,5,smooth_276/iter_5,210,240,56,1.195146999312088e-06,0.0009010168544027797,0.002164689598677022,0.00013063542187417281,0.007412734341674617,0.03506217896938324
276,0,smooth_276,5,smooth_276/iter_5,240,270,54,1.3858450305136128e-06,0.0009383882445317198,0.002724754101223817,5.8000586698013075e-05,0.005494803155737894,0.019732777029275894
276,0,smooth_276,5,smooth_276/iter_5,270,300,36,3.1218977584947683e-06,0.0012511836399021004,0.005180143631576109,0.00014032186555277076,0.009857857066284245,0.026973867788910866
276,0,smooth_276,5,smooth_276/iter_5,300,330,42,2.8271152106302737e-06,0.0011516575158137077,0.006016574602555114,0.00025937161000249675,0.013512342414330868,0.033805277198553085
276,0,smooth_276,5,smooth_276/iter_5,330,360,53,1.6406079245404358e-06,0.00101159028145451,0.0029670664100415745,8.191872401615302e-05,0.006180622048219139,0.025094625307247043
276,0,smooth_276,6,smooth_276/iter_6,0,30,53,1.758337862436875e-06,0.001053398941892188,0.0030904571183201224,7.158081347349254e-05,0.0055374705390828964,0.023589976131916046
276,0,smooth_276,6,smooth_276/iter_6,30,60,42,3.031898063984222e-06,0.0011280078818927972,0.006287416781703956,0.00023530944835087637,0.012319487408690509,0.03415961191058159
276,0,smooth_276,6,smooth_276/iter_6,60,90,36,3.671302712180354e-06,0.001303263783412401,0.0061694170562267975,7.554794067603311e-05,0.0074101555995487916,0.01854163222014904
276,0,smooth_276,6,smooth_276/iter_6,90,120,54,1.487733386754132e-06,0.0009861943811028892,0.002830211298875916,5.23618904235395e-05,0.0050718545810216,0.019324660301208496
276,0,smooth_276,6,smooth_276/iter_6,120,150,56,1.2487574779629062e-06,0.000914013049933502,0.0022562998461666955,7.895914477567382e-05,0.006068144924938679,0.02266186848282814
276,0,smooth_276,6,smooth_276/iter_6,150,180,41,5.0919184678481685e-06,0.0016505444757731922,0.0070064359968954465,0.00014592893807406556,0.00971844973803566,0.024877397576346993
276,0,smooth_276,6,smooth_276/iter_6,180,210,41,5.091918467848169e-06,0.0016505444757731922,0.0070064359968954465,0.0001884150889327458,0.01109739886625193,0.027440526522696018
276,0,smooth_276,6,smooth_276/iter_6,210,240,56,1.248757477962906e-06,0.000914013049933502,0.0022562998461666955,8.629773826509656e-05,0.0060307241843215054,0.028355810791254044
276,0,smooth_276,6,smooth_276/iter_6,240,270,54,1.4877333867541322e-06,0.0009861943811028894,0.002830211298875916,3.946785478878916e-05,0.004570403705454535,0.01663142442703247
276,0,smooth_276,6,smooth_276/iter_6,270,300,36,3.6713027121803524e-06,0.0013032637834124007,0.0061694170562267975,9.283609687363797e-05,0.00792262069040185,0.022725263610482216
276,0,smooth_276,6,smooth_276/iter_6,300,330,42,3.031898063984222e-06,0.0011280078818927972,0.006287416781703956,0.00016807027545192503,0.010821910015129972,0.02788575366139412
276,0,smooth_276,6,smooth_276/iter_6,330,360,53,1.7583378624368751e-06,0.0010533989418921883,0.0030904571183201224,5.498122362571548e-05,0.005120496125013198,0.020219425670802593
276,0,smooth_276,7,smooth_276/iter_7,0,30,53,1.8065872478269352e-06,0.0010660360903869766,0.0031922941214932027,4.668563290995786e-05,0.004503872948435118,0.019285086542367935
276,0,smooth_276,7,smooth_276/iter_7,30,60,42,3.2661110131608215e-06,0.0011071144910704501,0.006534818402518183,0.0001502698114902041,0.009727502469017747,0.027330268174409866
276,0,smooth_276,7,smooth_276/iter_7,60,90,36,4.185403530182721e-06,0.001315407774377933,0.006960929757400924,4.738221085581919e-05,0.005859428541346763,0.014780795201659203
276,0,smooth_276,7,smooth_276/iter_7,90,120,54,1.5501424416946074e-06,0.0010040512516451652,0.0029158087245845232,3.379370682873508e-05,0.004090666598467915,0.015406612306833267
276,0,smooth_276,7,smooth_276/iter_7,120,150,56,1.2825658613692627e-06,0.0009213201643548016,0.002332271011484255,5.002524946606052e-05,0.004826332076585719,0.017893332988023758
276,0,smooth_276,7,smooth_276/iter_7,150,180,41,5.617175278796144e-06,0.001659615956319566,0.00803733750734345,8.921329042591144e-05,0.007533739064678141,0.020045106066390872
276,0,smooth_276,7,smooth_276/iter_7,180,210,41,5.617175278796142e-06,0.0016596159563195658,0.00803733750734345,0.0001147381294629995,0.008625129253387724,0.02164025790989399
276,0,smooth_276,7,smooth_276/iter_7,210,240,56,1.2825658613692627e-06,0.0009213201643548016,0.002332271011484255,5.501265412112005e-05,0.004818272344501955,0.022892579436302185
276,0,smooth_276,7,smooth_276/iter_7,240,270,54,1.5501424416946074e-06,0.001004051251645165,0.0029158087245845232,2.6164493851413735e-05,0.003756085238247006,0.013782277703285217
276,0,smooth_276,7,smooth_276/iter_7,270,300,36,4.18540353018272e-06,0.0013154077743779333,0.006960929757400924,6.01529696353252e-05,0.006363066256098036,0.018892651423811913
276,0,smooth_276,7,smooth_276/iter_7,300,330,42,3.266111013160822e-06,0.0011071144910704501,0.006534818402518183,0.00010581394466720302,0.00856552436848038,0.022103846073150635
276,0,smooth_276,7,smooth_276/iter_7,330,360,53,1.8065872478269352e-06,0.0010660360903869766,0.0031922941214932027,3.587536017623711e-05,0.004201371047013211,0.015909597277641296
276,0,smooth_276,8,smooth_276/iter_8,0,30,53,1.8168985642818763e-06,0.0010640637131728934,0.0032759761683765765,3.0460795189794636e-05,0.0036682701792638255,0.01568015292286873
276,0,smooth_276,8,smooth_276/iter_8,30,60,42,3.498923197236779e-06,0.0010910201169328508,0.006737571971050835,9.64066739200856e-05,0.007712150602379725,0.021389499306678772
276,0,smooth_276,8,smooth_276/iter_8,60,90,36,4.660068142011167e-06,0.0013195209657122378,0.007595289083492079,2.8899208838703033e-05,0.004579993149188037,0.01158137246966362
276,0,smooth_276,8,smooth_276/iter_8,90,120,54,1.5845780350613124e-06,0.001007758553819351,0.0029850875067181926,2.1497417873822687e-05,0.0032767057418823242,0.012293495237827301
276,0,smooth_276,8,smooth_276/iter_8,120,150,56,1.3041346201756475e-06,0.0009264170314825215,0.0023947807226516876,3.114055369465684e-05,0.003818273178434798,0.014101598411798477
276,0,smooth_276,8,smooth_276/iter_8,150,180,41,6.104830804772032e-06,0.0016675131236255545,0.008868449364941439,5.487791813733391e-05,0.005852487195203672,0.01645727828145027
276,0,smooth_276,8,smooth_276/iter_8,180,210,41,6.104830804772032e-06,0.0016675131236255545,0.008868449364941439,7.15558309024675e-05,0.006775116900027525,0.017273614183068275
276,0,smooth_276,8,smooth_276/iter_8,210,240,56,1.304134620175648e-06,0.0009264170314825215,0.0023947807226516876,3.453199280782712e-05,0.0038197344568158898,0.01832791045308113
276,0,smooth_276,8,smooth_276/iter_8,240,270,54,1.5845780350613126e-06,0.001007758553819351,0.0029850875067181926,1.734004643264465e-05,0.003089060834436505,0.011289022862911224
276,0,smooth_276,8,smooth_276/iter_8,270,300,36,4.6600681420111685e-06,0.0013195209657122378,0.007595289083492079,3.90686585964587e-05,0.005087643559414169,0.015467705205082893
276,0,smooth_276,8,smooth_276/iter_8,300,330,42,3.498923197236779e-06,0.0010910201169328508,0.006737571971050835,6.534398657711375e-05,0.006724644183469493,0.01711691915988922
276,0,smooth_276,8,smooth_276/iter_8,330,360,53,1.816898564281876e-06,0.0010640637131728932,0.0032759761683765765,2.3553800864432086e-05,0.0034503605005876074,0.013216767460107803
276,0,smooth_276,9,smooth_276/iter_9,0,30,53,1.8094709911089643e-06,0.0010597482401010095,0.0033447819929329353,1.986915914531936e-05,0.002992943491575853,0.013091284781694412
276,0,smooth_276,9,smooth_276/iter_9,30,60,42,3.7138250239332827e-06,0.001082876932883045,0.006890257568535341,6.203792552046496e-05,0.006153080900687547,0.017103686928749084
276,0,smooth_276,9,smooth_276/iter_9,60,90,36,5.098972402069606e-06,0.0013109926048214687,0.008104384676078408,1.7895231953431984e-05,0.0035882644943841216,0.009241536259651184
276,0,smooth_276,9,smooth_276/iter_9,90,120,54,1.6058505650468768e-06,0.0010050140134767963,0.0030415066211780042,1.3730688467169905e-05,0.0026262110375143864,0.009790591895580292
276,0,smooth_276,9,smooth_276/iter_9,120,150,56,1.3183298780290273e-06,0.0009301124864149788,0.0024461293425099423,1.9116668458957283e-05,0.003009768934654338,0.011106003075838089
276,0,smooth_276,9,smooth_276/iter_9,150,180,41,6.547797023378008e-06,0.0016817726026526639,0.0095407989340036,3.475295622154828e-05,0.0046208783935914495,0.013576359488070011
276,0,smooth_276,9,smooth_276/iter_9,180,210,41,6.547797023378007e-06,0.0016817726026526639,0.0095407989340036,4.529101861105236e-05,0.005355733493626936,0.013702357187867165
276,0,smooth_276,9,smooth_276/iter_9,210,240,56,1.3183298780290273e-06,0.0009301124864149788,0.0024461293425099423,2.1298701787485714e-05,0.0030092491236116204,0.014478862285614014
276,0,smooth_276,9,smooth_276/iter_9,240,270,54,1.6058505650468768e-06,0.0010050140134767963,0.0030415066211780042,1.1669306653006068e-05,0.0025546889131267867,0.009411491453647614
276,0,smooth_276,9,smooth_276/iter_9,270,300,36,5.098972402069606e-06,0.001310992604821469,0.008104384676078408,2.5642970944014787e-05,0.004074639165385936,0.012487100437283516
276,0,smooth_276,9,smooth_276/iter_9,300,330,42,3.713825023933283e-06,0.001082876932883045,0.006890257568535341,4.063579256722544e-05,0.0053062421336237875,0.013211943209171295
276,0,smooth_276,9,smooth_276/iter_9,330,360,53,1.8094709911089643e-06,0.0010597482401010095,0.0033447819929329353,1.5768327913206343e-05,0.0028556292560302987,0.011054113507270813
276,0,smooth_276,10,smooth_276/iter_10,0,30,53,1.796580557810076e-06,0.001053283962425283,0.0034012891398018247,1.2997508574204286e-05,0.0024445214361514685,0.010911233723163605
276,0,smooth_276,10,smooth_276/iter_10,30,60,42,3.902712538765114e-06,0.0010776508322796019,0.007117407790104266,3.9517916398502595e-05,0.0049144184061636524,0.013396840542554855
276,0,smooth_276,10,smooth_276/iter_10,60,90,36,5.502049929531039e-06,0.0013058095578126197,0.008513200089895229,1.1397298520038752e-05,0.0028691854580150298,0.007121002301573753
276,0,smooth_276,10,smooth_276/iter_10,90,120,54,1.6222882192897067e-06,0.0010009479656209572,0.003087345082877835,8.895169892205583e-06,0.0021261455905106333,0.007847428321838379
276,0,smooth_276,10,smooth_276/iter_10,120,150,56,1.3280814146654921e-06,0.0009319796475821295,0.002488403245444769,1.1804340556020258e-05,0.002376965346879193,0.008876245468854904
276,0,smooth_276,10,smooth_276/iter_10,150,180,41,6.9386721887676825e-06,0.0016899924579997614,0.010086481528179175,2.25094048565523e-05,0.003712249170880901,0.011222852393984795
276,0,smooth_276,10,smooth_276/iter_10,180,210,41,6.938672188767684e-06,0.0016899924579997614,0.010086481528179175,2.9152251838102213e-05,0.004250494390584119,0.011122046038508415
276,0,smooth_276,10,smooth_276/iter_10,210,240,56,1.3280814146654924e-06,0.0009319796475821295,0.002488403245444769,1.3161158408218773e-05,0.00237245495165033,0.011383093893527985
276,0,smooth_276,10,smooth_276/iter_10,240,270,54,1.6222882192897065e-06,0.0010009479656209572,0.003087345082877835,8.0198421197443e-06,0.002133146445784304,0.007975134998559952
276,0,smooth_276,10,smooth_276/iter_10,270,300,36,5.502049929531039e-06,0.0013058095578126197,0.008513200089895229,1.7042942580707873e-05,0.0032920399454370555,0.009989548474550247
276,0,smooth_276,10,smooth_276/iter_10,300,330,42,3.902712538765114e-06,0.0010776508322796019,0.007117407790104266,2.5541370465821836e-05,0.00421511929570919,0.01013556495308876
276,0,smooth_276,10,smooth_276/iter_10,330,360,53,1.796580557810076e-06,0.0010532839624252833,0.0034012891398018247,1.0724376903429083e-05,0.0023708864695058678,0.00934164971113205
276,0,smooth_276,11,smooth_276/iter_11,0,30,53,1.7856414617494944e-06,0.0010463898139935403,0.0034475516472631945,8.553319360292515e-06,0.0020135966533759856,0.009121190756559372
276,0,smooth_276,11,smooth_276/iter_11,30,60,42,4.062819225466481e-06,0.0010746197877798754,0.007407949004364339,2.548718486482428e-05,0.003951223134728414,0.01044650748372078
276,0,smooth_276,11,smooth_276/iter_11,60,90,36,5.865920842252755e-06,0.0013176684105552896,0.008841375056876558,7.4828582930334775e-06,0.0023272606097937873,0.0054656267166137695
276,0,smooth_276,11,smooth_276/iter_11,90,120,54,1.6366484160411872e-06,0.000997478955377291,0.0031247041873578366,5.798296062985551e-06,0.0017285370785329076,0.006263311952352524
276,0,smooth_276,11,smooth_276/iter_11,120,150,56,1.3350911397097781e-06,0.0009327828656690045,0.0025230175459807214,7.419011015977703e-06,0.00188927781502051,0.007111299782991409
276,0,smooth_276,11,smooth_276/iter_11,150,180,41,7.275269879710033e-06,0.0016968653860011805,0.010530268542836188,1.5079088569098662e-05,0.0030472622318306894,0.009327416308224201
276,0,smooth_276,11,smooth_276/iter_11,180,210,41,7.275269879710033e-06,0.0016968653860011805,0.010530268542836188,1.92868665006124e-05,0.0034188218287010564,0.009246468544006348
276,0,smooth_276,11,smooth_276/iter_11,210,240,56,1.3350911397097781e-06,0.0009327828656690045,0.0025230175459807214,8.241726778540725e-06,0.0018747040469731604,0.008889701217412949
276,0,smooth_276,11,smooth_276/iter_11,240,270,54,1.636648416041187e-06,0.000997478955377291,0.0031247041873578366,5.7029167271609865e-06,0.001804552730862741,0.006812281906604767
276,0,smooth_276,11,smooth_276/iter_11,270,300,36,5.865920842252755e-06,0.0013176684105552896,0.008841375056876558,1.1264372809783803e-05,0.002705403626249689,0.0077705103904008865
276,0,smooth_276,11,smooth_276/iter_11,300,330,42,4.062819225466481e-06,0.0010746197877798754,0.007407949004364339,1.642501991501476e-05,0.0033820664643176962,0.00780131109058857
276,0,smooth_276,11,smooth_276/iter_11,330,360,53,1.7856414617494944e-06,0.0010463898139935403,0.0034475516472631945,7.4466270282281324e-06,0.001981251363484365,0.007983062416315079
276,0,smooth_276,12,smooth_276/iter_12,0,30,53,1.7784987964907242e-06,0.0010454043220436066,0.003485616337364744,5.715699941017768e-06,0.0016757621306855723,0.0076691992580890656
276,0,smooth_276,12,smooth_276/iter_12,30,60,42,4.1946335232777745e-06,0.0010740549554135522,0.007646757292075548,1.6615303339844077e-05,0.0031998505666186766,0.008148234337568283
276,0,smooth_276,12,smooth_276/iter_12,60,90,36,6.189036691795992e-06,0.0013305316209097301,0.009104496624787045,5.077029431055669e-06,0.001920707501186472,0.004141677170991898
276,0,smooth_276,12,smooth_276/iter_12,90,120,54,1.6496242407349196e-06,0.0009950299356987799,0.003155421402056463,3.813725427618904e-06,0.001423453808658653,0.004971813410520554
276,0,smooth_276,12,smooth_276/iter_12,120,150,56,1.3403893798598894e-06,0.0009329444282306853,0.0025514416036400422,4.687901299287926e-06,0.0015087898687592574,0.005651608109474182
276,0,smooth_276,12,smooth_276/iter_12,150,180,41,7.559573106502563e-06,0.001702867348464647,0.010891803576662917,1.041687991878685e-05,0.002530605167366292,0.007805744186043739
276,0,smooth_276,12,smooth_276/iter_12,180,210,41,7.559573106502563e-06,0.001702867348464647,0.010891803576662917,1.329122315353979e-05,0.0028108675132233014,0.007764333859086037
276,0,smooth_276,12,smooth_276/iter_12,210,240,56,1.3403893798598894e-06,0.0009329444282306853,0.0025514416036400422,5.151655927231666e-06,0.0014883866533637047,0.006814844906330109
276,0,smooth_276,12,smooth_276/iter_12,240,270,54,1.6496242407349193e-06,0.0009950299356987799,0.003155421402056463,4.104193246119547e-06,0.0015443900462102007,0.0058156028389930725
276,0,smooth_276,12,smooth_276/iter_12,270,300,36,6.189036691795992e-06,0.0013305316209097301,0.009104496624787045,7.449053549384673e-06,0.002243339850489671,0.005898540839552879
276,0,smooth_276,12,smooth_276/iter_12,300,330,42,4.1946335232777745e-06,0.0010740549554135522,0.007646757292075548,1.071823679609701e-05,0.0027301465743221343,0.006276367232203484
276,0,smooth_276,12,smooth_276/iter_12,330,360,53,1.7784987964907242e-06,0.0010454043220436064,0.003485616337364744,5.200763596341441e-06,0.0016546133413629712,0.006771378219127655
276,0,smooth_276,13,smooth_276/iter_13,0,30,53,1.7743914504572237e-06,0.0010450667603773564,0.003516822034979883,3.898435006895368e-06,0.0014091630308133252,0.006491951644420624
276,0,smooth_276,13,smooth_276/iter_13,30,60,42,4.30059597413979e-06,0.0010730025252628796,0.00784304843751664,1.1020489903981807e-05,0.0026177628204182143,0.006331454962491989
276,0,smooth_276,13,smooth_276/iter_13,60,90,36,6.471640991284441e-06,0.0013427741136916936,0.009315037787167774,3.5766661715392858e-06,0.0016350526679565923,0.003196270205080509
276,0,smooth_276,13,smooth_276/iter_13,90,120,54,1.6612304329686952e-06,0.0009935160184317672,0.0031803426818398164,2.55565777558505e-06,0.0011901138695301833,0.003937222063541412
276,0,smooth_276,13,smooth_276/iter_13,120,150,56,1.344694682414015e-06,0.0009327976071171652,0.0025746603399063733,3.0095117086929634e-06,0.0012174531750913178,0.004488687962293625
276,0,smooth_276,13,smooth_276/iter_13,150,180,41,7.796060395479704e-06,0.0017056443723481736,0.011186473016690096,7.438717087645682e-06,0.0021515367368077176,0.00666692852973938
276,0,smooth_276,13,smooth_276/iter_13,180,210,41,7.796060395479704e-06,0.0017056443723481734,0.011186473016690096,9.429087206155224e-06,0.002349344376054388,0.00671081617474556
276,0,smooth_276,13,smooth_276/iter_13,210,240,56,1.344694682414015e-06,0.0009327976071171652,0.0025746603399063733,3.2874905234475746e-06,0.0012173974287829229,0.005386922508478165
276,0,smooth_276,13,smooth_276/iter_13,240,270,54,1.661230432968695e-06,0.0009935160184317675,0.0031803426818398164,2.972421165897173e-06,0.001335839706438559,0.004790548235177994
276,0,smooth_276,13,smooth_276/iter_13,270,300,36,6.471640991284441e-06,0.0013427741136916936,0.009315037787167774,5.135845446604133e-06,0.0019082152963771175,0.004694132134318352
276,0,smooth_276,13,smooth_276/iter_13,300,330,42,4.30059597413979e-06,0.0010730025252628796,0.00784304843751664,7.070383104306378e-06,0.0022100085944181218,0.0051719024777412415
276,0,smooth_276,13,smooth_276/iter_13,330,360,53,1.7743914504572237e-06,0.0010450667603773564,0.003516822034979883,3.6667525124302325e-06,0.0013896342507510814,0.00577695295214653
276,0,smooth_276,14,smooth_276/iter_14,0,30,53,1.7720564855456764e-06,0.0010449625697189274,0.0035424935513232586,2.7017230590867927e-06,0.0012001663727580377,0.005493316799402237
276,0,smooth_276,14,smooth_276/iter_14,30,60,42,4.38390223319073e-06,0.001071520549373193,0.008004700174779444,7.409140382848995e-06,0.0021679344354197383,0.004978550598025322
276,0,smooth_276,14,smooth_276/iter_14,60,90,36,6.715846519542147e-06,0.0013526732225477918,0.009483174829750862,2.6197385365728832e-06,0.001417603644464786,0.002700457349419594
276,0,smooth_276,14,smooth_276/iter_14,90,120,54,1.6714583037114444e-06,0.0009927013287281076,0.0032007125004177225,1.7455782835602608e-06,0.0010091197090568366,0.003100831061601639
276,0,smooth_276,14,smooth_276/iter_14,120,150,56,1.3485778091545818e-06,0.0009326037819629875,0.002593767225177908,1.979025138704901e-06,0.0010018862916954926,0.0035607293248176575
276,0,smooth_276,14,smooth_276/iter_14,150,180,41,7.990186865778112e-06,0.0017048867021612303,0.01142677197334896,5.503868246728042e-06,0.0018652403860625515,0.00573323667049408
276,0,smooth_276,14,smooth_276/iter_14,180,210,41,7.990186865778112e-06,0.0017048867021612298,0.01142677197334896,6.942336611083183e-06,0.002019324259003397,0.005874995142221451
276,0,smooth_276,14,smooth_276/iter_14,210,240,56,1.3485778091545818e-06,0.0009326037819629875,0.002593767225177908,2.1550989137111397e-06,0.001025079350386347,0.004266992211341858
276,0,smooth_276,14,smooth_276/iter_14,240,270,54,1.6714583037114444e-06,0.0009927013287281076,0.0032007125004177225,2.2333800752550453e-06,0.00118127199648707,0.0039316825568675995
276,0,smooth_276,14,smooth_276/iter_14,270,300,36,6.715846519542148e-06,0.001352673222547792,0.009483174829750862,3.7216588787238337e-06,0.0016553604800719768,0.003859005868434906
276,0,smooth_276,14,smooth_276/iter_14,300,330,42,4.38390223319073e-06,0.0010715205493731928,0.008004700174779444,4.6324060541533215e-06,0.0017872011847516877,0.004318058490753174
276,0,smooth_276,14,smooth_276/iter_14,330,360,53,1.7720564855456768e-06,0.0010449625697189272,0.0035424935513232586,2.633534361084847e-06,0.001183748280383506,0.004973892122507095
276,0,smooth_276,15,smooth_276/iter_15,0,30,53,1.7704429657031434e-06,0.0010447674153822566,0.0035634367153052487,1.9192808535432423e-06,0.001033033121306941,0.0046751126646995544
276,0,smooth_276,15,smooth_276/iter_15,30,60,42,4.447696551663192e-06,0.0010702822254118382,0.008138002971102301,5.043966598656023e-06,0.001814103800348849,0.004050141200423241
276,0,smooth_276,15,smooth_276/iter_15,60,90,36,6.9243268927505115e-06,0.0013591432173443664,0.009617069920981255,2.0163303022610633e-06,0.00124467705285901,0.002513691782951355
276,0,smooth_276,15,smooth_276/iter_15,90,120,54,1.6803173215408749e-06,0.0009923372813823942,0.003217476803932362,1.2195784823708933e-06,0.0008633075350964511,0.002469543367624283
276,0,smooth_276,15,smooth_276/iter_15,120,150,56,1.3521819042069852e-06,0.000932609789000728,0.0026093670376363537,1.338917280070944e-06,0.0008568325678684882,0.002814721316099167
276,0,smooth_276,15,smooth_276/iter_15,150,180,41,8.147492273621882e-06,0.0017011500106812864,0.011622877831120607,4.265544122020988e-06,0.001656144361931649,0.004983451217412949
276,0,smooth_276,15,smooth_276/iter_15,180,210,41,8.14749227362188e-06,0.0017011500106812866,0.011622877831120607,5.2717259912808785e-06,0.0017607193880305604,0.005131209269165993
276,0,smooth_276,15,smooth_276/iter_15,210,240,56,1.3521819042069852e-06,0.000932609789000728,0.0026093670376363537,1.4827036173226487e-06,0.0008973243446754557,0.0034461580216884613
276,0,smooth_276,15,smooth_276/iter_15,240,270,54,1.6803173215408742e-06,0.000992337281382394,0.003217476803932362,1.760680896546599e-06,0.0010646080460261415,0.0032396502792835236
276,0,smooth_276,15,smooth_276/iter_15,270,300,36,6.92432689275051e-06,0.0013591432173443666,0.009617069920981255,2.811092340849361e-06,0.0014497205298135264,0.0037209242582321167
276,0,smooth_276,15,smooth_276/iter_15,300,330,42,4.447696551663192e-06,0.0010702822254118382,0.008138002971102301,3.0895550530075127e-06,0.00146298986787553,0.0036547183990478516
276,0,smooth_276,15,smooth_276/iter_15,330,360,53,1.7704429657031438e-06,0.0010447674153822569,0.0035634367153052487,1.95344431117914e-06,0.0010238011842066386,0.00433126837015152
276,0,smooth_276,16,smooth_276/iter_16,0,30,53,1.7689671779189375e-06,0.0010443687156850658,0.003580707879155834,1.4095693633607445e-06,0.0008985161921888028,0.004004973918199539
276,0,smooth_276,16,smooth_276/iter_16,30,60,42,4.495153714579503e-06,0.0010690246718477233,0.008247984807169331,3.4940792074684903e-06,0.0015335303060488687,0.0033641885966062546
276,0,smooth_276,16,smooth_276/iter_16,60,90,36,7.1006361100521655e-06,0.0013623663637417985,0.009723032284334465,1.6213343224015087e-06,0.0011017674793644499,0.002400331199169159
276,0,smooth_276,16,smooth_276/iter_16,90,120,54,1.687816573122443e-06,0.0009922122893982358,0.003231156171596493,8.788008750918771e-07,0.0007473053065715012,0.0020947344601154327
276,0,smooth_276,16,smooth_276/iter_16,120,150,56,1.3554920412900908e-06,0.0009329213451763606,0.0026220792544297683,9.527354029731372e-07,0.0007530474769217628,0.0021996311843395233
276,0,smooth_276,16,smooth_276/iter_16,150,180,41,8.273768778529482e-06,0.0016952745895057783,0.011782927275187843,3.4650171163619377e-06,0.0014950155817176692,0.004421494901180267
276,0,smooth_276,16,smooth_276/iter_16,180,210,41,8.273768778529482e-06,0.0016952745895057778,0.011782927275187843,4.161254000728524e-06,0.0015784771758040822,0.004515582695603371
276,0,smooth_276,16,smooth_276/iter_16,210,240,56,1.3554920412900908e-06,0.0009329213451763606,0.0026220792544297683,1.0798437409227993e-06,0.0007971832528710365,0.002788681536912918
276,0,smooth_276,16,smooth_276/iter_16,240,270,54,1.6878165731224435e-06,0.0009922122893982355,0.003231156171596493,1.459390967313259e-06,0.000992834637010539,0.0028793178498744965
276,0,smooth_276,16,smooth_276/iter_16,270,300,36,7.100636110052165e-06,0.0013623663637417985,0.009723032284334465,2.223147501777883e-06,0.0012917440682132211,0.0036035925149917603
276,0,smooth_276,16,smooth_276/iter_16,300,330,42,4.495153714579503e-06,0.0010690246718477235,0.008247984807169331,2.1375866316649204e-06,0.00121961306736228,0.0031472593545913696
276,0,smooth_276,16,smooth_276/iter_16,330,360,53,1.7689671779189373e-06,0.0010443687156850658,0.003580707879155834,1.502877151689191e-06,0.0009065026874249836,0.003789525479078293
276,0,smooth_276,17,smooth_276/iter_17,0,30,53,1.7672926310961817e-06,0.0010436849949248476,0.0035947865168035054,1.0746677663478686e-06,0.0008081479595517212,0.0034515410661697388
276,0,smooth_276,17,smooth_276/iter_17,30,60,42,4.5290297713415e-06,0.0010675548854112292,0.008338939755080474,2.4841519026711166e-06,0.0013156720614504245,0.0028687436133623123
276,0,smooth_276,17,smooth_276/iter_17,60,90,36,7.249381665757776e-06,0.0013682266979239488,0.009806583848641401,1.362927057034393e-06,0.0009831136719892835,0.0024346262216567993
276,0,smooth_276,17,smooth_276/iter_17,90,120,54,1.6940880890925124e-06,0.0009921670715367702,0.003242302988445696,6.627339970647489e-07,0.0006569239345413667,0.0017898716032505035
276,0,smooth_276,17,smooth_276/iter_17,120,150,56,1.3584910471544794e-06,0.0009332731312663553,0.002632559519558174,7.18186585914624e-07,0.0006731348777455943,0.001790665090084076
276,0,smooth_276,17,smooth_276/iter_17,150,180,41,8.374098360182924e-06,0.001687904564628441,0.011913685560949475,2.934148624556285e-06,0.001372488904119719,0.003967702388763428
276,0,smooth_276,17,smooth_276/iter_17,180,210,41,8.374098360182922e-06,0.001687904564628441,0.011913685560949475,3.412822660811249e-06,0.0014434719001079296,0.004170604050159454
276,0,smooth_276,17,smooth_276/iter_17,210,240,56,1.3584910471544794e-06,0.0009332731312663553,0.002632559519558174,8.457388945524382e-07,0.0007304024683045489,0.0023991409689188004
276,0,smooth_276,17,smooth_276/iter_17,240,270,54,1.6940880890925126e-06,0.0009921670715367702,0.003242302988445696,1.2649733507080815e-06,0.0009418477614720663,0.0028095655143260956
276,0,smooth_276,17,smooth_276/iter_17,270,300,36,7.249381665757776e-06,0.0013682266979239488,0.009806583848641401,1.8555605727794422e-06,0.0011621969493312968,0.003502771258354187
276,0,smooth_276,17,smooth_276/iter_17,300,330,42,4.5290297713415e-06,0.0010675548854112294,0.008338939755080474,1.5454987460970663e-06,0.0010414922116546048,0.002744702622294426
276,0,smooth_276,17,smooth_276/iter_17,330,360,53,1.7672926310961817e-06,0.0010436849949248476,0.0035947865168035054,1.198399527908085e-06,0.0008223532646332147,0.0033027492463588715
276,0,smooth_276,18,smooth_276/iter_18,0,30,53,1.7653112924143716e-06,0.0010427470766896211,0.0036063261580546874,8.535430217188685e-07,0.000744362344157021,0.002985101193189621
276,0,smooth_276,18,smooth_276/iter_18,30,60,42,4.551903569572287e-06,0.0010667152432682324,0.008414431672369022,1.8239804135264772e-06,0.001147147586813108,0.0024678949266672134
276,0,smooth_276,18,smooth_276/iter_18,60,90,36,7.374797390453919e-06,0.0013744874155556838,0.009941037488224252,1.1898210766963278e-06,0.0008928493965261927,0.002462625503540039
276,0,smooth_276,18,smooth_276/iter_18,90,120,54,1.6992758507333497e-06,0.0009921298017985703,0.003251591632883598,5.276182144914038e-07,0.0005858122819551716,0.0016254894435405731
276,0,smooth_276,18,smooth_276/iter_18,120,150,56,1.3611802651401669e-06,0.0009336232985794444,0.00264117390434946,5.795967811517094e-07,0.0006157317464905125,0.0018417760729789734
276,0,smooth_276,18,smooth_276/iter_18,150,180,41,8.452919890619782e-06,0.0016795077257809742,0.012020604212809927,2.5784554644239686e-06,0.0012930630544404976,0.003599260002374649
276,0,smooth_276,18,smooth_276/iter_18,180,210,41,8.452919890619782e-06,0.0016795077257809737,0.012020604212809927,2.890571523310664e-06,0.0013378174313934657,0.004112809896469116
276,0,smooth_276,18,smooth_276/iter_18,210,240,56,1.3611802651401669e-06,0.0009336232985794444,0.00264117390434946,7.126946381933789e-07,0.0006898715426879269,0.002086188644170761
276,0,smooth_276,18,smooth_276/iter_18,240,270,54,1.69927585073335e-06,0.0009921298017985703,0.003251591632883598,1.1412106906414015e-06,0.0009047155854878602,0.002753019332885742
276,0,smooth_276,18,smooth_276/iter_18,270,300,36,7.374797390453921e-06,0.0013744874155556834,0.009941037488224252,1.6295225340892506e-06,0.0010560008700445502,0.003416202962398529
276,0,smooth_276,18,smooth_276/iter_18,300,330,42,4.551903569572287e-06,0.0010667152432682324,0.008414431672369022,1.1768441168376705e-06,0.0009060785163282638,0.002422614023089409
276,0,smooth_276,18,smooth_276/iter_18,330,360,53,1.7653112924143719e-06,0.0010427470766896211,0.0036063261580546874,9.92223020506452e-07,0.0007601945819157474,0.002887275069952011
276,0,smooth_276,19,smooth_276/iter_19,0,30,53,1.7629474137319665e-06,0.001041561406850013,0.0036158640182465673,7.076443847402217e-07,0.0006928526146231957,0.0025965608656406403
276,0,smooth_276,19,smooth_276/iter_19,30,60,42,4.56629837554745e-06,0.0010657990156312763,0.008477195778121394,1.3919720874698715e-06,0.0010235768609813281,0.0021601542830467224
276,0,smooth_276,19,smooth_276/iter_19,60,90,36,7.480843917512715e-06,0.0013797188423211512,0.010074545522175904,1.0795471534515396e-06,0.000841091648908332,0.0024847835302352905
276,0,smooth_276,19,smooth_276/iter_19,90,120,54,1.7034636911508953e-06,0.000992066669888177,0.0032591185204740997,4.4527424221974904e-07,0.0005345241753039536,0.001635085791349411
276,0,smooth_276,19,smooth_276/iter_19,120,150,56,1.3634505425618385e-06,0.0009339345649354035,0.002648198872300861,5.017642456325879e-07,0.000575422475646649,0.0019267480820417404
276,0,smooth_276,19,smooth_276/iter_19,150,180,41,8.514131211504584e-06,0.001670454375809553,0.01210808901596544,2.335427901404642e-06,0.0012413719314059652,0.0033669844269752502
276,0,smooth_276,19,smooth_276/iter_19,180,210,41,8.514131211504584e-06,0.001670454375809553,0.01210808901596544,2.5248338924313025e-06,0.0012591337748212603,0.004065185785293579
276,0,smooth_276,19,smooth_276/iter_19,210,240,56,1.3634505425618385e-06,0.0009339345649354035,0.002648198872300861,6.390156844885013e-07,0.000658036010073764,0.0018325075507164001
276,0,smooth_276,19,smooth_276/iter_19,240,270,54,1.703463691150895e-06,0.000992066669888177,0.0032591185204740997,1.0632544249181476e-06,0.0008749889071892809,0.002707298845052719
276,0,smooth_276,19,smooth_276/iter_19,270,300,36,7.480843917512717e-06,0.0013797188423211515,0.010074545522175904,1.4933088080252305e-06,0.0009752361608358721,0.00334138423204422
276,0,smooth_276,19,smooth_276/iter_19,300,330,42,4.56629837554745e-06,0.0010657990156312765,0.008477195778121394,9.487542245174052e-07,0.000799020613721084,0.002164110541343689
276,0,smooth_276,19,smooth_276/iter_19,330,360,53,1.7629474137319665e-06,0.001041561406850013,0.0036158640182465673,8.528445748282017e-07,0.0007167053321060144,0.0025381892919540405
276,0,smooth_276,20,smooth_276/iter_20,0,30,53,1.7602665585528192e-06,0.001040183684466701,0.003623665442539517,6.094936643408787e-07,0.0006495627029886786,0.002252977341413498
276,0,smooth_276,20,smooth_276/iter_20,30,60,42,4.575065861972016e-06,0.0010646609252244125,0.00852979525210644,1.105332804915445e-06,0.0009250692119600163,0.0019523203372955322
276,0,smooth_276,20,smooth_276/iter_20,60,90,36,7.570505425304865e-06,0.0013840361724901723,0.010186661330655822,1.0088895474899415e-06,0.0008025786406101866,0.0025023072957992554
276,0,smooth_276,20,smooth_276/iter_20,90,120,54,1.7068874516207845e-06,0.000991993315537117,0.003265180902756473,3.9558462331869783e-07,0.0004951871448644886,0.0016430355608463287
276,0,smooth_276,20,smooth_276/iter_20,120,150,56,1.3653360415337073e-06,0.0009342039950555275,0.0026537679303710385,4.6096893309378537e-07,0.0005447045301220246,0.0019962918013334274
276,0,smooth_276,20,smooth_276/iter_20,150,180,41,8.56083176724062e-06,0.0016609813133815765,0.012179737954344752,2.1600812235681453e-06,0.0012038563557037311,0.003468938171863556
276,0,smooth_276,20,smooth_276/iter_20,180,210,41,8.560831767240622e-06,0.0016609813133815765,0.012179737954344752,2.2721714715027094e-06,0.0012039103326614855,0.004025973379611969
276,0,smooth_276,20,smooth_276/iter_20,210,240,56,1.365336041533707e-06,0.0009342039950555275,0.0026537679303710385,6.027531563399663e-07,0.0006356445540274892,0.0016262028366327286
276,0,smooth_276,20,smooth_276/iter_20,240,270,54,1.7068874516207856e-06,0.0009919933155371169,0.003265180902756473,1.0150662855431989e-06,0.0008508693426847458,0.002669915556907654
276,0,smooth_276,20,smooth_276/iter_20,270,300,36,7.570505425304868e-06,0.0013840361724901723,0.010186661330655822,1.4119817556388896e-06,0.0009271488848349287,0.003277100622653961
276,0,smooth_276,20,smooth_276/iter_20,300,330,42,4.575065861972016e-06,0.0010646609252244125,0.00852979525210644,8.072815371187527e-07,0.0007190933351271919,0.001955674961209297
276,0,smooth_276,20,smooth_276/iter_20,330,360,53,1.7602665585528196e-06,0.0010401836844667015,0.003623665442539517,7.598645834296196e-07,0.0006854026314784896,0.002228919416666031
276,1,acute_276,1,acute_276/iter_1,0,30,66,5.837603856049071e-07,0.0005802076906496592,0.002182799750122047,0.0007362937583390088,0.019338080567787543,0.06953802332282066
276,1,acute_276,1,acute_276/iter_1,30,60,50,8.685660479344981e-05,0.004453903644671892,0.034148146105533406,0.007668681328388907,0.07229768635705114,0.18981306813657284
276,1,acute_276,1,acute_276/iter_1,60,90,47,6.891632227072942e-05,0.005354484056924445,0.02854825639969688,0.004098919586922044,0.053148730891909045,0.1445954218506813
276,1,acute_276,1,acute_276/iter_1,90,120,64,3.7842464613874955e-06,0.00146901859732708,0.0053019443759557625,0.00041287988920375945,0.014212017471436411,0.055522000417113304
276,1,acute_276,1,acute_276/iter_1,120,150,67,1.2667121178660178e-06,0.0009338151189593564,0.0031912491977928656,0.000607305301075259,0.018482374583384885,0.054520197212696075
276,1,acute_276,1,acute_276/iter_1,150,180,41,8.55238732919176e-05,0.006945316471754863,0.031561953634825446,0.0037710564652487354,0.05064561302211454,0.1533917784690857
276,1,acute_276,1,acute_276/iter_1,180,210,43,8.388685645254674e-05,0.006900355239198284,0.031561953634825446,0.0063754771137518535,0.06627078915994918,0.17043399810791016
276,1,acute_276,1,acute_276/iter_1,210,240,67,1.2667121178660178e-06,0.0009338151189593564,0.0031912491977928656,0.0008399355529430629,0.019293614412977625,0.08012188971042633
276,1,acute_276,1,acute_276/iter_1,240,270,64,3.7842464613874955e-06,0.00146901859732708,0.0053019443759557625,0.00027187992555962725,0.011646099810604937,0.04929736815392971
276,1,acute_276,1,acute_276/iter_1,270,300,47,6.891632227072942e-05,0.005354484056924445,0.02854825639969688,0.004267906034687026,0.053624472517533814,0.13686954230070114
276,1,acute_276,1,acute_276/iter_1,300,330,50,8.685660479344983e-05,0.004453903644671892,0.034148146105533406,0.004577593126623261,0.05914299177005887,0.14858380518853664
276,1,acute_276,1,acute_276/iter_1,330,360,65,5.927250567943803e-07,0.0005886338425228465,0.002182799750122047,0.0006476008296178321,0.01789770111298332,0.067255649715662
276,1,acute_276,2,acute_276/iter_2,0,30,66,1.2308949552828761e-06,0.0008656505606836071,0.0026502916083638965,0.0011142553103523076,0.02242184616625309,0.09283031150698662
276,1,acute_276,2,acute_276/iter_2,30,60,50,7.962230067313657e-05,0.004573349334732648,0.03400219797459758,0.007430809652143663,0.07472851949743926,0.1756941992789507
276,1,acute_276,2,acute_276/iter_2,60,90,47,7.080694653217935e-05,0.005722744484377608,0.035042238433547424,0.0037266130686303646,0.05271732613077125,0.11552537605166435
276,1,acute_276,2,acute_276/iter_2,90,120,64,2.8739203821671647e-06,0.0013284508692920326,0.00556731010033568,0.0005232628004698547,0.015517928026383743,0.06940211169421673
276,1,acute_276,2,acute_276/iter_2,120,150,67,1.5363497522052332e-06,0.0010440733633036953,0.003558513774771375,0.0007883872809213259,0.020542027022161367,0.06814795732498169
276,1,acute_276,2,acute_276/iter_2,150,180,41,7.661035870434262e-05,0.0057673917519837315,0.03782421019377158,0.003161336159898243,0.04942210834535838,0.10001596808433533
276,1,acute_276,2,acute_276/iter_2,180,210,43,8.597980083822214e-05,0.0061720515381020425,0.03782421019377158,0.0051768887738830585,0.06198374903896217,0.13309617154300213
276,1,acute_276,2,acute_276/iter_2,210,240,67,1.5363497522052332e-06,0.0010440733633036953,0.003558513774771375,0.000996863480129882,0.02144617174314196,0.09094537049531937
276,1,acute_276,2,acute_276/iter_2,240,270,64,2.8739203821671647e-06,0.0013284508692920326,0.00556731010033568,0.0004334978201153852,0.014098007552092895,0.0716706644743681
276,1,acute_276,2,acute_276/iter_2,270,300,47,7.080694653217938e-05,0.0057227444843776076,0.035042238433547424,0.0038799706105054213,0.05316975429524702,0.12634000554680824
276,1,acute_276,2,acute_276/iter_2,300,330,50,7.962230067313657e-05,0.004573349334732648,0.03400219797459758,0.004545849419765956,0.061143180071376264,0.11951171420514584
276,1,acute_276,2,acute_276/iter_2,330,360,65,1.249802432566544e-06,0.000878296087392731,0.0026502916083638965,0.0009752544648045801,0.021190516679332805,0.09168960526585579
276,1,acute_276,3,acute_276/iter_3,0,30,66,1.967866223107919e-06,0.0011495774208296788,0.0030146231294177622,0.0010493424424266897,0.0214178642138105,0.09457119926810265
276,1,acute_276,3,acute_276/iter_3,30,60,50,7.981782878514328e-05,0.0048304369162998064,0.033886202393124676,0.005600750342477737,0.06530911679845303,0.1661605555564165
276,1,acute_276,3,acute_276/iter_3,60,90,47,8.056458592582435e-05,0.006074399023190083,0.04095749448857361,0.0028962576827203574,0.046171137524187875,0.10445565357804298
276,1,acute_276,3,acute_276/iter_3,90,120,64,1.5659611883246463e-06,0.001008024886839856,0.003955900929601127,0.00046789833531454687,0.014683472938486375,0.06704971008002758
276,1,acute_276,3,acute_276/iter_3,120,150,67,1.6962158392413188e-06,0.0010936859383206643,0.0032659341101085003,0.0007143321217104306,0.019372489160871996,0.06603047996759415
276,1,acute_276,3,acute_276/iter_3,150,180,41,7.273948009321203e-05,0.004483324238817915,0.043540872781879125,0.00236134383228659,0.04250132160902977,0.08365272544324398
276,1,acute_276,3,acute_276/iter_3,180,210,43,0.00010316143059954743,0.005233298005182413,0.043540872781879125,0.00368253490940592,0.05177112090060228,0.11298813112080097
276,1,acute_276,3,acute_276/iter_3,210,240,67,1.696215839241319e-06,0.0010936859383206643,0.0032659341101085003,0.0008600090368451017,0.020210158959058904,0.0829559937119484
276,1,acute_276,3,acute_276/iter_3,240,270,64,1.5659611883246463e-06,0.001008024886839856,0.003955900929601127,0.00042562817434938123,0.013757796652498655,0.07368490658700466
276,1,acute_276,3,acute_276/iter_3,270,300,47,8.056458592582435e-05,0.006074399023190083,0.04095749448857361,0.0031116246457840403,0.04706166871000413,0.11205447092652321
276,1,acute_276,3,acute_276/iter_3,300,330,50,7.981782878514328e-05,0.0048304369162998064,0.033886202393124676,0.003658699476901482,0.05488706577569246,0.11836536787450314
276,1,acute_276,3,acute_276/iter_3,330,360,65,1.9980981237279406e-06,0.0011664502143807294,0.0030146231294177622,0.00089584093233869,0.020127906302849833,0.09218000993132591
276,1,acute_276,4,acute_276/iter_4,0,30,66,2.5851822495616588e-06,0.001327048311087817,0.0035043799906925924,0.0007723757988258642,0.01832002105727566,0.08411934599280357
276,1,acute_276,4,acute_276/iter_4,30,60,50,8.103655002824557e-05,0.004917936498287808,0.03698668270432803,0.0035692246186731467,0.05182740743272007,0.13454979099333286
276,1,acute_276,4,acute_276/iter_4,60,90,47,9.076971757098905e-05,0.006294996097814488,0.04588603745673642,0.0019480387846319762,0.03760001942267062,0.08184939250349998
276,1,acute_276,4,acute_276/iter_4,90,120,64,1.3600893457648937e-06,0.0009357747132016403,0.002644826112811083,0.00034931522372333077,0.012715233460767195,0.058680010959506035
276,1,acute_276,4,acute_276/iter_4,120,150,67,1.949739641641121e-06,0.0011281052353157937,0.003707341577424198,0.0005257123624536555,0.016480028625827894,0.05771440640091896
276,1,acute_276,4,acute_276/iter_4,150,180,41,7.810866220485965e-05,0.0039860468382203395,0.04851265009928135,0.0015048246209251157,0.033529832932200826,0.06521902792155743
276,1,acute_276,4,acute_276/iter_4,180,210,43,0.00013131663645262693,0.004969052794693078,0.049431820514645675,0.0022525909584945078,0.04068947461742345,0.09653677977621555
276,1,acute_276,4,acute_276/iter_4,210,240,67,1.949739641641121e-06,0.0011281052353157939,0.003707341577424198,0.0006123512921184991,0.01706166698687724,0.06906717270612717
276,1,acute_276,4,acute_276/iter_4,240,270,64,1.3600893457648937e-06,0.0009357747132016403,0.002644826112811083,0.00032891180426847385,0.01208190355100669,0.06654476188123226
276,1,acute_276,4,acute_276/iter_4,270,300,47,9.076971757098904e-05,0.006294996097814489,0.04588603745673642,0.00216918450101331,0.03875867346350594,0.09401975944638252
276,1,acute_276,4,acute_276/iter_4,300,330,50,8.103655002824554e-05,0.004917936498287808,0.03698668270432803,0.0024881017716573113,0.044643133231438696,0.10431436263024807
276,1,acute_276,4,acute_276/iter_4,330,360,65,2.6248982695782576e-06,0.0013465361270664283,0.0035043799906925924,0.0006483900736040615,0.01715535785143192,0.08048692718148232
276,1,acute_276,5,acute_276/iter_5,0,30,66,2.949667250602635e-06,0.0014133813697515753,0.0037491304446175718,0.0005046739620045825,0.014766054520750362,0.06997308507561684
276,1,acute_276,5,acute_276/iter_5,30,60,50,8.235684667415694e-05,0.004862007710017856,0.03982258381341436,0.002098926535283436,0.03966775826178491,0.10507513768970966
276,1,acute_276,5,acute_276/iter_5,60,90,47,9.722044237665383e-05,0.006287255337284286,0.04943696872001685,0.0012440750735403323,0.029905669317931243,0.06672273948788643
276,1,acute_276,5,acute_276/iter_5,90,120,64,1.4866993924858378e-06,0.0010336498534346868,0.00279308821616351,0.00023689116264377747,0.01051625384207,0.048241740092635155
276,1,acute_276,5,acute_276/iter_5,120,150,67,2.092733251778985e-06,0.001165337014436219,0.004021336244569483,0.00033989698257026974,0.013165667078826132,0.04678492620587349
276,1,acute_276,5,acute_276/iter_5,150,180,41,8.562542204145484e-05,0.003682329398795887,0.05270225831982728,0.0008873174520188894,0.02558173168956007,0.051679978147149086
276,1,acute_276,5,acute_276/iter_5,180,210,43,0.00016040348581697323,0.00489129609435609,0.058183733815956595,0.0012972221279318925,0.030894905822838895,0.07542634941637516
276,1,acute_276,5,acute_276/iter_5,210,240,67,2.092733251778985e-06,0.001165337014436219,0.004021336244569483,0.0003903787977912624,0.013590481375524802,0.0553123764693737
276,1,acute_276,5,acute_276/iter_5,240,270,64,1.486699392485838e-06,0.0010336498534346868,0.00279308821616351,0.00022295545839664944,0.009988663041440304,0.05423032306134701
276,1,acute_276,5,acute_276/iter_5,270,300,47,9.722044237665384e-05,0.006287255337284286,0.04943696872001685,0.0013398880147227248,0.030593447096025364,0.07435620203614235
276,1,acute_276,5,acute_276/iter_5,300,330,50,8.235684667415694e-05,0.004862007710017857,0.03982258381341436,0.0015390242051625353,0.034740571272559466,0.08366035483777523
276,1,acute_276,5,acute_276/iter_5,330,360,65,2.9949787543528675e-06,0.001434102938955161,0.0037491304446175718,0.0004062473329150649,0.0137194630689919,0.06518350169062614
276,1,acute_276,6,acute_276/iter_6,0,30,66,3.1128725826321624e-06,0.0014558274212029703,0.00395826590502673,0.0003117122978249586,0.01159619047856805,0.055545683950185776
276,1,acute_276,6,acute_276/iter_6,30,60,50,8.430074418403645e-05,0.004801972237595197,0.042226738940452535,0.0012098439488012719,0.03036653406918049,0.07807859964668751
276,1,acute_276,6,acute_276/iter_6,60,90,47,0.00010040089629778984,0.006187173316289252,0.05172511891790427,0.0007551521975547923,0.02323728123233292,0.052623484283685684
276,1,acute_276,6,acute_276/iter_6,90,120,64,1.5442974212574917e-06,0.001060818342857392,0.002916220758016917,0.0001509655870016957,0.008426514537859475,0.03842865489423275
276,1,acute_276,6,acute_276/iter_6,120,150,67,2.123642903547872e-06,0.0011757134642907073,0.004088534274996867,0.00020297555465244608,0.010164544017596254,0.03719347435981035
276,1,acute_276,6,acute_276/iter_6,150,180,41,9.27501465198797e-05,0.003597040844210647,0.05616642936530508,0.0005116190644883869,0.019229579846113468,0.04091935604810715
276,1,acute_276,6,acute_276/iter_6,180,210,43,0.00018683247923607381,0.0050056647269325965,0.06498710974577165,0.0007458287450299553,0.023313776753723706,0.05711728520691395
276,1,acute_276,6,acute_276/iter_6,210,240,67,2.1236429035478725e-06,0.0011757134642907073,0.004088534274996867,0.0002417950433837491,0.010589357097146672,0.04377955570816994
276,1,acute_276,6,acute_276/iter_6,240,270,64,1.5442974212574917e-06,0.001060818342857392,0.002916220758016917,0.00013909863314048355,0.007965098364365986,0.04213067702949047
276,1,acute_276,6,acute_276/iter_6,270,300,47,0.00010040089629778985,0.006187173316289252,0.05172511891790427,0.0008030329752395085,0.02386389636701503,0.059527430683374405
276,1,acute_276,6,acute_276/iter_6,300,330,50,8.430074418403643e-05,0.004801972237595197,0.042226738940452535,0.0009017964494154951,0.026465535344323145,0.06547862105071545
276,1,acute_276,6,acute_276/iter_6,330,360,65,3.160684271853556e-06,0.0014771247087773988,0.00395826590502673,0.00023755193722268243,0.01066060340963304,0.049239110201597214
276,1,acute_276,7,acute_276/iter_7,0,30,66,3.1711198296842182e-06,0.0014677132542739483,0.004104722038748319,0.00018840026886822453,0.00906221567526121,0.04403140768408775
276,1,acute_276,7,acute_276/iter_7,30,60,50,8.680289562957433e-05,0.004753329396181862,0.04425686563660908,0.0007160059023886468,0.023428025734610856,0.0590010080486536
276,1,acute_276,7,acute_276/iter_7,60,90,47,0.00010189292272384042,0.006071600822473773,0.05318151605329546,0.00045510532697935914,0.018057051918344284,0.04039369896054268
276,1,acute_276,7,acute_276/iter_7,90,120,64,1.5286039506288919e-06,0.0010481858077218144,0.0030178685449163897,9.208611375179058e-05,0.006601295055588707,0.03019009716808796
276,1,acute_276,7,acute_276/iter_7,120,150,67,2.111047844905661e-06,0.0011795063296048333,0.003995795659242483,0.00011399344047877428,0.007702051789617972,0.027535351924598217
276,1,acute_276,7,acute_276/iter_7,150,180,41,9.910382993093763e-05,0.0035035426787880315,0.05900500878686066,0.0002903618873534001,0.01430258173609107,0.0318926889449358
276,1,acute_276,7,acute_276/iter_7,180,210,43,0.0002099476633561754,0.005071520060221441,0.07034036131761817,0.0004406270434680008,0.017818660430642667,0.042663389816880226
276,1,acute_276,7,acute_276/iter_7,210,240,67,2.111047844905661e-06,0.0011795063296048333,0.003995795659242483,0.00014230260127889041,0.008104779663732025,0.033768270164728165
276,1,acute_276,7,acute_276/iter_7,240,270,64,1.5286039506288917e-06,0.0010481858077218144,0.0030178685449163897,8.721807401999887e-05,0.006340769778034883,0.033194517716765404
276,1,acute_276,7,acute_276/iter_7,270,300,47,0.00010189292272384042,0.006071600822473775,0.05318151605329546,0.000492010331546141,0.01871338524924408,0.046013299375772476
276,1,acute_276,7,acute_276/iter_7,300,330,50,8.680289562957433e-05,0.004753329396181862,0.04425686563660908,0.0005128791087869558,0.019853920345194637,0.048302626237273216
276,1,acute_276,7,acute_276/iter_7,330,360,65,3.2198183091361384e-06,0.001489130044995814,0.004104722038748319,0.00013873320277997653,0.00825580106689953,0.03681230917572975
276,1,acute_276,8,acute_276/iter_8,0,30,66,3.1852597233928737e-06,0.0014638783685249563,0.004179709626157189,0.00011629056419595256,0.007176189457602573,0.03510943427681923
276,1,acute_276,8,acute_276/iter_8,30,60,50,8.949239490727174e-05,0.004715546246252773,0.045971981935349626,0.00041793727571343397,0.01789382139220834,0.04381173849105835
276,1,acute_276,8,acute_276/iter_8,60,90,47,0.00010272033214979529,0.005960647823040651,0.05417686728599258,0.0002850166382712692,0.014211655025800164,0.030682574957609177
276,1,acute_276,8,acute_276/iter_8,90,120,64,1.5009365594535176e-06,0.0010290632741726481,0.0031012321132769596,5.606999807872303e-05,0.005160290340427309,0.023390566930174828
276,1,acute_276,8,acute_276/iter_8,120,150,67,2.0895633989109427e-06,0.0011827277968991933,0.0038621934621369466,6.675729979204221e-05,0.005909624943898907,0.022080624708905816
276,1,acute_276,8,acute_276/iter_8,150,180,41,0.00010473089616334488,0.0034031400994905727,0.061322853636014585,0.00016157338832477005,0.010545071210178388,0.02352302218787372
276,1,acute_276,8,acute_276/iter_8,180,210,43,0.00022986012472428634,0.005099422255696822,0.07458828555890468,0.00026315347669289747,0.013666595634192142,0.03141440637409687
276,1,acute_276,8,acute_276/iter_8,210,240,67,2.0895633989109427e-06,0.001182727796899193,0.0038621934621369466,8.242664507210875e-05,0.006171412001461235,0.025978777557611465
276,1,acute_276,8,acute_276/iter_8,240,270,64,1.5009365594535176e-06,0.0010290632741726481,0.0031012321132769596,5.495204186400998e-05,0.005068234910140745,0.026463476940989494
276,1,acute_276,8,acute_276/iter_8,270,300,47,0.00010272033214979529,0.005960647823040652,0.05417686728599258,0.00031565062048943647,0.014894931181922227,0.03532043844461441
276,1,acute_276,8,acute_276/iter_8,300,330,50,8.949239490727174e-05,0.0047155462462527735,0.045971981935349626,0.00030895697698291453,0.015284784946125,0.03588016517460346
276,1,acute_276,8,acute_276/iter_8,330,360,65,3.2341677179686656e-06,0.001485184279556577,0.004179709626157189,8.20875093442761e-05,0.006423337657291156,0.028274089097976685
276,1,acute_276,9,acute_276/iter_9,0,30,66,3.181718719232454e-06,0.00145174091125188,0.0042188730541334075,7.436104962315236e-05,0.005777004104333393,0.028008203953504562
276,1,acute_276,9,acute_276/iter_9,30,60,50,9.213755266385277e-05,0.004689392819331129,0.047425133892986415,0.00025878319326729475,0.013963311635889113,0.031991468742489815
276,1,acute_276,9,acute_276/iter_9,60,90,47,0.00010327385740159726,0.005858755240269994,0.05490908388316734,0.00018925264094627917,0.01142932420724661,0.02535206638276577
276,1,acute_276,9,acute_276/iter_9,90,120,64,1.4867957806375139e-06,0.001010836617105919,0.0031694037463286875,3.4264822877887204e-05,0.004044331537443213,0.018084896728396416
276,1,acute_276,9,acute_276/iter_9,120,150,67,2.0661473185096846e-06,0.0011825436323778867,0.0037229154202640564,4.041571300650928e-05,0.0045926679870975555,0.0178685849532485
276,1,acute_276,9,acute_276/iter_9,150,180,41,0.00010964126936998314,0.0033450209910181558,0.06321440752959617,9.804769868086408e-05,0.008297038953126659,0.018595685018226504
276,1,acute_276,9,acute_276/iter_9,180,210,43,0.00024679648088992903,0.005143216948330494,0.07797781474511306,0.0001603307772937856,0.010571213386313947,0.024708956480026245
276,1,acute_276,9,acute_276/iter_9,210,240,67,2.066147318509684e-06,0.0011825436323778867,0.0037229154202640564,4.9771146682384814e-05,0.004761362851444465,0.020418807864189148
276,1,acute_276,9,acute_276/iter_9,240,270,64,1.4867957806375137e-06,0.001010836617105919,0.0031694037463286875,3.532315088661531e-05,0.004106094638700597,0.02091396041214466
276,1,acute_276,9,acute_276/iter_9,270,300,47,0.00010327385740159724,0.005858755240269996,0.05490908388316734,0.00021080733110842565,0.012045282772537866,0.02751324325799942
276,1,acute_276,9,acute_276/iter_9,300,330,50,9.213755266385275e-05,0.004689392819331129,0.047425133892986415,0.00019423224004701674,0.011963218318996952,0.026779799722135067
276,1,acute_276,9,acute_276/iter_9,330,360,65,3.230565404169783e-06,0.0014728175876322022,0.0042188730541334075,5.029351007960358e-05,0.005066554735486324,0.022152837365865707
276,1,acute_276,10,acute_276/iter_10,0,30,66,3.170588503855379e-06,0.0014355268715063054,0.004238205803075334,4.7880821756135295e-05,0.004670090126720342,0.022190134972333908
276,1,acute_276,10,acute_276/iter_10,30,60,50,9.463715403376787e-05,0.0046963584726512865,0.0486616677583836,0.0001729184975605378,0.011113360906019807,0.0255420058965683
276,1,acute_276,10,acute_276/iter_10,60,90,47,0.00010364973209244027,0.005780288983536709,0.05546702291387329,0.00013027755223895813,0.009470244853644621,0.02176937460899353
276,1,acute_276,10,acute_276/iter_10,90,120,64,1.485736093150796e-06,0.000997332422556947,0.0032249569776736514,2.1165592253063234e-05,0.003187602531397715,0.013860585168004036
276,1,acute_276,10,acute_276/iter_10,120,150,67,2.041068234073234e-06,0.001179530872052831,0.0035876145609498485,2.5063996428903757e-05,0.0036117550708464723,0.01448816992342472
276,1,acute_276,10,acute_276/iter_10,150,180,41,0.0001138565943032314,0.003299682381797074,0.06475774757960018,6.324412278761353e-05,0.0066592762553382935,0.015378812327980995
276,1,acute_276,10,acute_276/iter_10,180,210,43,0.000261054926450486,0.005180026308314147,0.08069413632561317,0.0001031303163288853,0.008361189540876291,0.022233247756958008
276,1,acute_276,10,acute_276/iter_10,210,240,67,2.0410682340732345e-06,0.0011795308720528308,0.0035876145609498485,3.0657323130190446e-05,0.003702146015060482,0.016437791287899017
276,1,acute_276,10,acute_276/iter_10,240,270,64,1.485736093150796e-06,0.000997332422556947,0.0032249569776736514,2.3402662072554608e-05,0.0033723031519912183,0.01670561544597149
276,1,acute_276,10,acute_276/iter_10,270,300,47,0.00010364973209244026,0.005780288983536708,0.05546702291387329,0.00014275856623533384,0.009878374766366447,0.021752040833234787
276,1,acute_276,10,acute_276/iter_10,300,330,50,9.463715403376787e-05,0.004696358472651286,0.0486616677583836,0.00013107873633239086,0.009559715985087678,0.025184690952301025
276,1,acute_276,10,acute_276/iter_10,330,360,65,3.2192581868404815e-06,0.0014563193078553833,0.004238205803075334,3.153987167906535e-05,0.004048856935248925,0.017401933670043945
276,1,acute_276,11,acute_276/iter_11,0,30,66,3.1573199788730403e-06,0.001422890132610543,0.004245858937798819,3.061835779209996e-05,0.0037674965957800546,0.01785585656762123
276,1,acute_276,11,acute_276/iter_11,30,60,50,9.694233841501007e-05,0.0047222340780963545,0.049718765781258834,0.00012288004065973406,0.00907153491396457,0.026022031903266907
276,1,acute_276,11,acute_276/iter_11,60,90,47,0.0001038690611741847,0.005703722837057219,0.05589453609192546,9.768107949424356e-05,0.008156485913941846,0.02229475975036621
276,1,acute_276,11,acute_276/iter_11,90,120,64,1.4918363922851186e-06,0.0009888237904719982,0.003270376764322229,1.3108164764742388e-05,0.0025286933523602784,0.010784508660435677
276,1,acute_276,11,acute_276/iter_11,120,150,67,2.0147411239959047e-06,0.0011748507512331305,0.003459040559027876,1.5871486475497504e-05,0.0028555124525481194,0.011721819639205933
276,1,acute_276,11,acute_276/iter_11,150,180,41,0.00011743136864669228,0.003264772830161995,0.06601625805480243,4.344180442190166e-05,0.00540186134990441,0.014185041189193726
276,1,acute_276,11,acute_276/iter_11,180,210,43,0.0002729709998847879,0.005211539626994532,0.08287864440771125,6.868095867030339e-05,0.006698051588014202,0.02014446258544922
276,1,acute_276,11,acute_276/iter_11,210,240,67,2.0147411239959047e-06,0.0011748507512331305,0.003459040559027876,1.9387526113558747e-05,0.0029163288869964543,0.01325150951743126
276,1,acute_276,11,acute_276/iter_11,240,270,64,1.4918363922851186e-06,0.0009888237904719982,0.003270376764322229,1.602365351495021e-05,0.0028216173814143986,0.01372029073536396
276,1,acute_276,11,acute_276/iter_11,270,300,47,0.00010386906117418473,0.00570372283705722,0.05589453609192546,0.00010461605558848522,0.008424293020885052,0.020393460988998413
276,1,acute_276,11,acute_276/iter_11,300,330,50,9.69423384150101e-05,0.004722234078096355,0.049718765781258834,9.327461960965304e-05,0.00786301676183939,0.02398836612701416
276,1,acute_276,11,acute_276/iter_11,330,360,65,3.205780678109404e-06,0.0014434595950350358,0.004245858937798819,2.0665834272116776e-05,0.0032857312892492,0.01431349664926529
276,1,acute_276,12,acute_276/iter_12,0,30,66,3.1460598936433367e-06,0.0014133967154222658,0.00424653798948136,2.01920995471145e-05,0.003071703609417785,0.01517348363995552
276,1,acute_276,12,acute_276/iter_12,30,60,50,9.90375187598285e-05,0.004743690899243799,0.0506274825725031,9.097864587388628e-05,0.007631629761308431,0.026459738612174988
276,1,acute_276,12,acute_276/iter_12,60,90,47,0.00010395280924218495,0.005635317937585875,0.056220227570953574,7.876414432568322e-05,0.007256354337980465,0.02265724539756775
276,1,acute_276,12,acute_276/iter_12,90,120,64,1.5009309912922187e-06,0.0009841144489783663,0.0033074378270712065,8.235822389403692e-06,0.0020207367197144777,0.008356532081961632
276,1,acute_276,12,acute_276/iter_12,120,150,67,1.9882257526119683e-06,0.001169363398189406,0.003337611532337907,1.03238762368218e-05,0.00228058569022079,0.009567288681864738
276,1,acute_276,12,acute_276/iter_12,150,180,41,0.00012043398783438127,0.003237962776273456,0.06704173832427732,3.213821221396505e-05,0.004449593259600877,0.016384035348892212
276,1,acute_276,12,acute_276/iter_12,180,210,43,0.0002828741123300741,0.005238590998222671,0.08464024693331601,4.754012742464717e-05,0.0054850480424478475,0.018392503261566162
276,1,acute_276,12,acute_276/iter_12,210,240,67,1.9882257526119687e-06,0.001169363398189406,0.003337611532337907,1.2586800323399813e-05,0.0023342015972333168,0.010698594152927399
276,1,acute_276,12,acute_276/iter_12,240,270,64,1.5009309912922187e-06,0.0009841144489783663,0.0033074378270712065,1.121824928159153e-05,0.0024042298609856516,0.011264638975262642
276,1,acute_276,12,acute_276/iter_12,270,300,47,0.00010395280924218499,0.0056353179375858735,0.056220227570953574,8.236485429820503e-05,0.007426196985606827,0.02070915699005127
276,1,acute_276,12,acute_276/iter_12,300,330,50,9.90375187598285e-05,0.0047436908992438,0.0506274825725031,7.16994122922436e-05,0.0067301236069761215,0.02301567792892456
276,1,acute_276,12,acute_276/iter_12,330,360,65,3.1943433204311212e-06,0.0014337968063836371,0.00424653798948136,1.4089271409502974e-05,0.002727227915938084,0.012279026210308075
276,1,acute_276,13,acute_276/iter_13,0,30,66,3.137753137367739e-06,0.001404942509113735,0.004242922038760234,1.3680485178414464e-05,0.0025269435718655586,0.013032473623752594
276,1,acute_276,13,acute_276/iter_13,30,60,50,0.00010092653794474009,0.004759618359676471,0.0514129981112898,7.089480191740084e-05,0.0065583096258342265,0.026858776807785034
276,1,acute_276,13,acute_276/iter_13,60,90,47,0.00010392574371251627,0.005581797568758626,0.0564657514527111,6.686775874254992e-05,0.006591938960055097,0.02290967106819153
276,1,acute_276,13,acute_276/iter_13,90,120,64,1.510749780904982e-06,0.000981926695858715,0.0033377006902759326,5.298216825586446e-06,0.0016366149939130992,0.00666678324341774
276,1,acute_276,13,acute_276/iter_13,120,150,67,1.9623358273718922e-06,0.0011635619588567815,0.00322343380702066,6.919995546520456e-06,0.001858943044694502,0.007965561002492905
276,1,acute_276,13,acute_276/iter_13,150,180,41,0.00012293654241097793,0.0032212846923293705,0.06787657649075837,2.564011991847027e-05,0.0037556252763152305,0.01813483238220215
276,1,acute_276,13,acute_276/iter_13,180,210,43,0.0002910685586320114,0.005265520585656335,0.08606379096923994,3.415608178156619e-05,0.0045829480446247,0.01693350076675415
276,1,acute_276,13,acute_276/iter_13,210,240,67,1.9623358273718922e-06,0.0011635619588567815,0.00322343380702066,8.428416043426753e-06,0.0019249149612081584,0.008981849998235703
276,1,acute_276,13,acute_276/iter_13,240,270,64,1.5107497809049818e-06,0.000981926695858715,0.0033377006902759326,7.755724334618567e-06,0.0020518856472335756,0.00920073501765728
276,1,acute_276,13,acute_276/iter_13,270,300,47,0.00010392574371251627,0.005581797568758626,0.0564657514527111,6.852278756759299e-05,0.006714691079941212,0.02089107036590576
276,1,acute_276,13,acute_276/iter_13,300,330,50,0.0001009265379447401,0.004759618359676471,0.0514129981112898,5.808458370438679e-05,0.005913052547257393,0.022512346506118774
276,1,acute_276,13,acute_276/iter_13,330,360,65,3.1859054125522574e-06,0.0014251934730946322,0.004242922038760234,9.910193640294605e-06,0.002293568763595361,0.01062123104929924
276,1,acute_276,14,acute_276/iter_14,0,30,66,3.131452244724342e-06,0.001397814564686787,0.004236643988031613,9.570468944673855e-06,0.0021271745984752974,0.011332537978887558
276,1,acute_276,14,acute_276/iter_14,30,60,50,0.00010262530217242643,0.004772165599973618,0.05209632791515151,5.868968332571292e-05,0.005741627202369272,0.027200669050216675
276,1,acute_276,14,acute_276/iter_14,60,90,47,0.0001038109799162578,0.005532458571868698,0.05664760944768277,5.911342917915196e-05,0.006058000933603096,0.023088127374649048
276,1,acute_276,14,acute_276/iter_14,90,120,64,1.5202387323049973e-06,0.000981282944250103,0.003362484827205199,3.477591437774563e-06,0.0013514429738279432,0.005315275862812996
276,1,acute_276,14,acute_276/iter_14,120,150,67,1.9374987561848546e-06,0.0011587365513481805,0.003116277514755749,4.768352242045791e-06,0.0015393596754145267,0.006657097488641739
276,1,acute_276,14,acute_276/iter_14,150,180,41,0.00012500602372994183,0.0032123460233862027,0.06855494101262877,2.1884791114969184e-05,0.0032475916342241916,0.019534677267074585
276,1,acute_276,14,acute_276/iter_14,180,210,43,0.00029782353383763464,0.005291947362802733,0.08721619518363682,2.554578303010745e-05,0.003910081993062916,0.01572507619857788
276,1,acute_276,14,acute_276/iter_14,210,240,67,1.937498756184854e-06,0.0011587365513481805,0.003116277514755749,5.836620528102414e-06,0.0016249737966416487,0.007614068686962128
276,1,acute_276,14,acute_276/iter_14,240,270,64,1.5202387323049973e-06,0.000981282944250103,0.003362484827205199,5.32941997885046e-06,0.0017479528032708913,0.007382703945040703
276,1,acute_276,14,acute_276/iter_14,270,300,47,0.0001038109799162578,0.005532458571868695,0.05664760944768277,5.9023260468578544e-05,0.006165384774578071,0.020999401807785034
276,1,acute_276,14,acute_276/iter_14,300,330,50,0.00010262530217242643,0.004772165599973618,0.05209632791515151,4.9437480427092295e-05,0.00531837685033679,0.022646591067314148
276,1,acute_276,14,acute_276/iter_14,330,360,65,3.1795048006635007e-06,0.0014179402603666756,0.004236643988031613,7.163093300302781e-06,0.0019590011296363977,0.009209368377923965
276,1,acute_276,15,acute_276/iter_15,0,30,66,3.126268315756675e-06,0.0013918462717619642,0.004228833634425128,6.958914877538243e-06,0.0018233299311814885,0.009974110871553421
276,1,acute_276,15,acute_276/iter_15,30,60,50,0.00010415560958129863,0.004780815160453553,0.05269479345843614,5.1134464546095e-05,0.0051303736492991445,0.0275333970785141
276,1,acute_276,15,acute_276/iter_15,60,90,47,0.00010362918347718536,0.005483764747066199,0.056779365323391284,5.407009601449557e-05,0.0056605127609416625,0.023217767477035522
276,1,acute_276,15,acute_276/iter_15,90,120,64,1.5288923818511026e-06,0.0009815008190434422,0.003382659537227682,2.333390092184066e-06,0.0011313237191643566,0.0042606741189956665
276,1,acute_276,15,acute_276/iter_15,120,150,67,1.9138228389584333e-06,0.0011541888475085286,0.003016039901157525,3.379619779167122e-06,0.001302346197971657,0.00561528280377388
276,1,acute_276,15,acute_276/iter_15,150,180,41,0.00012670577719265703,0.0032057227764328337,0.06910540075862548,1.977915184750897e-05,0.0028505737271455186,0.020658046007156372
276,1,acute_276,15,acute_276/iter_15,180,210,43,0.00030337399306914185,0.005314203945888787,0.08815029306748778,1.985905648626414e-05,0.003383238211025072,0.014720827341079712
276,1,acute_276,15,acute_276/iter_15,210,240,67,1.9138228389584333e-06,0.0011541888475085286,0.003016039901157525,4.199844775819596e-06,0.001406565475374905,0.006556682288646698
276,1,acute_276,15,acute_276/iter_15,240,270,64,1.5288923818511026e-06,0.0009815008190434422,0.003382659537227682,3.770473422220642e-06,0.0015022701118141413,0.0059496816247701645
276,1,acute_276,15,acute_276/iter_15,270,300,47,0.00010362918347718534,0.005483764747066199,0.056779365323391284,5.259699845751669e-05,0.005744070427874945,0.02106347680091858
276,1,acute_276,15,acute_276/iter_15,300,330,50,0.00010415560958129863,0.004780815160453554,0.05269479345843614,4.403035871055468e-05,0.004849112823139876,0.02279818058013916
276,1,acute_276,15,acute_276/iter_15,330,360,65,3.1742388188498887e-06,0.001411867377681824,0.004228833634425128,5.3601466498156155e-06,0.0016944986409865893,0.008073713630437851
276,1,acute_276,16,acute_276/iter_16,0,30,66,3.12155738821647e-06,0.0013867999786236203,0.004220012604597218,5.2680517946455745e-06,0.0016040119596502998,0.008882716298103333
276,1,acute_276,16,acute_276/iter_16,30,60,50,0.00010554012967018402,0.004786519214585391,0.0532226003094185,4.62675699089701e-05,0.004655503984540701,0.02785588800907135
276,1,acute_276,16,acute_276/iter_16,60,90,47,0.00010339447041043702,0.005436290108563538,0.056870863142360895,5.0591635096677286e-05,0.00540147059825571,0.02331554889678955
276,1,acute_276,16,acute_276/iter_16,90,120,64,1.5365636585815888e-06,0.0009821437569089955,0.0033990237415498295,1.6089249730834808e-06,0.0009587632666807622,0.003443026915192604
276,1,acute_276,16,acute_276/iter_16,120,150,67,1.8912802741794666e-06,0.0011495826756898419,0.0030190740886369485,2.4786291687443067e-06,0.0011417181022576432,0.004787301644682884
276,1,acute_276,16,acute_276/iter_16,150,180,41,0.00012809326141478627,0.003199900410549132,0.06955092585812461,1.860038532660754e-05,0.002537843096921811,0.02156168222427368
276,1,acute_276,16,acute_276/iter_16,180,210,43,0.00030792146036773217,0.005332048742432861,0.0889080065956469,1.6037710889245374e-05,0.0029581834272438185,0.013887137174606323
276,1,acute_276,16,acute_276/iter_16,210,240,67,1.8912802741794662e-06,0.0011495826756898419,0.0030190740886369485,3.155760317839959e-06,0.0012451431144084504,0.005715608596801758
276,1,acute_276,16,acute_276/iter_16,240,270,64,1.5365636585815888e-06,0.0009821437569089955,0.0033990237415498295,2.765766830399043e-06,0.0013191180769354105,0.004806455224752426
276,1,acute_276,16,acute_276/iter_16,270,300,47,0.00010339447041043698,0.00543629010856354,0.056870863142360895,4.814498684811455e-05,0.005452228510817959,0.02110263705253601
276,1,acute_276,16,acute_276/iter_16,300,330,50,0.00010554012967018404,0.00478651921458539,0.0532226003094185,4.05514387488171e-05,0.004473578655160963,0.02296161651611328
276,1,acute_276,16,acute_276/iter_16,330,360,65,3.169453521929172e-06,0.0014067330236226876,0.004220012604597218,4.158301313344407e-06,0.0014856414726147284,0.007148858159780502
276,1,acute_276,17,acute_276/iter_17,0,30,66,3.1169703593186975e-06,0.0013824329893541462,0.0042103789005994915,4.153640857199227e-06,0.0014333203717163115,0.008000213652849197
276,1,acute_276,17,acute_276/iter_17,30,60,50,0.0001067999719505956,0.0047900263052718575,0.053691256469804605,4.316983040296672e-05,0.004304217169992626,0.028166890144348145
276,1,acute_276,17,acute_276/iter_17,60,90,47,0.00010311988108506827,0.005390335124557665,0.05693006538505918,4.81436065787261e-05,0.005195814253114649,0.023374497890472412
276,1,acute_276,17,acute_276/iter_17,90,120,64,1.5431790043555874e-06,0.0009829155437601688,0.0034125329562059714,1.1496773733405091e-06,0.0008237564179580659,0.0027906112372875214
276,1,acute_276,17,acute_276/iter_17,120,150,67,1.8698069570381635e-06,0.0011449834914296112,0.003031750568966797,1.9069893678500376e-06,0.001022890071148303,0.004192810505628586
276,1,acute_276,17,acute_276/iter_17,150,180,41,0.00012922098001678096,0.003193902422621276,0.06991069840218653,1.796513572216494e-05,0.0023039047756777484,0.02228960394859314
276,1,acute_276,17,acute_276/iter_17,180,210,43,0.00031163954520159644,0.00534551427357385,0.08952306944331173,1.340687176748425e-05,0.002617996685520941,0.013195931911468506
276,1,acute_276,17,acute_276/iter_17,210,240,67,1.8698069570381635e-06,0.0011449834914296117,0.003031750568966797,2.4802461135207104e-06,0.0011295258665262762,0.005039215087890625
276,1,acute_276,17,acute_276/iter_17,240,270,64,1.5431790043555874e-06,0.0009829155437601688,0.0034125329562059714,2.1132330590011733e-06,0.0011781533539760858,0.0038902051746845245
276,1,acute_276,17,acute_276/iter_17,270,300,47,0.00010311988108506827,0.005390335124557666,0.05693006538505918,4.505224966381159e-05,0.0052193028524461045,0.02112966775894165
276,1,acute_276,17,acute_276/iter_17,300,330,50,0.0001067999719505956,0.0047900263052718575,0.053691256469804605,3.844024343833944e-05,0.004206447298638522,0.023132070899009705
276,1,acute_276,17,acute_276/iter_17,330,360,65,3.1647943553305573e-06,0.0014022902749668076,0.0042103789005994915,3.369816801801324e-06,0.0013203958192696938,0.006397183984518051
276,1,acute_276,18,acute_276/iter_18,0,30,66,3.11230808172227e-06,0.0013785474967385246,0.004200140410803781,3.409633863779476e-06,0.0013057332993908362,0.007271315902471542
276,1,acute_276,18,acute_276/iter_18,30,60,50,0.00010795439402067251,0.004791916052300731,0.05411034792057362,4.122802164315602e-05,0.00404621736612171,0.028465330600738525
276,1,acute_276,18,acute_276/iter_18,60,90,47,0.00010281675734192913,0.005346121437369495,0.05696302043815299,4.6362220414506e-05,0.0050301310159526075,0.023419946432113647
276,1,acute_276,18,acute_276/iter_18,90,120,64,1.5487948735749721e-06,0.0009836757606899353,0.003423558077791204,8.546919911868477e-07,0.0007249107293318957,0.002316974103450775
276,1,acute_276,18,acute_276/iter_18,120,150,67,1.8493342769898112e-06,0.0011404343950498338,0.0030420582416224654,1.5557435633633953e-06,0.0009323960976369345,0.00375923328101635
276,1,acute_276,18,acute_276/iter_18,150,180,41,0.00013013268206497452,0.0031877149034308734,0.07020021611567337,1.768937368223615e-05,0.0021316538261045223,0.022875964641571045
276,1,acute_276,18,acute_276/iter_18,180,210,43,0.0003146723619550106,0.005355366722086626,0.09002243818197775,1.1561791407900585e-05,0.0023422049328706467,0.012623339891433716
276,1,acute_276,18,acute_276/iter_18,210,240,67,1.8493342769898112e-06,0.0011404343950498338,0.0030420582416224654,2.0348501482071197e-06,0.0010433577612709644,0.004491761326789856
276,1,acute_276,18,acute_276/iter_18,240,270,64,1.548794873574972e-06,0.0009836757606899353,0.003423558077791204,1.6919780897808878e-06,0.001072571030817926,0.0031534694135189056
276,1,acute_276,18,acute_276/iter_18,270,300,47,0.00010281675734192912,0.005346121437369495,0.05696302043815299,4.283277269844957e-05,0.005026497359373954,0.021153151988983154
276,1,acute_276,18,acute_276/iter_18,300,330,50,0.00010795439402067248,0.004791916052300731,0.05411034792057362,3.725128857447622e-05,0.004037881256081164,0.023305997252464294
276,1,acute_276,18,acute_276/iter_18,330,360,65,3.1600590799874506e-06,0.00139833809624068,0.004200140410803781,2.864050225048604e-06,0.0012074181380180213,0.00578988716006279
276,1,acute_276,19,acute_276/iter_19,0,30,66,3.1074092625560107e-06,0.0013750017492152738,0.004189327117152825,2.898305232198702e-06,0.0012094685243386211,0.006616894155740738
276,1,acute_276,19,acute_276/iter_19,30,60,50,0.00010902013769744707,0.00479259099109137,0.054487813892484305,4.0083773777586935e-05,0.0038437497755512595,0.02875177562236786
276,1,acute_276,19,acute_276/iter_19,60,90,47,0.00010249653008707963,0.005303809373303797,0.05697484503280964,4.503755170338168e-05,0.004903952362160744,0.023462891578674316
276,1,acute_276,19,acute_276/iter_19,90,120,64,1.5534807269751024e-06,0.0009844376963292658,0.003432295950581643,6.651488216681588e-07,0.0006506626959890127,0.0021985378116369247
276,1,acute_276,19,acute_276/iter_19,120,150,67,1.829766131285853e-06,0.0011359474760323908,0.0030505496356582756,1.3357457136182986e-06,0.0008611436933279037,0.0034287292510271072
276,1,acute_276,19,acute_276/iter_19,150,180,41,0.00013086467234948608,0.0031814064107585035,0.07043209460313923,1.7625857580231856e-05,0.0019952078454946055,0.023353248834609985
276,1,acute_276,19,acute_276/iter_19,180,210,43,0.0003171398587334332,0.005362305697733952,0.09042792219178919,1.023958124199471e-05,0.0021370373203332513,0.012148797512054443
276,1,acute_276,19,acute_276/iter_19,210,240,67,1.829766131285853e-06,0.001135947476032391,0.0030505496356582756,1.733872498161178e-06,0.0009893882574874963,0.00400828942656517
276,1,acute_276,19,acute_276/iter_19,240,270,64,1.5534807269751024e-06,0.0009844376963292658,0.003432295950581643,1.4202877928051814e-06,0.0009900338773149997,0.002560121938586235
276,1,acute_276,19,acute_276/iter_19,270,300,47,0.00010249653008707963,0.005303809373303799,0.05697484503280964,4.118762323225302e-05,0.004875236103698819,0.02117818593978882
276,1,acute_276,19,acute_276/iter_19,300,330,50,0.00010902013769744707,0.00479259099109137,0.054487813892484305,3.66256352806908e-05,0.003922304392326623,0.023481175303459167
276,1,acute_276,19,acute_276/iter_19,330,360,65,3.155083846187784e-06,0.0013947321232582542,0.004189327117152825,2.5399299317402796e-06,0.0011269674851344183,0.005296345800161362
276,1,acute_276,20,acute_276/iter_20,0,30,66,3.102265068955658e-06,0.0013717434765779574,0.004177989930397405,2.556840039938643e-06,0.0011428464768510876,0.0060930922627449036
276,1,acute_276,20,acute_276/iter_20,30,60,50,0.00011001066686762774,0.0047922917445545575,0.05482988097331967,3.939883796837073e-05,0.003684761682525277,0.029026329517364502
276,1,acute_276,20,acute_276/iter_20,60,90,47,0.0001021692603315865,0.005263588455487146,0.05696955996412767,4.401703609751181e-05,0.004802013042864657,0.023506760597229004
276,1,acute_276,20,acute_276/iter_20,90,120,64,1.5573386246912215e-06,0.0009852660470226556,0.003439476914938115,5.428984846332337e-07,0.000592897878959775,0.0020987391471862793
276,1,acute_276,20,acute_276/iter_20,120,150,67,1.8110839184271956e-06,0.0011315440867443864,0.0030574861785703303,1.1959382127905837e-06,0.0008167500482566321,0.0031721647828817368
276,1,acute_276,20,acute_276/iter_20,150,180,41,0.00013144838812037088,0.0031750526330171476,0.07061691766230424,1.767886314380959e-05,0.0019159458943915257,0.02373957633972168
276,1,acute_276,20,acute_276/iter_20,180,210,43,0.0003191420832836911,0.005366916190450903,0.09075702027033566,9.27218210652674e-06,0.0019733666260943338,0.011755585670471191
276,1,acute_276,20,acute_276/iter_20,210,240,67,1.8110839184271954e-06,0.0011315440867443864,0.0030574861785703303,1.5323446408353406e-06,0.000950932502746582,0.0035952292382717133
276,1,acute_276,20,acute_276/iter_20,240,270,64,1.5573386246912215e-06,0.0009852660470226556,0.003439476914938115,1.2450046263474067e-06,0.000930584705201909,0.0022059716284275055
276,1,acute_276,20,acute_276/iter_20,270,300,47,0.0001021692603315865,0.005263588455487146,0.05696955996412767,3.9972309226957255e-05,0.004758983584364846,0.0212077796459198
276,1,acute_276,20,acute_276/iter_20,300,330,50,0.00011001066686762774,0.0047922917445545575,0.05482988097331967,3.63443397997928e-05,0.003865595879033208,0.023655861616134644
276,1,acute_276,20,acute_276/iter_20,330,360,65,3.1498596535507355e-06,0.0013914190965855083,0.004177989930397405,2.3329610195482633e-06,0.0010747076513675543,0.00489325076341629
