phi_index,mean,std,variance,source_split,feature_count,dataset_path
1,0.0,6.157925128936768,37.920040130615234,train,19,/Users/jcy/research/PINN/dataset/32/32_cellcenter_hcross_normal.h5
2,0.0,4.792238712310791,22.965551376342773,train,19,/Users/jcy/research/PINN/dataset/32/32_cellcenter_hcross_normal.h5
3,0.0,6.155098915100098,37.8852424621582,train,19,/Users/jcy/research/PINN/dataset/32/32_cellcenter_hcross_normal.h5
4,0.0,4.76759147644043,22.729928970336914,train,19,/Users/jcy/research/PINN/dataset/32/32_cellcenter_hcross_normal.h5
5,0.0,2.835719347000122,8.041304588317871,train,19,/Users/jcy/research/PINN/dataset/32/32_cellcenter_hcross_normal.h5
6,0.0,4.770097255706787,22.753828048706055,train,19,/Users/jcy/research/PINN/dataset/32/32_cellcenter_hcross_normal.h5
7,0.0,6.155234336853027,37.88690948486328,train,19,/Users/jcy/research/PINN/dataset/32/32_cellcenter_hcross_normal.h5
8,0.0,4.795043468475342,22.992441177368164,train,19,/Users/jcy/research/PINN/dataset/32/32_cellcenter_hcross_normal.h5
9,0.0,6.162351608276367,37.974578857421875,train,19,/Users/jcy/research/PINN/dataset/32/32_cellcenter_hcross_normal.h5
10,0.0,0.7058046460151672,0.4981602132320404,train,19,/Users/jcy/research/PINN/dataset/32/32_cellcenter_hcross_normal.h5
11,0.0,0.7062289118766785,0.49875926971435547,train,19,/Users/jcy/research/PINN/dataset/32/32_cellcenter_hcross_normal.h5
12,0.0,0.7060310244560242,0.49847981333732605,train,19,/Users/jcy/research/PINN/dataset/32/32_cellcenter_hcross_normal.h5
13,0.0,0.7062663435935974,0.49881213903427124,train,19,/Users/jcy/research/PINN/dataset/32/32_cellcenter_hcross_normal.h5
14,0.0,0.7058261036872864,0.4981904923915863,train,19,/Users/jcy/research/PINN/dataset/32/32_cellcenter_hcross_normal.h5
15,0.0,0.7084065675735474,0.5018398761749268,train,19,/Users/jcy/research/PINN/dataset/32/32_cellcenter_hcross_normal.h5
16,0.0,0.7079835534095764,0.5012407302856445,train,19,/Users/jcy/research/PINN/dataset/32/32_cellcenter_hcross_normal.h5
17,0.0,0.7081809043884277,0.5015202164649963,train,19,/Users/jcy/research/PINN/dataset/32/32_cellcenter_hcross_normal.h5
18,0.0,0.707946240901947,0.5011878609657288,train,19,/Users/jcy/research/PINN/dataset/32/32_cellcenter_hcross_normal.h5
19,0.0,0.7083851099014282,0.5018094778060913,train,19,/Users/jcy/research/PINN/dataset/32/32_cellcenter_hcross_normal.h5
