stat_mode,split,shape_type,blueprint_count,node_count,mean,std,min,p01,p05,p25,p50,p75,p95,p99,max
sample,train,all,5208,13837624,0.0,0.02438870782423132,-0.625,-0.06486159898748445,-0.030558068874938393,-0.012582650028191516,-4.252283850644106e-08,0.012582649657958153,0.030558045047739783,0.06486139654915518,0.625
sample,val,all,1116,2942264,0.0,0.02461648906153823,-0.625,-0.06727435232579022,-0.03092193903767279,-0.012571740721989673,-1.875408088799005e-07,0.012571729612366954,0.030921818937011153,0.06727307677393563,0.625
sample,test,all,1116,2911440,0.0,0.025157696731152257,-0.625,-0.06622382134467096,-0.031430028109819055,-0.012719625289991725,-3.102168043200501e-07,0.012719613923829181,0.03142992361545806,0.06622321160285019,0.625
sample,all,all,7440,19691328,0.0,0.024537935629145562,-0.625,-0.06542185593372803,-0.030748065550325422,-0.012601298284406814,-3.117936004173871e-08,0.012601298012329265,0.030748048846098722,0.06542172013407017,0.625
geometry,train,all,5208,3459053,0.017028405125973322,0.01746110476584731,0.003991292745687604,0.004968575064875459,0.006184463929728536,0.008865932119096864,0.012145672616954673,0.018783228716652254,0.042085814001231785,0.08684195753267115,0.6249999999999999
geometry,train,circle,1042,753054,0.01563999301351119,0.017994927424099767,0.00796812749003984,0.00796812749003984,0.008164728373426796,0.009227168384570375,0.011334107369934206,0.01611888661739267,0.03472516303887525,0.07886131948451625,0.6249999999999999
geometry,train,ellipse,4166,2705999,0.01741478712202656,0.017289799322830174,0.003991292745687604,0.004858482373841429,0.005919584822567429,0.008661116630349953,0.012469590747164222,0.01956704960120664,0.04413947476620444,0.08913269968806577,0.4736743831838577
geometry,val,all,1116,735522,0.017159713038233694,0.01765050603428357,0.004073802220952594,0.0049343841306963955,0.006167360961108478,0.008993265045941189,0.012167616334283,0.01864913309123192,0.043182908745991,0.0877694938999105,0.6249999999999999
geometry,val,circle,223,164263,0.015351423014017112,0.017878392180274146,0.00796812749003984,0.00803260060342463,0.00809812558020107,0.00914219457265815,0.010722037710191167,0.014687970194167801,0.03598385114972793,0.08566652737150021,0.6249999999999999
geometry,val,ellipse,893,571259,0.017679678840519325,0.017549975057372262,0.004073802220952594,0.004833109824873174,0.005902229914530049,0.00884326128755617,0.012719608314005834,0.01992319492380608,0.044760774615437426,0.09014434760304212,0.4834623213111027
geometry,test,all,1116,727774,0.01734596406396159,0.018223317694608925,0.0040942927647973386,0.005169520843424887,0.0064941309466790735,0.008911074412610711,0.01220776743197564,0.01887748054698651,0.04394897631042985,0.08737411986887748,0.6249999999999999
geometry,test,circle,223,152121,0.016574836386709712,0.021372565939836156,0.00796812749003984,0.00796812749003984,0.008164728373426796,0.009058771542200618,0.011598958922711329,0.01611888661739267,0.040374199901526346,0.07886131948451625,0.6249999999999999
geometry,test,ellipse,893,575653,0.017549740841623192,0.01728983444455515,0.0040942927647973386,0.005032013307504807,0.006278460168916226,0.008825000677514074,0.012490126702128965,0.01964808731926288,0.04442284749669142,0.08934113551846568,0.3859338136553298
geometry,all,all,7440,4922349,0.01709497720299936,0.01760449813958562,0.003991292745687604,0.004985024342113904,0.006230064198801661,0.008896411057587988,0.01216404005745863,0.01878181676368033,0.04251672837831799,0.08704610597615053,0.6249999999999999
geometry,all,circle,1488,1069438,0.015728645123261765,0.01849915102613135,0.00796812749003984,0.00796812749003984,0.008164728373426796,0.00914219457265815,0.011206166124579768,0.015861348601493287,0.03598385114972793,0.07886131948451625,0.6249999999999999
geometry,all,ellipse,5952,3852911,0.01747422485411054,0.017328903410482124,0.003991292745687604,0.004876727272393492,0.005965244000681631,0.008713412717644045,0.012508953785944545,0.01962996313762328,0.04426792117553137,0.0892581778095526,0.4834623213111027
