grid_n,method,E_rms_ref_over_A0,E_ratio_to_CLSVOF,Delta_rms_to_CLSVOF_over_A0,row_count
64,CLSVOF-LS,0.007104046605,1,0,738
64,NN,0.006090776324,0.8573671687,0.001170711958,738
64,NN D4,0.006217320069,0.8751800791,0.001032835338,738
128,CLSVOF-LS,0.002046399368,1,0,738
128,NN,0.002106752053,1.029492134,8.294822529e-05,738
128,NN D4,0.002113536612,1.032807499,8.651793364e-05,738
256,CLSVOF-LS,0.001089432155,1,0,738
256,NN,0.001108714022,1.017699006,2.682070921e-05,738
256,NN D4,0.001108179824,1.017208661,2.536677221e-05,738
512,CLSVOF-LS,0.0008365438336,1,0,738
512,NN,0.000836669221,1.000149887,3.893297181e-06,738
512,NN D4,0.0008368272521,1.000338797,3.885099569e-06,738
