rho_model,case_id,case_label,iter,case_key,sample_count,numeric_mse,model_mse
266,0,smooth_266,1,smooth_266/iter_1,552,2.210998981791869e-06,4.5665088340425426e-05
266,0,smooth_266,2,smooth_266/iter_2,552,1.8609159884498558e-06,2.6930150084357405e-05
266,0,smooth_266,3,smooth_266/iter_3,552,1.8814622901512315e-06,1.6462912796570587e-05
266,0,smooth_266,4,smooth_266/iter_4,552,2.0902038767937813e-06,1.041386034119029e-05
266,0,smooth_266,5,smooth_266/iter_5,552,2.334580849788498e-06,6.9537455369997945e-06
266,0,smooth_266,6,smooth_266/iter_6,552,2.550696284545732e-06,4.880552733876011e-06
266,0,smooth_266,7,smooth_266/iter_7,552,2.735588760345958e-06,3.515939909045048e-06
266,0,smooth_266,8,smooth_266/iter_8,552,2.899462729444821e-06,2.612707517212154e-06
266,0,smooth_266,9,smooth_266/iter_9,552,3.0479440040514145e-06,2.0191493756940757e-06
266,0,smooth_266,10,smooth_266/iter_10,552,3.181167788450115e-06,1.6287960040719547e-06
266,0,smooth_266,11,smooth_266/iter_11,552,3.298709534431098e-06,1.380344080157381e-06
266,0,smooth_266,12,smooth_266/iter_12,552,3.4013342131113216e-06,1.222281431612659e-06
266,0,smooth_266,13,smooth_266/iter_13,552,3.4901264612413184e-06,1.124230972150586e-06
266,0,smooth_266,14,smooth_266/iter_14,552,3.566068117114496e-06,1.0616323579045887e-06
266,0,smooth_266,15,smooth_266/iter_15,552,3.630344085258932e-06,1.0226582186227687e-06
266,0,smooth_266,16,smooth_266/iter_16,552,3.6840887134306756e-06,9.985207027676636e-07
266,0,smooth_266,17,smooth_266/iter_17,552,3.7285668768033695e-06,9.825791175912873e-07
266,0,smooth_266,18,smooth_266/iter_18,552,3.7650921804344374e-06,9.71936356613345e-07
266,0,smooth_266,19,smooth_266/iter_19,552,3.794974481402527e-06,9.648255201424257e-07
266,0,smooth_266,20,smooth_266/iter_20,552,3.819319255750311e-06,9.593772525541945e-07
266,1,acute_266,1,acute_266/iter_1,648,4.775322931582273e-05,0.0004062636181395572
266,1,acute_266,2,acute_266/iter_2,648,4.835681949047239e-05,0.00024052493702495726
266,1,acute_266,3,acute_266/iter_3,648,5.384638049452575e-05,0.000155725208526101
266,1,acute_266,4,acute_266/iter_4,648,6.134134010008292e-05,0.00011088775846960957
266,1,acute_266,5,acute_266/iter_5,648,6.847188271987085e-05,7.858381209622962e-05
266,1,acute_266,6,acute_266/iter_6,648,7.484029901003503e-05,5.5990141141855145e-05
266,1,acute_266,7,acute_266/iter_7,648,8.057043024754787e-05,4.2234577235437525e-05
266,1,acute_266,8,acute_266/iter_8,648,8.569253161913987e-05,3.435482438707819e-05
266,1,acute_266,9,acute_266/iter_9,648,9.017824513574527e-05,2.9676979331412798e-05
266,1,acute_266,10,acute_266/iter_10,648,9.403376392669553e-05,2.7088160441727855e-05
266,1,acute_266,11,acute_266/iter_11,648,9.730647965633062e-05,2.5697924230810873e-05
266,1,acute_266,12,acute_266/iter_12,648,0.00010006073092518083,2.4882106671710886e-05
266,1,acute_266,13,acute_266/iter_13,648,0.00010236476585963232,2.439694118876581e-05
266,1,acute_266,14,acute_266/iter_14,648,0.00010428427941652585,2.4120090479793023e-05
266,1,acute_266,15,acute_266/iter_15,648,0.00010587962008532287,2.3992626022886304e-05
266,1,acute_266,16,acute_266/iter_16,648,0.00010720459801565078,2.396565574078848e-05
266,1,acute_266,17,acute_266/iter_17,648,0.0001083052366784859,2.4001262353988e-05
266,1,acute_266,18,acute_266/iter_18,648,0.00010922033962806253,2.4069108801328505e-05
266,1,acute_266,19,acute_266/iter_19,648,0.00010998224654237894,2.4168002626675248e-05
266,1,acute_266,20,acute_266/iter_20,648,0.0001106177619802902,2.4284611102810445e-05
