method,train_rho,r_over_h,sobol_positions,sample_count,mse,mae,maxae
NN,32,1.6,256,4462,0.0003081505827968648,0.010343783281673395,0.1289960741996765
NN,64,1.6,256,4462,0.0005576677501126324,0.016419739132235264,0.11937189102172852
NN,128,1.6,256,4462,0.00024874639092372725,0.014164501391200943,0.11559337377548218
NN,256,1.6,256,4462,0.0002626347266126218,0.0107602276298723,0.13824766874313354
NN,512,1.6,256,4462,0.0013516370411261194,0.028658159534688598,0.11217427253723145
FD,,1.6,256,4462,0.06645101355424747,0.18432974075361927,1.2378376117861911
NN,32,1.874414108830752,256,5294,0.0043166145378944545,0.061844593289550755,0.16164515084926612
NN,64,1.874414108830752,256,5294,0.002608368060476427,0.04269936654123248,0.25018886394207007
NN,128,1.874414108830752,256,5294,0.008124494310631192,0.08668570760646752,0.1275837189645005
NN,256,1.874414108830752,256,5294,0.004872569753146616,0.06447699892000881,0.17260787553493506
NN,512,1.874414108830752,256,5294,0.0020657200221774123,0.03578043734584035,0.1350566513032151
FD,,1.874414108830752,256,5294,0.02523941217434701,0.12712771252042696,0.5354645411173212
NN,32,2.195892657114864,256,6250,0.003370939628988074,0.051328404287570684,0.1647845231775088
NN,64,2.195892657114864,256,6250,0.0016392859811959635,0.034029713275442984,0.1645454489473147
NN,128,2.195892657114864,256,6250,0.005231195877756886,0.06109551949168055,0.18696966998613307
NN,256,2.195892657114864,256,6250,0.003175933077047594,0.04772285863789739,0.21237829558885524
NN,512,2.195892657114864,256,6250,0.001294351567352583,0.029332119956212228,0.17797336213624904
FD,,2.195892657114864,256,6250,0.013181214476318735,0.09372344747381516,0.3534258776149094
NN,32,2.5725076112337186,256,7332,0.0005017927255820631,0.019721262374726607,0.08272742063029354
NN,64,2.5725076112337186,256,7332,0.00027272097988610043,0.013322125726689648,0.06758408576472347
NN,128,2.5725076112337186,256,7332,6.867565785708077e-05,0.006565030398756217,0.042275864186125445
NN,256,2.5725076112337186,256,7332,0.00010122805564069188,0.006157413187267251,0.12282620698435848
NN,512,2.5725076112337186,256,7332,0.00018004887036948374,0.009654891933709303,0.053943533005552935
FD,,2.5725076112337186,256,7332,0.006868716831313496,0.06857750821938403,0.2303905910527127
NN,32,3.013715350981861,256,8628,0.00031099927957749826,0.016702904952582982,0.03950626122551504
NN,64,3.013715350981861,256,8628,0.00032925026932958116,0.016423115112414156,0.05274960863190237
NN,128,3.013715350981861,256,8628,0.00048569409893980915,0.021164361626897575,0.04397109615402761
NN,256,3.013715350981861,256,8628,0.00018476338499416896,0.012163003378597605,0.040144597168737084
NN,512,3.013715350981861,256,8628,5.271261682757585e-05,0.005852607740465921,0.03187092674178538
FD,,3.013715350981861,256,8628,0.0035664962689042285,0.050020590428506755,0.1488606483427764
NN,32,3.5305941086751385,256,10158,0.00014637678786081723,0.011720180452188395,0.02203654400836358
NN,64,3.5305941086751385,256,10158,0.00012956971299386884,0.010495204309990463,0.029530099554170464
NN,128,3.5305941086751385,256,10158,0.00016487021441822372,0.012144906747551622,0.03253158084880242
NN,256,3.5305941086751385,256,10158,7.57295116272972e-05,0.007628972820536506,0.02844907991420159
NN,512,3.5305941086751385,256,10158,3.5274868740535945e-05,0.004641207693123093,0.02425179727543464
FD,,3.5305941086751385,256,10158,0.0018688516755489305,0.03651257364994466,0.10031088712176345
NN,32,4.136122131159633,256,11930,5.571527991849263e-05,0.007233412744815225,0.016945059868438195
NN,64,4.136122131159633,256,11930,4.228316943848492e-05,0.005962421390335734,0.016762371632201623
NN,128,4.136122131159633,256,11930,5.896566258627996e-05,0.007420395563156539,0.014845188233001183
NN,256,4.136122131159633,256,11930,1.6482494414742595e-05,0.0034615052332863266,0.01366138038311715
NN,512,4.136122131159633,256,11930,1.3697516325241959e-05,0.002794026071201215,0.017825071242706825
FD,,4.136122131159633,256,11930,0.0009824639612351956,0.02662344710410592,0.06954037950513614
NN,32,4.845503549057959,256,13974,1.992748177631957e-05,0.004312786262980125,0.009862940079854193
NN,64,4.845503549057959,256,13974,1.4106859890853202e-05,0.0034262711898182248,0.009112487799809638
NN,128,4.845503549057959,256,13974,2.1644175126365156e-05,0.004479620883609722,0.009543831712887946
NN,256,4.845503549057959,256,13974,7.844333902832463e-06,0.002355271056284305,0.008039991624043646
NN,512,4.845503549057959,256,13974,5.944084200250251e-06,0.0018392624992055473,0.012107615106417474
FD,,4.845503549057959,256,13974,0.0005150032947129248,0.019360291436794436,0.04937063529303595
NN,32,5.676550135464825,256,16406,6.2827918150514995e-06,0.002382620422946492,0.005530442998334911
NN,64,5.676550135464825,256,16406,4.56975782614838e-06,0.0018873415149553109,0.005813758776113537
NN,128,5.676550135464825,256,16406,8.206035081382436e-06,0.0026735181206254746,0.006540309593603161
NN,256,5.676550135464825,256,16406,2.9726971484605134e-06,0.001408401587466035,0.0063321479106693
NN,512,5.676550135464825,256,16406,4.2613166742415445e-06,0.0016061022736713426,0.008029375269487354
FD,,5.676550135464825,256,16406,0.0002718732352836713,0.014111699508459826,0.03518249349854766
NN,32,6.65012853962524,256,19236,1.7616526939249916e-06,0.0012233990188258693,0.003488221204537262
NN,64,6.65012853962524,256,19236,1.4656489852383232e-06,0.0010499817318842376,0.0035875225427330626
NN,128,6.65012853962524,256,19236,2.0394119336912275e-06,0.0012637337911845016,0.004465379750985016
NN,256,6.65012853962524,256,19236,1.2278906012410563e-06,0.0009237848527169894,0.003927371465903412
NN,512,6.65012853962524,256,19236,4.3029226119275535e-06,0.0016575389428393494,0.007568889296311249
FD,,6.65012853962524,256,19236,0.0001439456817039121,0.010286957489818224,0.025205182148148514
NN,32,7.790684225132246,256,22526,5.555209937737755e-07,0.0006411674370868342,0.00211853595652281
NN,64,7.790684225132246,256,22526,4.288100164978388e-07,0.0005460185819063304,0.0023726007548779127
NN,128,7.790684225132246,256,22526,3.3459419535249187e-07,0.00048651616957519247,0.0018131515590160963
NN,256,7.790684225132246,256,22526,5.60679487966038e-07,0.0005674942739925967,0.0031438985260516528
NN,512,7.790684225132246,256,22526,2.903252149624658e-06,0.0014035071746685093,0.005079262575289595
FD,,7.790684225132246,256,22526,7.607441588064076e-05,0.007490065239476552,0.01809984302555992
NN,32,9.126855268145661,256,26402,1.9244930905362914e-07,0.0003519192240482164,0.0015199171813553847
NN,64,9.126855268145661,256,26402,1.4381340423120466e-07,0.0002969317221141217,0.0015900420459336317
NN,128,9.126855268145661,256,26402,1.1578328959657564e-07,0.0002676221466211644,0.0017195480378693617
NN,256,9.126855268145661,256,26402,4.2140349778752145e-07,0.0005307590852163633,0.0018405032841139757
NN,512,9.126855268145661,256,26402,1.45423234584106e-06,0.0010008055603055288,0.004242495962756249
FD,,9.126855268145661,256,26402,4.030433783144166e-05,0.005457453999999299,0.013013411135399028
NN,32,10.692191427417814,256,30954,1.2528834935668957e-07,0.0002835613488950335,0.001456255859172001
NN,64,10.692191427417814,256,30954,9.307049627268262e-08,0.00024472253727774644,0.0011904414952155495
NN,128,10.692191427417814,256,30954,4.782735780608044e-08,0.00017140056070076023,0.0010871339380386924
NN,256,10.692191427417814,256,30954,2.2275017526047974e-07,0.0003623209779921558,0.0014786470472458457
NN,512,10.692191427417814,256,30954,4.426134768576866e-07,0.0005160138944304679,0.0029993850528839683
FD,,10.692191427417814,256,30954,2.1358268272032828e-05,0.003976968742450757,0.009371464362371532
NN,32,12.52599654116948,256,36278,1.496266348329397e-07,0.00031937206299441026,0.0012347942084462021
NN,64,12.52599654116948,256,36278,7.569697692660169e-08,0.00022562706680907604,0.0010826120286791946
NN,128,12.52599654116948,256,36278,2.259643306991036e-08,0.00011860597212359051,0.0007047409325450088
NN,256,12.52599654116948,256,36278,2.3286821169647468e-07,0.0004053439849172456,0.0012521648913233902
NN,512,12.52599654116948,256,36278,3.584517144917249e-07,0.0004833317329041555,0.0019190961628764297
FD,,12.52599654116948,256,36278,1.132273784063736e-05,0.002897258110728956,0.006761961555829463
NN,32,13.5,256,39092,1.5213795656403496e-07,0.0003282489270437949,0.0012482261216198998
NN,64,13.5,256,39092,6.439636833538982e-08,0.00021023591587120678,0.0010203575646435814
NN,128,13.5,256,39092,1.7031440497880696e-08,0.00010514616590486896,0.0005528634345089989
NN,256,13.5,256,39092,1.805525856377028e-07,0.0003586100278348704,0.0012352472102200585
NN,512,13.5,256,39092,3.5795834880295065e-07,0.00048405252254385276,0.001999951347156803
FD,,13.5,256,39092,8.386990500816223e-06,0.002494133610580783,0.005794941931044961
NN,32,14.674315402458294,256,42494,1.5353390946368878e-07,0.00033428012603072156,0.0013456703448463253
NN,64,14.674315402458294,256,42494,5.522277666861326e-08,0.00019412270537145173,0.0009337677335571476
NN,128,14.674315402458294,256,42494,1.5107695402769454e-08,9.867119132208735e-05,0.0004913001036476322
NN,256,14.674315402458294,256,42494,1.4022814260178574e-07,0.0003149200320003621,0.0012715174531768986
NN,512,14.674315402458294,256,42494,3.435020676630148e-07,0.0004683990248837262,0.0019460530305076412
FD,,14.674315402458294,256,42494,6.007495832866474e-06,0.002111034380553513,0.004882921238345661
NN,32,17.191089892375153,256,49774,1.6428861047348942e-07,0.00034040303807964043,0.0015022102227439313
NN,64,17.191089892375153,256,49774,4.305747075769362e-08,0.0001725966825286551,0.0006783176729450793
NN,128,17.191089892375153,256,49774,1.6083975293475236e-08,0.00010267366724548164,0.00040751504208940553
NN,256,17.191089892375153,256,49774,9.519245012532408e-08,0.0002508497343769685,0.0011961032221088977
NN,512,17.191089892375153,256,49774,2.2412872257673532e-07,0.0003766222862708648,0.0015689487984408765
FD,,17.191089892375153,256,49774,3.1861154597020062e-06,0.0015377859802554418,0.0035290958952271523
NN,32,20.139513400278574,256,58320,1.9761868523676864e-07,0.0003684103260853674,0.0014302936224789148
NN,64,20.139513400278574,256,58320,3.628214375242539e-08,0.00015720169879408842,0.0005937758059649939
NN,128,20.139513400278574,256,58320,1.362784493798813e-08,9.199589678256242e-05,0.0004032459883541589
NN,256,20.139513400278574,256,58320,6.423810469224164e-08,0.00020681548317900563,0.0009798946948199744
NN,512,20.139513400278574,256,58320,1.3235104181501302e-07,0.00026887331598363963,0.0009957683114857202
FD,,20.139513400278574,256,58320,1.691044995760575e-06,0.0011206564709299865,0.002557579146716789
NN,32,23.593617539042594,256,68332,2.508058509617826e-07,0.00041339737612172705,0.001529241675073005
NN,64,23.593617539042594,256,68332,3.3306427279751035e-08,0.00014797181430450918,0.0005827520549952017
NN,128,23.593617539042594,256,68332,1.1657561564763555e-08,8.37130840453579e-05,0.00039261835210929047
NN,256,23.593617539042594,256,68332,3.9563061617089996e-08,0.00016238783543480996,0.0006844822824655997
NN,512,23.593617539042594,256,68332,1.2543694345609055e-07,0.0003025989009980282,0.0008368145167172922
FD,,23.593617539042594,256,68332,8.974197269767884e-07,0.0008165067818139934,0.001851985048202276
NN,32,27.640130995961325,256,80052,3.0951648728253043e-07,0.00045655889533501194,0.0017162939543392541
NN,64,27.640130995961325,256,80052,3.404584725083587e-08,0.00014598653656272063,0.0006153130894038794
NN,128,27.640130995961325,256,80052,1.3029013109020368e-08,8.982971258958942e-05,0.0004026709134247186
NN,256,27.640130995961325,256,80052,2.307156471611147e-08,0.00012032925845762395,0.0004885947341587427
NN,512,27.640130995961325,256,80052,1.1629514269765455e-07,0.00030835798435990667,0.0006834672754142401
FD,,27.640130995961325,256,80052,4.7634921124531424e-07,0.0005949238857256734,0.0013440098642611767
NN,32,29.5,256,85448,3.3264401743618407e-07,0.0004719176491886291,0.0017883441710876205
NN,64,29.5,256,85448,3.5367820286982616e-08,0.00014718739486038239,0.0006718449925972245
NN,128,29.5,256,85448,1.1814298651030125e-08,8.57225646654725e-05,0.0003709680700706222
NN,256,29.5,256,85448,1.8479108556672512e-08,0.00010592039187319987,0.0004810205960677841
NN,512,29.5,256,85448,1.067859138890199e-07,0.000300719560776089,0.000628806713779094
FD,,29.5,256,85448,3.6710794780470457e-07,0.0005222794466528603,0.0011785244080693771
NN,32,32.38065719297506,256,93784,3.6347975932939327e-07,0.0004914051338117586,0.0018628782277060711
NN,64,32.38065719297506,256,93784,3.7484609655410456e-08,0.00014981714265493897,0.0007431951667116916
NN,128,32.38065719297506,256,93784,9.213406869719553e-09,7.682199030798839e-05,0.00031768741654884455
NN,256,32.38065719297506,256,93784,1.3642869514305493e-08,9.12933306446851e-05,0.0004577080403519833
NN,512,32.38065719297506,256,93784,9.13968692104327e-08,0.00028254769431969816,0.0006554669384909832
FD,,32.38065719297506,256,93784,2.528008188307458e-07,0.00043345766304405027,0.0009757227475255571
NN,32,37.934225434827766,256,109862,4.0077549201087503e-07,0.0005130365061714009,0.0020563786898810353
NN,64,37.934225434827766,256,109862,4.1600147722680026e-08,0.00015662399998983721,0.0008123928631585155
NN,128,37.934225434827766,256,109862,7.1478953508451555e-09,6.906970479794979e-05,0.0002738868867117848
NN,256,37.934225434827766,256,109862,9.276534562528836e-09,7.82690301864082e-05,0.0003762858037907567
NN,512,37.934225434827766,256,109862,6.979019270468145e-08,0.00024393698560709498,0.0005949063276011433
FD,,37.934225434827766,256,109862,1.3420508167165783e-07,0.0003158215292503671,0.0007087985111509862
NN,32,44.440279601629705,256,128706,4.240223275799566e-07,0.0005255370834133255,0.002223453656693887
NN,64,44.440279601629705,256,128706,4.551047934218609e-08,0.0001649794421722218,0.000820335759857703
NN,128,44.440279601629705,256,128706,6.372962603292855e-09,6.581926664265895e-05,0.0002492993929590695
NN,256,44.440279601629705,256,128706,7.948795261427574e-09,7.475973562759308e-05,0.0002840097853149884
NN,512,44.440279601629705,256,128706,5.474327216432975e-08,0.00021091402080683974,0.0004610225417818539
FD,,44.440279601629705,256,128706,7.122758895388709e-08,0.00023011346173299,0.0005146092263026772
NN,32,52.06217942854887,256,150776,4.3874548997119895e-07,0.0005331638289169598,0.002321980567790264
NN,64,52.06217942854887,256,150776,4.9399132469156396e-08,0.00017300052112335487,0.0008571877608525812
NN,128,52.06217942854887,256,150776,6.128525371645885e-09,6.452161602514097e-05,0.00023756516180157075
NN,256,52.06217942854887,256,150776,8.090194670484264e-09,7.62764151480727e-05,0.00026057134368301024
NN,512,52.06217942854887,256,150776,4.313946050398512e-08,0.00018546244044516968,0.0003691163381111563
FD,,52.06217942854887,256,150776,3.7819553310467734e-08,0.00016766653696900885,0.00037414180379227724
NN,32,60.99130228584384,256,176624,4.4878677698513975e-07,0.0005381071694941128,0.002344017082308341
NN,64,60.99130228584384,256,176624,5.30932210066064e-08,0.000180026174804259,0.0009246792854322901
NN,128,60.99130228584384,256,176624,6.274807079763523e-09,6.468252329527596e-05,0.00023706739530425167
NN,256,60.99130228584384,256,176624,8.803123473064148e-09,8.028196904776322e-05,0.00025982486322064305
NN,512,60.99130228584384,256,176624,3.529460881446182e-08,0.00016803394943156196,0.0003191392658696661
FD,,60.99130228584384,256,176624,2.007565912095363e-08,0.00012216241462327082,0.00027200322724047973
NN,32,61.5,256,178118,4.492762533173551e-07,0.000538393921702126,0.002413506294047931
NN,64,61.5,256,178118,5.329132341549978e-08,0.0001804506665741706,0.0009347846262096372
NN,128,61.5,256,178118,6.2988347990337945e-09,6.477288526450066e-05,0.0002372922845245394
NN,256,61.5,256,178118,8.85255544874827e-09,8.052002003577886e-05,0.000258653750264546
NN,512,61.5,256,178118,3.497645487536366e-08,0.00016734112234307005,0.0003179597206474337
FD,,61.5,256,178118,1.942004726964007e-08,0.00012015655737429142,0.00026758822501803115
NN,32,71.45184845034187,256,206950,4.5475366198458534e-07,0.0005409406188094632,0.0024316463652568465
NN,64,71.45184845034187,256,206950,5.6402802296228394e-08,0.00018614214508157515,0.000987253707317769
NN,128,71.45184845034187,256,206950,6.730338443377732e-09,6.646597708257854e-05,0.00024790726933056166
NN,256,71.45184845034187,256,206950,9.474321927112058e-09,8.385891526426296e-05,0.00024621151056712816
NN,512,71.45184845034187,256,206950,3.0211082070608744e-08,0.00015739215402059466,0.0002956766668277388
FD,,71.45184845034187,256,206950,1.0658651322098917e-08,8.901801174063412e-05,0.0001979440812638674
NN,32,83.70647052334843,256,242446,4.58056714128356e-07,0.0005424529025822412,0.0024227882147705194
NN,64,83.70647052334843,256,242446,5.9426360799400904e-08,0.00019131991188310458,0.0010350932954872015
NN,128,83.70647052334843,256,242446,7.3666836802516344e-09,6.940185414959019e-05,0.0002634795726215479
NN,256,83.70647052334843,256,242446,9.8354088213569e-09,8.600651742090398e-05,0.0002261912106597784
NN,512,83.70647052334843,256,242446,2.7221890587014656e-08,0.00015282305367590103,0.00027239419230576725
FD,,83.70647052334843,256,242446,5.658310858298446e-09,6.486107865111634e-05,0.00014391346026498657
NN,32,98.0628683433686,256,284018,4.597096213227241e-07,0.0005431508658373123,0.0024232426231143526
NN,64,98.0628683433686,256,284018,6.184938046035755e-08,0.0001954704125350561,0.0010672202760937163
NN,128,98.0628683433686,256,284018,8.12631668935515e-09,7.254091211053754e-05,0.00027811616113162553
NN,256,98.0628683433686,256,284018,1.0064659942846528e-08,8.732418087585054e-05,0.00021399096200489486
NN,512,98.0628683433686,256,284018,2.549739674713827e-08,0.0001518103916721994,0.00025446429302669084
FD,,98.0628683433686,256,284018,3.0042128964113117e-09,4.7259124553215834e-05,0.00010476046698436325
NN,32,114.88151498451414,256,332730,4.60214952790082e-07,0.0005433204111336165,0.0023942917423091688
NN,64,114.88151498451414,256,332730,6.390716839977696e-08,0.00019885160098364306,0.0010836355550445757
NN,128,114.88151498451414,256,332730,8.944255982498001e-09,7.547362850796511e-05,0.0002920657234035291
NN,256,114.88151498451414,256,332730,1.0254400108961095e-08,8.823629295229673e-05,0.0002243340177692614
NN,512,114.88151498451414,256,332730,2.431302000720546e-08,0.00015086585996966248,0.00023822037742956062
FD,,114.88151498451414,256,332730,1.5949013654232846e-09,3.443463669330711e-05,7.630054921605248e-05
NN,32,125.5,256,363484,4.603628063547244e-07,0.0005433928404106446,0.002409368515964523
NN,64,125.5,256,363484,6.484691899067655e-08,0.00020041849207972878,0.0010786468675174563
NN,128,125.5,256,363484,9.396764557622127e-09,7.696405202269952e-05,0.00029965093826867656
NN,256,125.5,256,363484,1.0369430100649823e-08,8.874983652199862e-05,0.00022801780605696126
NN,512,125.5,256,363484,2.3766863986648544e-08,0.0001501231218507956,0.00023012584542848186
FD,,125.5,256,363484,1.1198145738159947e-09,2.885403068276335e-05,6.38523001707924e-05
NN,32,134.58470783176554,256,389798,4.6028435749046677e-07,0.000543231384968644,0.0023839678072979983
NN,64,134.58470783176554,256,389798,6.551733155708908e-08,0.00020147019062275145,0.0010708179867217008
NN,128,134.58470783176554,256,389798,9.734806825376765e-09,7.803965459287798e-05,0.00030538993120699486
NN,256,134.58470783176554,256,389798,1.0464013190914403e-08,8.913865290629733e-05,0.00023092893719167153
NN,512,134.58470783176554,256,389798,2.336406320351707e-08,0.00014942245224977942,0.0002242493832161959
FD,,134.58470783176554,256,389798,8.467027089274149e-10,2.509027031404729e-05,5.5534931660136504e-05
NN,32,157.66717199545363,256,456648,4.5984531349993496e-07,0.0005429929518472408,0.002361986801603151
NN,64,157.66717199545363,256,456648,6.686100638977617e-08,0.0002036108874304238,0.0010851882243367904
NN,128,157.66717199545363,256,456648,1.0469078509588773e-08,8.028546495665187e-05,0.0003176629698065049
NN,256,157.66717199545363,256,456648,1.0701216528541083e-08,9.009998650101151e-05,0.0002355389142247909
NN,512,157.66717199545363,256,456648,2.2559735341076424e-08,0.00014771643075827502,0.00021260605809958043
FD,,157.66717199545363,256,456648,4.494852729250459e-10,1.8281437258543653e-05,4.044345313429856e-05
NN,32,184.70848230482684,256,534966,4.5936919154947826e-07,0.0005427715243508585,0.0023527760861349655
NN,64,184.70848230482684,256,534966,6.783978550151238e-08,0.00020515796727675452,0.001086069190697615
NN,128,184.70848230482684,256,534966,1.1095332738338392e-08,8.206114794733856e-05,0.00033311367611413723
NN,256,184.70848230482684,256,534966,1.0935436782798207e-08,9.100872583216422e-05,0.0002384613396691727
NN,512,184.70848230482684,256,534966,2.1868486702845464e-08,0.00014594353939117297,0.00020341024379258877
FD,,184.70848230482684,256,534966,2.3864897039401183e-10,1.3320446907285199e-05,2.94973664309783e-05
NN,32,216.38761578305204,256,626720,4.5863853386281397e-07,0.0005422672877008679,0.002336109380706319
NN,64,216.38761578305204,256,626720,6.867009260040015e-08,0.00020640945048572694,0.001092401940838328
NN,128,216.38761578305204,256,626720,1.1641795280367178e-08,8.357960506098196e-05,0.00035003418801642355
NN,256,216.38761578305204,256,626720,1.1158585334727103e-08,9.185602358336877e-05,0.00024019708158158366
NN,512,216.38761578305204,256,626720,2.126384743101092e-08,0.00014420559134290005,0.00019520739792204794
FD,,216.38761578305204,256,626720,1.267008138218245e-10,9.70571709325707e-06,2.150789875446195e-05
NN,32,253.5,256,734208,4.5804796166439916e-07,0.0005419147111480206,0.0023236236951995415
NN,64,253.5,256,734208,6.92867700159299e-08,0.0002073300147941731,0.001090873084242292
NN,128,253.5,256,734208,1.207299722510906e-08,8.468712828074234e-05,0.0003650634966540856
NN,256,253.5,256,734208,1.1364252674901257e-08,9.266079269904361e-05,0.0002413280822586494
NN,512,253.5,256,734208,2.073053097193729e-08,0.0001425579163373043,0.00018891314489131398
FD,,253.5,256,734208,6.726681086604595e-11,7.071922720525514e-06,1.570777873974999e-05
