method,train_rho,test_rho,sample_count,mse,mae,maxae
NN,32,32,379032,1.1969609795526921e-06,0.0005480658282488837,0.0988360017032947
NN,64,32,379032,9.157398798453642e-06,0.0016469095039051969,0.13754625093958567
NN,128,32,379032,3.610196669865625e-05,0.0027403652363246498,0.33524478063818514
NN,256,32,379032,5.6010628319490106e-05,0.003623529475485457,0.2365862624739758
NN,512,32,379032,7.852201196711224e-05,0.003987410210178611,0.2112790048122406
FD,,32,379032,0.00031153001034895153,0.007132809935896421,3.5972681402394366
NN,32,64,682548,4.416801441187979e-06,0.0010015642242853257,0.15031110258128877
NN,64,64,682548,4.871728022710602e-07,0.00033096927566034646,0.11322532990310763
NN,128,64,682548,2.6746103777697162e-06,0.0006937401459710541,0.13617070040717144
NN,256,64,682548,8.865625567408662e-06,0.0011009163757470077,0.16688328981399536
NN,512,64,682548,1.525046701037498e-05,0.0014279865006416488,0.21818837523460388
FD,,64,682548,6.103957335193059e-05,0.002616200659338557,2.340789287470107
NN,32,128,1351104,1.848752557086665e-05,0.0012615911873234643,0.4204430294006575
NN,64,128,1351104,1.501828255498779e-06,0.00046061348949909394,0.16755002737045288
NN,128,128,1351104,1.8817352092421386e-07,0.00014370743805333,0.10790934086773046
NN,256,128,1351104,1.0520067761637464e-06,0.0002744030691613855,0.08391517400741577
NN,512,128,1351104,4.364049343359377e-06,0.0005438519026536954,0.22594252228736877
FD,,128,1351104,1.76451986940604e-05,0.00090888922810496,0.9415001258364915
NN,32,256,2911096,6.285734864588694e-05,0.001432338642160662,0.9823324039244906
NN,64,256,2911096,3.207068251570886e-06,0.0004813027723504071,0.2306877076625823
NN,128,256,2911096,6.135250682622738e-07,0.00017193450871319301,0.1846058666706084
NN,256,256,2911096,1.5921317436485548e-07,0.00013115561579391143,0.09715276956558216
NN,512,256,2911096,1.4561474642584024e-06,0.00023893683750717977,0.22816666960716236
FD,,256,2911096,6.854947195824501e-06,0.0002977398572081816,0.941499945405237
NN,32,512,7150740,0.0001237885145879537,0.0014067208652868634,2.2657521322036045
NN,64,512,7150740,8.232932461634091e-06,0.00046483011152205565,0.4978535706383539
NN,128,512,7150740,1.2591398150337022e-06,0.0001699003304658475,0.25162228075061105
NN,256,512,7150740,2.675183394854863e-07,0.0001365732329902309,0.209833025932312
NN,512,512,7150740,4.86222284962058e-07,0.00015609355952924954,0.23460200428962708
FD,,512,7150740,2.7215475118515347e-06,8.867463119699571e-05,0.959312215684982
