family,step,metric,method,selection,value,sample_count
acute,0,hkappa_mse,FD,interface_nodes,6.17518626964397e-05,624
acute,0,hkappa_mse,NN,interface_nodes,7.944102530347133e-05,624
acute,0,sdf_max,SDF,interface_nodes,1.094667006662744,624
acute,0,sdf_mean,SDF,interface_nodes,0.5271921954639441,624
acute,1,hkappa_mse,FD,interface_nodes,5.043708368427399e-05,624
acute,1,hkappa_mse,NN,interface_nodes,6.725192468971371e-05,624
acute,1,sdf_max,SDF,interface_nodes,0.8411053575728444,624
acute,1,sdf_mean,SDF,interface_nodes,0.4028142623006225,624
acute,2,hkappa_mse,FD,interface_nodes,4.6368335088940056e-05,624
acute,2,hkappa_mse,NN,interface_nodes,5.900722669256924e-05,624
acute,2,sdf_max,SDF,interface_nodes,0.6382564162152617,624
acute,2,sdf_mean,SDF,interface_nodes,0.30910246155335663,624
acute,3,hkappa_mse,FD,interface_nodes,4.7094702925748194e-05,624
acute,3,hkappa_mse,NN,interface_nodes,5.373921596855383e-05,624
acute,3,sdf_max,SDF,interface_nodes,0.48279752328593895,624
acute,3,sdf_mean,SDF,interface_nodes,0.2385408675692777,624
acute,4,hkappa_mse,FD,interface_nodes,5.117873329399341e-05,624
acute,4,hkappa_mse,NN,interface_nodes,5.029632580310289e-05,624
acute,4,sdf_max,SDF,interface_nodes,0.36625169500726495,624
acute,4,sdf_mean,SDF,interface_nodes,0.18537191868206718,624
acute,5,hkappa_mse,FD,interface_nodes,5.613809433480499e-05,624
acute,5,hkappa_mse,NN,interface_nodes,4.808520684474677e-05,624
acute,5,sdf_max,SDF,interface_nodes,0.2799520007377294,624
acute,5,sdf_mean,SDF,interface_nodes,0.14515155444909572,624
acute,6,hkappa_mse,FD,interface_nodes,6.083984061375638e-05,624
acute,6,hkappa_mse,NN,interface_nodes,4.6571722607909787e-05,624
acute,6,sdf_max,SDF,interface_nodes,0.21625330535742537,624
acute,6,sdf_mean,SDF,interface_nodes,0.11450108426115033,624
acute,7,hkappa_mse,FD,interface_nodes,6.499599098406618e-05,624
acute,7,hkappa_mse,NN,interface_nodes,4.562258396183336e-05,624
acute,7,sdf_max,SDF,interface_nodes,0.16889471357442964,624
acute,7,sdf_mean,SDF,interface_nodes,0.09093345635673157,624
acute,8,hkappa_mse,FD,interface_nodes,6.856440805687899e-05,624
acute,8,hkappa_mse,NN,interface_nodes,4.51033642404397e-05,624
acute,8,sdf_max,SDF,interface_nodes,0.13317844847856763,624
acute,8,sdf_mean,SDF,interface_nodes,0.07264289630456183,624
acute,9,hkappa_mse,FD,interface_nodes,7.154923994321959e-05,624
acute,9,hkappa_mse,NN,interface_nodes,4.4841280810731106e-05,624
acute,9,sdf_max,SDF,interface_nodes,0.10583039026693397,624
acute,9,sdf_mean,SDF,interface_nodes,0.05831624636769126,624
acute,10,hkappa_mse,FD,interface_nodes,7.400386118472663e-05,624
acute,10,hkappa_mse,NN,interface_nodes,4.4775448712288914e-05,624
acute,10,sdf_max,SDF,interface_nodes,0.08461262617614707,624
acute,10,sdf_mean,SDF,interface_nodes,0.047000088644067524,624
acute,11,hkappa_mse,FD,interface_nodes,7.600354847824603e-05,624
acute,11,hkappa_mse,NN,interface_nodes,4.475931668065335e-05,624
acute,11,sdf_max,SDF,interface_nodes,0.06797330766334353,624
acute,11,sdf_mean,SDF,interface_nodes,0.03800269146086972,624
acute,12,hkappa_mse,FD,interface_nodes,7.762594277433809e-05,624
acute,12,hkappa_mse,NN,interface_nodes,4.476957459242702e-05,624
acute,12,sdf_max,SDF,interface_nodes,0.05481144756135192,624
acute,12,sdf_mean,SDF,interface_nodes,0.03080608605688427,624
acute,13,hkappa_mse,FD,interface_nodes,7.894144146045587e-05,624
acute,13,hkappa_mse,NN,interface_nodes,4.4819609977046946e-05,624
acute,13,sdf_max,SDF,interface_nodes,0.04432885231109607,624
acute,13,sdf_mean,SDF,interface_nodes,0.02502615835890347,624
acute,14,hkappa_mse,FD,interface_nodes,8.000992248634747e-05,624
acute,14,hkappa_mse,NN,interface_nodes,4.488589839341944e-05,624
acute,14,sdf_max,SDF,interface_nodes,0.04567775626603443,624
acute,14,sdf_mean,SDF,interface_nodes,0.020381815605738787,624
acute,15,hkappa_mse,FD,interface_nodes,8.088036501034551e-05,624
acute,15,hkappa_mse,NN,interface_nodes,4.499283544975617e-05,624
acute,15,sdf_max,SDF,interface_nodes,0.04691205160379652,624
acute,15,sdf_mean,SDF,interface_nodes,0.01664081057674811,624
acute,16,hkappa_mse,FD,interface_nodes,8.159231770052328e-05,624
acute,16,hkappa_mse,NN,interface_nodes,4.512903104950249e-05,624
acute,16,sdf_max,SDF,interface_nodes,0.047916683274980665,624
acute,16,sdf_mean,SDF,interface_nodes,0.013621905527688783,624
acute,17,hkappa_mse,FD,interface_nodes,8.217707525446088e-05,624
acute,17,hkappa_mse,NN,interface_nodes,4.527916270081129e-05,624
acute,17,sdf_max,SDF,interface_nodes,0.048732398312789305,624
acute,17,sdf_mean,SDF,interface_nodes,0.011170895425665538,624
acute,18,hkappa_mse,FD,interface_nodes,8.265978330503386e-05,624
acute,18,hkappa_mse,NN,interface_nodes,4.543420541339511e-05,624
acute,18,sdf_max,SDF,interface_nodes,0.0493927744387761,624
acute,18,sdf_mean,SDF,interface_nodes,0.009178254762014264,624
acute,19,hkappa_mse,FD,interface_nodes,8.306078102697928e-05,624
acute,19,hkappa_mse,NN,interface_nodes,4.559149382413042e-05,624
acute,19,sdf_max,SDF,interface_nodes,0.04992545616646826,624
acute,19,sdf_mean,SDF,interface_nodes,0.007555743542671998,624
acute,20,hkappa_mse,FD,interface_nodes,8.33966227296875e-05,624
acute,20,hkappa_mse,NN,interface_nodes,4.575077007120983e-05,624
acute,20,sdf_max,SDF,interface_nodes,0.05035305534062473,624
acute,20,sdf_mean,SDF,interface_nodes,0.006234452010733964,624
acute,21,hkappa_mse,FD,interface_nodes,8.367945300777953e-05,624
acute,21,hkappa_mse,NN,interface_nodes,4.5911010238248944e-05,624
acute,21,sdf_max,SDF,interface_nodes,0.050694311906819944,624
acute,21,sdf_mean,SDF,interface_nodes,0.005159850920967797,624
acute,22,hkappa_mse,FD,interface_nodes,8.391931683494422e-05,624
acute,22,hkappa_mse,NN,interface_nodes,4.608430171415218e-05,624
acute,22,sdf_max,SDF,interface_nodes,0.05096459831637701,624
acute,22,sdf_mean,SDF,interface_nodes,0.004288564213144161,624
acute,23,hkappa_mse,FD,interface_nodes,8.412373382978416e-05,624
acute,23,hkappa_mse,NN,interface_nodes,4.62581290090215e-05,624
acute,23,sdf_max,SDF,interface_nodes,0.05117641753037172,624
acute,23,sdf_mean,SDF,interface_nodes,0.003579302172295785,624
acute,24,hkappa_mse,FD,interface_nodes,8.429905360453374e-05,624
acute,24,hkappa_mse,NN,interface_nodes,4.6429974346021636e-05,624
acute,24,sdf_max,SDF,interface_nodes,0.05134012250885289,624
acute,24,sdf_mean,SDF,interface_nodes,0.003002006128022876,624
acute,25,hkappa_mse,FD,interface_nodes,8.445106094833447e-05,624
acute,25,hkappa_mse,NN,interface_nodes,4.6600241002327986e-05,624
acute,25,sdf_max,SDF,interface_nodes,0.051464190356803385,624
acute,25,sdf_mean,SDF,interface_nodes,0.0025351318204114757,624
acute,26,hkappa_mse,FD,interface_nodes,8.45844656469518e-05,624
acute,26,hkappa_mse,NN,interface_nodes,4.67666687994718e-05,624
acute,26,sdf_max,SDF,interface_nodes,0.05155559538221599,624
acute,26,sdf_mean,SDF,interface_nodes,0.0021551464642211335,624
acute,27,hkappa_mse,FD,interface_nodes,8.470323374923338e-05,624
acute,27,hkappa_mse,NN,interface_nodes,4.69299790021408e-05,624
acute,27,sdf_max,SDF,interface_nodes,0.05162022364421459,624
acute,27,sdf_mean,SDF,interface_nodes,0.001845976093604937,624
acute,28,hkappa_mse,FD,interface_nodes,8.48109192062065e-05,624
acute,28,hkappa_mse,NN,interface_nodes,4.7094510330437e-05,624
acute,28,sdf_max,SDF,interface_nodes,0.05166293467597327,624
acute,28,sdf_mean,SDF,interface_nodes,0.001595447990454038,624
acute,29,hkappa_mse,FD,interface_nodes,8.491003575344641e-05,624
acute,29,hkappa_mse,NN,interface_nodes,4.7257869518523615e-05,624
acute,29,sdf_max,SDF,interface_nodes,0.05168758154144326,624
acute,29,sdf_mean,SDF,interface_nodes,0.0013947936476412202,624
acute,30,hkappa_mse,FD,interface_nodes,8.500282154383307e-05,624
acute,30,hkappa_mse,NN,interface_nodes,4.741829305116978e-05,624
acute,30,sdf_max,SDF,interface_nodes,0.051697546463194466,624
acute,30,sdf_mean,SDF,interface_nodes,0.0012349464942617487,624
smooth,0,hkappa_mse,FD,interface_nodes,4.502202109776959e-06,527
smooth,0,hkappa_mse,NN,interface_nodes,8.146144270376097e-06,527
smooth,0,sdf_max,SDF,interface_nodes,0.48724444557790947,527
smooth,0,sdf_mean,SDF,interface_nodes,0.24248962945691563,527
smooth,1,hkappa_mse,FD,interface_nodes,2.542361690122871e-06,527
smooth,1,hkappa_mse,NN,interface_nodes,5.447008827512868e-06,527
smooth,1,sdf_max,SDF,interface_nodes,0.3879961885597045,527
smooth,1,sdf_mean,SDF,interface_nodes,0.19319553036425913,527
smooth,2,hkappa_mse,FD,interface_nodes,2.166791670988675e-06,527
smooth,2,hkappa_mse,NN,interface_nodes,3.8128546390489537e-06,527
smooth,2,sdf_max,SDF,interface_nodes,0.31064131427566033,527
smooth,2,sdf_mean,SDF,interface_nodes,0.1539076128367319,527
smooth,3,hkappa_mse,FD,interface_nodes,2.233808351908295e-06,527
smooth,3,hkappa_mse,NN,interface_nodes,2.814736970761169e-06,527
smooth,3,sdf_max,SDF,interface_nodes,0.24795811714136407,527
smooth,3,sdf_mean,SDF,interface_nodes,0.12271344779727424,527
smooth,4,hkappa_mse,FD,interface_nodes,2.4980102572653914e-06,527
smooth,4,hkappa_mse,NN,interface_nodes,2.1775143995067846e-06,527
smooth,4,sdf_max,SDF,interface_nodes,0.19722683699711197,527
smooth,4,sdf_mean,SDF,interface_nodes,0.098004777002077,527
smooth,5,hkappa_mse,FD,interface_nodes,2.7836106443387484e-06,527
smooth,5,hkappa_mse,NN,interface_nodes,1.7699835906808309e-06,527
smooth,5,sdf_max,SDF,interface_nodes,0.15670751864709653,527
smooth,5,sdf_mean,SDF,interface_nodes,0.07845059270213546,527
smooth,6,hkappa_mse,FD,interface_nodes,3.0279303551435733e-06,527
smooth,6,hkappa_mse,NN,interface_nodes,1.509455219322393e-06,527
smooth,6,sdf_max,SDF,interface_nodes,0.12464479482256063,527
smooth,6,sdf_mean,SDF,interface_nodes,0.06296645355845353,527
smooth,7,hkappa_mse,FD,interface_nodes,3.2330617467324323e-06,527
smooth,7,hkappa_mse,NN,interface_nodes,1.3462180074031776e-06,527
smooth,7,sdf_max,SDF,interface_nodes,0.09940685475019162,527
smooth,7,sdf_mean,SDF,interface_nodes,0.05067873622335571,527
smooth,8,hkappa_mse,FD,interface_nodes,3.4120858012282576e-06,527
smooth,8,hkappa_mse,NN,interface_nodes,1.24548910218533e-06,527
smooth,8,sdf_max,SDF,interface_nodes,0.07956082827060751,527
smooth,8,sdf_mean,SDF,interface_nodes,0.040894007701223554,527
smooth,9,hkappa_mse,FD,interface_nodes,3.570795584067924e-06,527
smooth,9,hkappa_mse,NN,interface_nodes,1.182915006014523e-06,527
smooth,9,sdf_max,SDF,interface_nodes,0.06391294966557792,527
smooth,9,sdf_mean,SDF,interface_nodes,0.033072292729154,527
smooth,10,hkappa_mse,FD,interface_nodes,3.70949236172888e-06,527
smooth,10,hkappa_mse,NN,interface_nodes,1.144469142757917e-06,527
smooth,10,sdf_max,SDF,interface_nodes,0.05151618035625183,527
smooth,10,sdf_mean,SDF,interface_nodes,0.02680168932023183,527
smooth,11,hkappa_mse,FD,interface_nodes,3.828315626253774e-06,527
smooth,11,hkappa_mse,NN,interface_nodes,1.1214005685184247e-06,527
smooth,11,sdf_max,SDF,interface_nodes,0.04164303317948703,527
smooth,11,sdf_mean,SDF,interface_nodes,0.02175587066313864,527
smooth,12,hkappa_mse,FD,interface_nodes,3.928647447648032e-06,527
smooth,12,hkappa_mse,NN,interface_nodes,1.1078853218986463e-06,527
smooth,12,sdf_max,SDF,interface_nodes,0.033741339131057924,527
smooth,12,sdf_mean,SDF,interface_nodes,0.017681692206891548,527
smooth,13,hkappa_mse,FD,interface_nodes,4.012515288440422e-06,527
smooth,13,hkappa_mse,NN,interface_nodes,1.1004434881457418e-06,527
smooth,13,sdf_max,SDF,interface_nodes,0.027391267726203816,527
smooth,13,sdf_mean,SDF,interface_nodes,0.014384245109882211,527
smooth,14,hkappa_mse,FD,interface_nodes,4.082217851359557e-06,527
smooth,14,hkappa_mse,NN,interface_nodes,1.0968320090648755e-06,527
smooth,14,sdf_max,SDF,interface_nodes,0.022270982115381477,527
smooth,14,sdf_mean,SDF,interface_nodes,0.011709076424654186,527
smooth,15,hkappa_mse,FD,interface_nodes,4.140029849090209e-06,527
smooth,15,hkappa_mse,NN,interface_nodes,1.095607388147424e-06,527
smooth,15,sdf_max,SDF,interface_nodes,0.01813106401422071,527
smooth,15,sdf_mean,SDF,interface_nodes,0.009535948492488662,527
smooth,16,hkappa_mse,FD,interface_nodes,4.188019512100166e-06,527
smooth,16,hkappa_mse,NN,interface_nodes,1.0957725404401032e-06,527
smooth,16,sdf_max,SDF,interface_nodes,0.014776506892949515,527
smooth,16,sdf_mean,SDF,interface_nodes,0.007772306313177249,527
smooth,17,hkappa_mse,FD,interface_nodes,4.227778972828412e-06,527
smooth,17,hkappa_mse,NN,interface_nodes,1.0966709769510265e-06,527
smooth,17,sdf_max,SDF,interface_nodes,0.012053469430197694,527
smooth,17,sdf_mean,SDF,interface_nodes,0.006338553249895356,527
smooth,18,hkappa_mse,FD,interface_nodes,4.260583602803757e-06,527
smooth,18,hkappa_mse,NN,interface_nodes,1.097941237041932e-06,527
smooth,18,sdf_max,SDF,interface_nodes,0.009839830774188485,527
smooth,18,sdf_mean,SDF,interface_nodes,0.005170562768000845,527
smooth,19,hkappa_mse,FD,interface_nodes,4.287479561523889e-06,527
smooth,19,hkappa_mse,NN,interface_nodes,1.0993188700822696e-06,527
smooth,19,sdf_max,SDF,interface_nodes,0.008038042146985891,527
smooth,19,sdf_mean,SDF,interface_nodes,0.004220730238207276,527
smooth,20,hkappa_mse,FD,interface_nodes,4.3093073733289435e-06,527
smooth,20,hkappa_mse,NN,interface_nodes,1.1006938030245624e-06,527
smooth,20,sdf_max,SDF,interface_nodes,0.0065699915410382115,527
smooth,20,sdf_mean,SDF,interface_nodes,0.0034497805266913654,527
smooth,21,hkappa_mse,FD,interface_nodes,4.326874214142825e-06,527
smooth,21,hkappa_mse,NN,interface_nodes,1.1019859148823042e-06,527
smooth,21,sdf_max,SDF,interface_nodes,0.005372813477525495,527
smooth,21,sdf_mean,SDF,interface_nodes,0.002822275124457924,527
smooth,22,hkappa_mse,FD,interface_nodes,4.34083412715381e-06,527
smooth,22,hkappa_mse,NN,interface_nodes,1.1031604023900375e-06,527
smooth,22,sdf_max,SDF,interface_nodes,0.0043959551734968905,527
smooth,22,sdf_mean,SDF,interface_nodes,0.002315890324694513,527
smooth,23,hkappa_mse,FD,interface_nodes,4.35173715854151e-06,527
smooth,23,hkappa_mse,NN,interface_nodes,1.1041971705653757e-06,527
smooth,23,sdf_max,SDF,interface_nodes,0.004083413747234754,527
smooth,23,sdf_mean,SDF,interface_nodes,0.001906396039559915,527
smooth,24,hkappa_mse,FD,interface_nodes,4.360101397098543e-06,527
smooth,24,hkappa_mse,NN,interface_nodes,1.1051135900312822e-06,527
smooth,24,sdf_max,SDF,interface_nodes,0.004137406117537212,527
smooth,24,sdf_mean,SDF,interface_nodes,0.0015741764420032463,527
smooth,25,hkappa_mse,FD,interface_nodes,4.366387118558688e-06,527
smooth,25,hkappa_mse,NN,interface_nodes,1.1059187006570326e-06,527
smooth,25,sdf_max,SDF,interface_nodes,0.004181995844993791,527
smooth,25,sdf_mean,SDF,interface_nodes,0.0013056516994462118,527
smooth,26,hkappa_mse,FD,interface_nodes,4.37092348710417e-06,527
smooth,26,hkappa_mse,NN,interface_nodes,1.1066096323797549e-06,527
smooth,26,sdf_max,SDF,interface_nodes,0.0042187733450888,527
smooth,26,sdf_mean,SDF,interface_nodes,0.0010911855480931526,527
smooth,27,hkappa_mse,FD,interface_nodes,4.374053391540548e-06,527
smooth,27,hkappa_mse,NN,interface_nodes,1.1071974124402641e-06,527
smooth,27,sdf_max,SDF,interface_nodes,0.004249073962929839,527
smooth,27,sdf_mean,SDF,interface_nodes,0.0009183055376414126,527
smooth,28,hkappa_mse,FD,interface_nodes,4.37607305182326e-06,527
smooth,28,hkappa_mse,NN,interface_nodes,1.1077097699026156e-06,527
smooth,28,sdf_max,SDF,interface_nodes,0.004274054505658653,527
smooth,28,sdf_mean,SDF,interface_nodes,0.0007788675552312777,527
smooth,29,hkappa_mse,FD,interface_nodes,4.3771810674984e-06,527
smooth,29,hkappa_mse,NN,interface_nodes,1.1081572240188057e-06,527
smooth,29,sdf_max,SDF,interface_nodes,0.00429465384689709,527
smooth,29,sdf_mean,SDF,interface_nodes,0.000667484102934901,527
smooth,30,hkappa_mse,FD,interface_nodes,4.377586686004487e-06,527
smooth,30,hkappa_mse,NN,interface_nodes,1.108534469528451e-06,527
smooth,30,sdf_max,SDF,interface_nodes,0.004311694938129884,527
smooth,30,sdf_mean,SDF,interface_nodes,0.0005778849867464363,527
