panel,series,element,x,y,n
A,native,ecdf_step,0.0,0.0,262
A,native,ecdf_step,0.0011014066714221116,0.003816793893129771,262
A,native,ecdf_step,0.0011014066714221116,0.007633587786259542,262
A,native,ecdf_step,0.00585736048256541,0.011450381679389313,262
A,native,ecdf_step,0.005857360482655616,0.015267175572519083,262
A,native,ecdf_step,0.00986038277914214,0.019083969465648856,262
A,native,ecdf_step,0.009860382779156018,0.022900763358778626,262
A,native,ecdf_step,0.017586574336078686,0.026717557251908396,262
A,native,ecdf_step,0.017586574336592165,0.030534351145038167,262
A,native,ecdf_step,0.02718509226268262,0.03435114503816794,262
A,native,ecdf_step,0.027185092262696497,0.03816793893129771,262
A,native,ecdf_step,0.030621739787843605,0.04198473282442748,262
A,native,ecdf_step,0.03062173978786442,0.04580152671755725,262
A,native,ecdf_step,0.03468170766426221,0.04961832061068702,262
A,native,ecdf_step,0.0346817076642969,0.05343511450381679,262
A,native,ecdf_step,0.04659039807120707,0.05725190839694656,262
A,native,ecdf_step,0.04659039807121401,0.061068702290076333,262
A,native,ecdf_step,0.07641677141887598,0.0648854961832061,262
A,native,ecdf_step,0.07641677141902864,0.06870229007633588,262
A,native,ecdf_step,0.09290986117672234,0.07251908396946564,262
A,native,ecdf_step,0.09290986117672234,0.07633587786259542,262
A,native,ecdf_step,0.09542644531335132,0.08015267175572519,262
A,native,ecdf_step,0.09542644531464195,0.08396946564885496,262
A,native,ecdf_step,0.10789570871233556,0.08778625954198473,262
A,native,ecdf_step,0.10789570871318904,0.0916030534351145,262
A,native,ecdf_step,0.11100637621445225,0.09541984732824428,262
A,native,ecdf_step,0.11100637621507675,0.09923664122137404,262
A,native,ecdf_step,0.1181170150109101,0.10305343511450382,262
A,native,ecdf_step,0.11811701501091704,0.10687022900763359,262
A,native,ecdf_step,0.11890950438753212,0.11068702290076336,262
A,native,ecdf_step,0.11890950438753212,0.11450381679389313,262
A,native,ecdf_step,0.1196105315482976,0.1183206106870229,262
A,native,ecdf_step,0.1196105315483531,0.12213740458015267,262
A,native,ecdf_step,0.11984034315781072,0.12595419847328243,262
A,native,ecdf_step,0.11984034315781766,0.1297709923664122,262
A,native,ecdf_step,0.16069366747879787,0.13358778625954199,262
A,native,ecdf_step,0.16069366747882563,0.13740458015267176,262
A,native,ecdf_step,0.2027167203793312,0.14122137404580154,262
A,native,ecdf_step,0.20271672037934507,0.1450381679389313,262
A,native,ecdf_step,0.21705650782653796,0.14885496183206107,262
A,native,ecdf_step,0.21705650782653796,0.15267175572519084,262
A,native,ecdf_step,0.22256928225594663,0.15648854961832062,262
A,native,ecdf_step,0.22256928225595357,0.16030534351145037,262
A,native,ecdf_step,0.25396981303853206,0.16412213740458015,262
A,native,ecdf_step,0.253969813039219,0.16793893129770993,262
A,native,ecdf_step,0.2553665678642833,0.1717557251908397,262
A,native,ecdf_step,0.2553665678642833,0.17557251908396945,262
A,native,ecdf_step,0.283982750089902,0.17938931297709923,262
A,native,ecdf_step,0.283982750089902,0.183206106870229,262
A,native,ecdf_step,0.2972266208041696,0.18702290076335878,262
A,native,ecdf_step,0.29722662080417656,0.19083969465648856,262
A,native,ecdf_step,0.29894601734135884,0.1946564885496183,262
A,native,ecdf_step,0.29894601734135884,0.1984732824427481,262
A,native,ecdf_step,0.3095890902240078,0.20229007633587787,262
A,native,ecdf_step,0.3095890902240703,0.20610687022900764,262
A,native,ecdf_step,0.3443632312924924,0.2099236641221374,262
A,native,ecdf_step,0.3443632312924924,0.21374045801526717,262
A,native,ecdf_step,0.3605987513810027,0.21755725190839695,262
A,native,ecdf_step,0.3605987513810513,0.22137404580152673,262
A,native,ecdf_step,0.3739475524848629,0.22519083969465647,262
A,native,ecdf_step,0.3739475524848629,0.22900763358778625,262
A,native,ecdf_step,0.39227735755105464,0.23282442748091603,262
A,native,ecdf_step,0.39227735755105464,0.2366412213740458,262
A,native,ecdf_step,0.3955814603532129,0.24045801526717558,262
A,native,ecdf_step,0.3955814603535321,0.24427480916030533,262
A,native,ecdf_step,0.42302506999163103,0.2480916030534351,262
A,native,ecdf_step,0.42302506999163103,0.25190839694656486,262
A,native,ecdf_step,0.43353202839219174,0.25572519083969464,262
A,native,ecdf_step,0.43353202839219174,0.2595419847328244,262
A,native,ecdf_step,0.4431187691205027,0.2633587786259542,262
A,native,ecdf_step,0.44311876912055126,0.26717557251908397,262
A,native,ecdf_step,0.46194753703295705,0.27099236641221375,262
A,native,ecdf_step,0.46194753703295705,0.2748091603053435,262
A,native,ecdf_step,0.4667691377749153,0.2786259541984733,262
A,native,ecdf_step,0.46676913777546347,0.2824427480916031,262
A,native,ecdf_step,0.4792677395551309,0.2862595419847328,262
A,native,ecdf_step,0.4792677395557346,0.2900763358778626,262
A,native,ecdf_step,0.48777460600147454,0.29389312977099236,262
A,native,ecdf_step,0.4877746060015162,0.29770992366412213,262
A,native,ecdf_step,0.5534755085171497,0.3015267175572519,262
A,native,ecdf_step,0.5534755085171497,0.3053435114503817,262
A,native,ecdf_step,0.579342163550274,0.30916030534351147,262
A,native,ecdf_step,0.579342163550288,0.31297709923664124,262
A,native,ecdf_step,0.58031106573294,0.31679389312977096,262
A,native,ecdf_step,0.5803110657329608,0.32061068702290074,262
A,native,ecdf_step,0.5938049160914144,0.3244274809160305,262
A,native,ecdf_step,0.5938049160917822,0.3282442748091603,262
A,native,ecdf_step,0.5994306864324852,0.3320610687022901,262
A,native,ecdf_step,0.5994306864324852,0.33587786259541985,262
A,native,ecdf_step,0.6109209778758645,0.33969465648854963,262
A,native,ecdf_step,0.6109209778758784,0.3435114503816794,262
A,native,ecdf_step,0.6146525829083538,0.3473282442748092,262
A,native,ecdf_step,0.6146525829083954,0.3511450381679389,262
A,native,ecdf_step,0.6642988239034808,0.3549618320610687,262
A,native,ecdf_step,0.6642988239034808,0.35877862595419846,262
A,native,ecdf_step,0.6817879981341618,0.36259541984732824,262
A,native,ecdf_step,0.6817879981341896,0.366412213740458,262
A,native,ecdf_step,0.6849985643095011,0.3702290076335878,262
A,native,ecdf_step,0.6849985643095774,0.37404580152671757,262
A,native,ecdf_step,0.746828129462078,0.37786259541984735,262
A,native,ecdf_step,0.7468281294620849,0.3816793893129771,262
A,native,ecdf_step,0.7512428830521028,0.38549618320610685,262
A,native,ecdf_step,0.7512428830521167,0.3893129770992366,262
A,native,ecdf_step,0.7568733541725436,0.3931297709923664,262
A,native,ecdf_step,0.7568733541725575,0.3969465648854962,262
A,native,ecdf_step,0.7570379855165454,0.40076335877862596,262
A,native,ecdf_step,0.7570379855174683,0.40458015267175573,262
A,native,ecdf_step,0.813497050847975,0.4083969465648855,262
A,native,ecdf_step,0.813497050847982,0.4122137404580153,262
A,native,ecdf_step,0.8297437231213761,0.41603053435114506,262
A,native,ecdf_step,0.8297437231214039,0.4198473282442748,262
A,native,ecdf_step,0.8475622004702545,0.42366412213740456,262
A,native,ecdf_step,0.8475622004702685,0.42748091603053434,262
A,native,ecdf_step,0.8500135468817658,0.4312977099236641,262
A,native,ecdf_step,0.8500135468817935,0.4351145038167939,262
A,native,ecdf_step,0.8663534138985198,0.4389312977099237,262
A,native,ecdf_step,0.8663534138985198,0.44274809160305345,262
A,native,ecdf_step,0.8785350466545966,0.44656488549618323,262
A,native,ecdf_step,0.8785350466546105,0.45038167938931295,262
A,native,ecdf_step,0.8822629453220238,0.4541984732824427,262
A,native,ecdf_step,0.8822629453220445,0.4580152671755725,262
A,native,ecdf_step,0.8868170340213394,0.4618320610687023,262
A,native,ecdf_step,0.8868170340214782,0.46564885496183206,262
A,native,ecdf_step,0.9024319891063823,0.46946564885496184,262
A,native,ecdf_step,0.9024319891065002,0.4732824427480916,262
A,native,ecdf_step,0.9479070767303768,0.4770992366412214,262
A,native,ecdf_step,0.9479070767303768,0.48091603053435117,262
A,native,ecdf_step,0.9779824345958477,0.4847328244274809,262
A,native,ecdf_step,0.9779824345958477,0.48854961832061067,262
A,native,ecdf_step,0.9829642811920725,0.49236641221374045,262
A,native,ecdf_step,0.9829642811920863,0.4961832061068702,262
A,native,ecdf_step,1.0322392205003168,0.5,262
A,native,ecdf_step,1.0322392205003306,0.5038167938931297,262
A,native,ecdf_step,1.0347763006364614,0.5076335877862596,262
A,native,ecdf_step,1.0347763006377588,0.5114503816793893,262
A,native,ecdf_step,1.0435895034374836,0.5152671755725191,262
A,native,ecdf_step,1.0435895034375946,0.5190839694656488,262
A,native,ecdf_step,1.062095586261559,0.5229007633587787,262
A,native,ecdf_step,1.062095586261559,0.5267175572519084,262
A,native,ecdf_step,1.0629128887241905,0.5305343511450382,262
A,native,ecdf_step,1.0629128887242532,0.5343511450381679,262
A,native,ecdf_step,1.0994371292469343,0.5381679389312977,262
A,native,ecdf_step,1.099437129246976,0.5419847328244275,262
A,native,ecdf_step,1.13975688226306,0.5458015267175572,262
A,native,ecdf_step,1.13975688226306,0.549618320610687,262
A,native,ecdf_step,1.1458715924483887,0.5534351145038168,262
A,native,ecdf_step,1.1458715924484024,0.5572519083969466,262
A,native,ecdf_step,1.151868744829955,0.5610687022900763,262
A,native,ecdf_step,1.1518687448299967,0.5648854961832062,262
A,native,ecdf_step,1.1944537597489284,0.5687022900763359,262
A,native,ecdf_step,1.1944537597489284,0.5725190839694656,262
A,native,ecdf_step,1.203067187814856,0.5763358778625954,262
A,native,ecdf_step,1.203067187814863,0.5801526717557252,262
A,native,ecdf_step,1.2506110781595956,0.583969465648855,262
A,native,ecdf_step,1.2506110781596025,0.5877862595419847,262
A,native,ecdf_step,1.2764194637009119,0.5916030534351145,262
A,native,ecdf_step,1.2764194637009534,0.5954198473282443,262
A,native,ecdf_step,1.2802440337475325,0.5992366412213741,262
A,native,ecdf_step,1.2802440337475325,0.6030534351145038,262
A,native,ecdf_step,1.2826407800714326,0.6068702290076335,262
A,native,ecdf_step,1.2826407800714326,0.6106870229007634,262
A,native,ecdf_step,1.2929108942744059,0.6145038167938931,262
A,native,ecdf_step,1.2929108942744196,0.6183206106870229,262
A,native,ecdf_step,1.3041595265864194,0.6221374045801527,262
A,native,ecdf_step,1.304159526587738,0.6259541984732825,262
A,native,ecdf_step,1.3049409634737565,0.6297709923664122,262
A,native,ecdf_step,1.3049409634737565,0.6335877862595419,262
A,native,ecdf_step,1.307511019261548,0.6374045801526718,262
A,native,ecdf_step,1.307511019261548,0.6412213740458015,262
A,native,ecdf_step,1.315271342057653,0.6450381679389313,262
A,native,ecdf_step,1.315271342057653,0.648854961832061,262
A,native,ecdf_step,1.403389907848246,0.6526717557251909,262
A,native,ecdf_step,1.4033899078482737,0.6564885496183206,262
A,native,ecdf_step,1.4183473236509327,0.6603053435114504,262
A,native,ecdf_step,1.4183473236510578,0.6641221374045801,262
A,native,ecdf_step,1.4186402349651017,0.6679389312977099,262
A,native,ecdf_step,1.4186402349651157,0.6717557251908397,262
A,native,ecdf_step,1.4215578898263483,0.6755725190839694,262
A,native,ecdf_step,1.4215578898263692,0.6793893129770993,262
A,native,ecdf_step,1.4425780655236073,0.683206106870229,262
A,native,ecdf_step,1.4425780655236073,0.6870229007633588,262
A,native,ecdf_step,1.451066865895273,0.6908396946564885,262
A,native,ecdf_step,1.451066865895287,0.6946564885496184,262
A,native,ecdf_step,1.4530966858335923,0.6984732824427481,262
A,native,ecdf_step,1.453096685833641,0.7022900763358778,262
A,native,ecdf_step,1.486825002916206,0.7061068702290076,262
A,native,ecdf_step,1.486825002916206,0.7099236641221374,262
A,native,ecdf_step,1.4973863290007883,0.7137404580152672,262
A,native,ecdf_step,1.4973863290007952,0.7175572519083969,262
A,native,ecdf_step,1.504106346990587,0.7213740458015268,262
A,native,ecdf_step,1.5041063469906217,0.7251908396946565,262
A,native,ecdf_step,1.5228689565353546,0.7290076335877863,262
A,native,ecdf_step,1.5228689565353752,0.732824427480916,262
A,native,ecdf_step,1.532528773548092,0.7366412213740458,262
A,native,ecdf_step,1.5325287735481057,0.7404580152671756,262
A,native,ecdf_step,1.5405822044606623,0.7442748091603053,262
A,native,ecdf_step,1.540582204460704,0.7480916030534351,262
A,native,ecdf_step,1.557132040795592,0.7519083969465649,262
A,native,ecdf_step,1.5571320407957236,0.7557251908396947,262
A,native,ecdf_step,1.5681537312675145,0.7595419847328244,262
A,native,ecdf_step,1.5681537312675213,0.7633587786259542,262
A,native,ecdf_step,1.5819297725485488,0.767175572519084,262
A,native,ecdf_step,1.5819297725487569,0.7709923664122137,262
A,native,ecdf_step,1.5875079291439511,0.7748091603053435,262
A,native,ecdf_step,1.5875079291439511,0.7786259541984732,262
A,native,ecdf_step,1.6003950479887077,0.7824427480916031,262
A,native,ecdf_step,1.6003950479888396,0.7862595419847328,262
A,native,ecdf_step,1.6032403395612183,0.7900763358778626,262
A,native,ecdf_step,1.6032403395620856,0.7938931297709924,262
A,native,ecdf_step,1.6058276602595247,0.7977099236641222,262
A,native,ecdf_step,1.6058276602595525,0.8015267175572519,262
A,native,ecdf_step,1.6079746698632256,0.8053435114503816,262
A,native,ecdf_step,1.6079746698632256,0.8091603053435115,262
A,native,ecdf_step,1.6089055086335042,0.8129770992366412,262
A,native,ecdf_step,1.6089055086335111,0.816793893129771,262
A,native,ecdf_step,1.6093120029501626,0.8206106870229007,262
A,native,ecdf_step,1.6093120029502113,0.8244274809160306,262
A,native,ecdf_step,1.613800879283568,0.8282442748091603,262
A,native,ecdf_step,1.6138008792836098,0.8320610687022901,262
A,native,ecdf_step,1.6166047506831274,0.8358778625954199,262
A,native,ecdf_step,1.6166047506831274,0.8396946564885496,262
A,native,ecdf_step,1.6313769276485175,0.8435114503816794,262
A,native,ecdf_step,1.63137692764901,0.8473282442748091,262
A,native,ecdf_step,1.641283540330711,0.851145038167939,262
A,native,ecdf_step,1.6412835403307457,0.8549618320610687,262
A,native,ecdf_step,1.6609098813619299,0.8587786259541985,262
A,native,ecdf_step,1.6609098813621936,0.8625954198473282,262
A,native,ecdf_step,1.6972422686437407,0.8664122137404581,262
A,native,ecdf_step,1.6972422686437962,0.8702290076335878,262
A,native,ecdf_step,1.7008913673316959,0.8740458015267175,262
A,native,ecdf_step,1.7008913673317028,0.8778625954198473,262
A,native,ecdf_step,1.7088836753574033,0.8816793893129771,262
A,native,ecdf_step,1.7088836753574101,0.8854961832061069,262
A,native,ecdf_step,1.7130654192538606,0.8893129770992366,262
A,native,ecdf_step,1.7130654192538606,0.8931297709923665,262
A,native,ecdf_step,1.7137558343968546,0.8969465648854962,262
A,native,ecdf_step,1.7137558343968962,0.9007633587786259,262
A,native,ecdf_step,1.72354141986307,0.9045801526717557,262
A,native,ecdf_step,1.7235414198632295,0.9083969465648855,262
A,native,ecdf_step,1.7358277451305568,0.9122137404580153,262
A,native,ecdf_step,1.7358277451305915,0.916030534351145,262
A,native,ecdf_step,1.73832114053709,0.9198473282442748,262
A,native,ecdf_step,1.7383211405371177,0.9236641221374046,262
A,native,ecdf_step,1.782863230980529,0.9274809160305344,262
A,native,ecdf_step,1.782863230980536,0.9312977099236641,262
A,native,ecdf_step,1.7993080364012841,0.9351145038167938,262
A,native,ecdf_step,1.7993080364012841,0.9389312977099237,262
A,native,ecdf_step,1.8446397116733404,0.9427480916030534,262
A,native,ecdf_step,1.844639711673389,0.9465648854961832,262
A,native,ecdf_step,1.867342702890358,0.950381679389313,262
A,native,ecdf_step,1.867342702891288,0.9541984732824428,262
A,native,ecdf_step,1.9065446237758674,0.9580152671755725,262
A,native,ecdf_step,1.9065446237758812,0.9618320610687023,262
A,native,ecdf_step,1.9119792901350976,0.9656488549618321,262
A,native,ecdf_step,1.9119792901351045,0.9694656488549618,262
A,native,ecdf_step,1.9239164928279082,0.9732824427480916,262
A,native,ecdf_step,1.9239164928279775,0.9770992366412213,262
A,native,ecdf_step,2.0677427747419626,0.9809160305343512,262
A,native,ecdf_step,2.0677427747419763,0.9847328244274809,262
A,native,ecdf_step,2.274062634305761,0.9885496183206107,262
A,native,ecdf_step,2.2740626343064756,0.9923664122137404,262
A,native,ecdf_step,2.5335716265179262,0.9961832061068703,262
A,native,ecdf_step,2.5335716265179262,1.0,262
A,NN,ecdf_step,0.0,0.0,262
A,NN,ecdf_step,0.005196263746468088,0.003816793893129771,262
A,NN,ecdf_step,0.0071871686918439925,0.007633587786259542,262
A,NN,ecdf_step,0.013293080130385992,0.011450381679389313,262
A,NN,ecdf_step,0.021666651470915455,0.015267175572519083,262
A,NN,ecdf_step,0.023823574325405883,0.019083969465648856,262
A,NN,ecdf_step,0.028973858125308505,0.022900763358778626,262
A,NN,ecdf_step,0.029994781476243293,0.026717557251908396,262
A,NN,ecdf_step,0.03897875147972074,0.030534351145038167,262
A,NN,ecdf_step,0.04754257144413965,0.03435114503816794,262
A,NN,ecdf_step,0.05253593129925238,0.03816793893129771,262
A,NN,ecdf_step,0.058635536931951615,0.04198473282442748,262
A,NN,ecdf_step,0.06750785054211728,0.04580152671755725,262
A,NN,ecdf_step,0.07397853180123731,0.04961832061068702,262
A,NN,ecdf_step,0.08153939333201132,0.05343511450381679,262
A,NN,ecdf_step,0.08416590973084337,0.05725190839694656,262
A,NN,ecdf_step,0.08751690520075739,0.061068702290076333,262
A,NN,ecdf_step,0.09052317081663375,0.0648854961832061,262
A,NN,ecdf_step,0.09064953118442798,0.06870229007633588,262
A,NN,ecdf_step,0.09186315622569663,0.07251908396946564,262
A,NN,ecdf_step,0.1094379536474635,0.07633587786259542,262
A,NN,ecdf_step,0.11205334064346567,0.08015267175572519,262
A,NN,ecdf_step,0.11347100674329036,0.08396946564885496,262
A,NN,ecdf_step,0.14225320413625148,0.08778625954198473,262
A,NN,ecdf_step,0.14389714393280711,0.0916030534351145,262
A,NN,ecdf_step,0.1460875895427649,0.09541984732824428,262
A,NN,ecdf_step,0.1490754316434209,0.09923664122137404,262
A,NN,ecdf_step,0.1499438007996623,0.10305343511450382,262
A,NN,ecdf_step,0.1541455561960975,0.10687022900763359,262
A,NN,ecdf_step,0.1544647932785123,0.11068702290076336,262
A,NN,ecdf_step,0.1592551986627569,0.11450381679389313,262
A,NN,ecdf_step,0.16221083077883752,0.1183206106870229,262
A,NN,ecdf_step,0.16507914010136654,0.12213740458015267,262
A,NN,ecdf_step,0.16665639665146975,0.12595419847328243,262
A,NN,ecdf_step,0.18197003581882365,0.1297709923664122,262
A,NN,ecdf_step,0.18593635140756043,0.13358778625954199,262
A,NN,ecdf_step,0.18714466837341237,0.13740458015267176,262
A,NN,ecdf_step,0.19048728220052297,0.14122137404580154,262
A,NN,ecdf_step,0.1986808479809768,0.1450381679389313,262
A,NN,ecdf_step,0.20318503257052423,0.14885496183206107,262
A,NN,ecdf_step,0.20623338773138183,0.15267175572519084,262
A,NN,ecdf_step,0.2069105421853637,0.15648854961832062,262
A,NN,ecdf_step,0.20992369530315608,0.16030534351145037,262
A,NN,ecdf_step,0.21177522668258675,0.16412213740458015,262
A,NN,ecdf_step,0.21413856704185358,0.16793893129770993,262
A,NN,ecdf_step,0.22069914238000837,0.1717557251908397,262
A,NN,ecdf_step,0.2280822808026009,0.17557251908396945,262
A,NN,ecdf_step,0.2349179201033072,0.17938931297709923,262
A,NN,ecdf_step,0.24058713322518827,0.183206106870229,262
A,NN,ecdf_step,0.24671795592180745,0.18702290076335878,262
A,NN,ecdf_step,0.2507542301264376,0.19083969465648856,262
A,NN,ecdf_step,0.2509844585514842,0.1946564885496183,262
A,NN,ecdf_step,0.2693686168504586,0.1984732824427481,262
A,NN,ecdf_step,0.270145272315038,0.20229007633587787,262
A,NN,ecdf_step,0.2708248030796473,0.20610687022900764,262
A,NN,ecdf_step,0.2709584241800886,0.2099236641221374,262
A,NN,ecdf_step,0.2865591804337708,0.21374045801526717,262
A,NN,ecdf_step,0.30455894896144753,0.21755725190839695,262
A,NN,ecdf_step,0.3127360165984458,0.22137404580152673,262
A,NN,ecdf_step,0.31458603753038716,0.22519083969465647,262
A,NN,ecdf_step,0.32012379209198083,0.22900763358778625,262
A,NN,ecdf_step,0.32778564180624414,0.23282442748091603,262
A,NN,ecdf_step,0.331714570863742,0.2366412213740458,262
A,NN,ecdf_step,0.33632992550189367,0.24045801526717558,262
A,NN,ecdf_step,0.3365070859770933,0.24427480916030533,262
A,NN,ecdf_step,0.3399123385600042,0.2480916030534351,262
A,NN,ecdf_step,0.34489502506541286,0.25190839694656486,262
A,NN,ecdf_step,0.3533212135882688,0.25572519083969464,262
A,NN,ecdf_step,0.35409116857638284,0.2595419847328244,262
A,NN,ecdf_step,0.36687112872496597,0.2633587786259542,262
A,NN,ecdf_step,0.36887101438457665,0.26717557251908397,262
A,NN,ecdf_step,0.37521245440644974,0.27099236641221375,262
A,NN,ecdf_step,0.37805452897365227,0.2748091603053435,262
A,NN,ecdf_step,0.3788913624384743,0.2786259541984733,262
A,NN,ecdf_step,0.3990101472412799,0.2824427480916031,262
A,NN,ecdf_step,0.41417542331020213,0.2862595419847328,262
A,NN,ecdf_step,0.4177895045088531,0.2900763358778626,262
A,NN,ecdf_step,0.42490145638029997,0.29389312977099236,262
A,NN,ecdf_step,0.4267924073771967,0.29770992366412213,262
A,NN,ecdf_step,0.4503927149756906,0.3015267175572519,262
A,NN,ecdf_step,0.4562538385387005,0.3053435114503817,262
A,NN,ecdf_step,0.4832267193964554,0.30916030534351147,262
A,NN,ecdf_step,0.4856149228814055,0.31297709923664124,262
A,NN,ecdf_step,0.5029750547755618,0.31679389312977096,262
A,NN,ecdf_step,0.5062817976717732,0.32061068702290074,262
A,NN,ecdf_step,0.5127187072264117,0.3244274809160305,262
A,NN,ecdf_step,0.5132192817653008,0.3282442748091603,262
A,NN,ecdf_step,0.5218807962741254,0.3320610687022901,262
A,NN,ecdf_step,0.5229810466406761,0.33587786259541985,262
A,NN,ecdf_step,0.5288526353403669,0.33969465648854963,262
A,NN,ecdf_step,0.5370574552170798,0.3435114503816794,262
A,NN,ecdf_step,0.538567951471905,0.3473282442748092,262
A,NN,ecdf_step,0.5386028265451024,0.3511450381679389,262
A,NN,ecdf_step,0.540755734046286,0.3549618320610687,262
A,NN,ecdf_step,0.5451747438090376,0.35877862595419846,262
A,NN,ecdf_step,0.5460697848525681,0.36259541984732824,262
A,NN,ecdf_step,0.5476372071516813,0.366412213740458,262
A,NN,ecdf_step,0.5605026913577255,0.3702290076335878,262
A,NN,ecdf_step,0.566664993312864,0.37404580152671757,262
A,NN,ecdf_step,0.5673245528714232,0.37786259541984735,262
A,NN,ecdf_step,0.5772760803667426,0.3816793893129771,262
A,NN,ecdf_step,0.5791695186045526,0.38549618320610685,262
A,NN,ecdf_step,0.5914019689404817,0.3893129770992366,262
A,NN,ecdf_step,0.5951708532857952,0.3931297709923664,262
A,NN,ecdf_step,0.5988212391405956,0.3969465648854962,262
A,NN,ecdf_step,0.6040023055670085,0.40076335877862596,262
A,NN,ecdf_step,0.6074135836065253,0.40458015267175573,262
A,NN,ecdf_step,0.6098068716569525,0.4083969465648855,262
A,NN,ecdf_step,0.6117741491345543,0.4122137404580153,262
A,NN,ecdf_step,0.6124628800844578,0.41603053435114506,262
A,NN,ecdf_step,0.6172063688325985,0.4198473282442748,262
A,NN,ecdf_step,0.6224893336624417,0.42366412213740456,262
A,NN,ecdf_step,0.6321067203175768,0.42748091603053434,262
A,NN,ecdf_step,0.6321439213528359,0.4312977099236641,262
A,NN,ecdf_step,0.6387640092868074,0.4351145038167939,262
A,NN,ecdf_step,0.6422393578445068,0.4389312977099237,262
A,NN,ecdf_step,0.6519092931010217,0.44274809160305345,262
A,NN,ecdf_step,0.6549113129393145,0.44656488549618323,262
A,NN,ecdf_step,0.6584257555148354,0.45038167938931295,262
A,NN,ecdf_step,0.6747364442987804,0.4541984732824427,262
A,NN,ecdf_step,0.6816529172892147,0.4580152671755725,262
A,NN,ecdf_step,0.7138163994926603,0.4618320610687023,262
A,NN,ecdf_step,0.7166165299479568,0.46564885496183206,262
A,NN,ecdf_step,0.7288003515815017,0.46946564885496184,262
A,NN,ecdf_step,0.7407094696625788,0.4732824427480916,262
A,NN,ecdf_step,0.74248911990836,0.4770992366412214,262
A,NN,ecdf_step,0.7462731063954744,0.48091603053435117,262
A,NN,ecdf_step,0.753680398359692,0.4847328244274809,262
A,NN,ecdf_step,0.7555077852638842,0.48854961832061067,262
A,NN,ecdf_step,0.7651390497292534,0.49236641221374045,262
A,NN,ecdf_step,0.7731071277298704,0.4961832061068702,262
A,NN,ecdf_step,0.7906494493873026,0.5,262
A,NN,ecdf_step,0.7927378077865823,0.5038167938931297,262
A,NN,ecdf_step,0.7949961261106211,0.5076335877862596,262
A,NN,ecdf_step,0.8027144550468712,0.5114503816793893,262
A,NN,ecdf_step,0.806456385017841,0.5152671755725191,262
A,NN,ecdf_step,0.8238251725085424,0.5190839694656488,262
A,NN,ecdf_step,0.8286650999508385,0.5229007633587787,262
A,NN,ecdf_step,0.8371365686565407,0.5267175572519084,262
A,NN,ecdf_step,0.8375818044461525,0.5305343511450382,262
A,NN,ecdf_step,0.8501944928722832,0.5343511450381679,262
A,NN,ecdf_step,0.8531604373357288,0.5381679389312977,262
A,NN,ecdf_step,0.8557051631882875,0.5419847328244275,262
A,NN,ecdf_step,0.8564622236799102,0.5458015267175572,262
A,NN,ecdf_step,0.8598530754691802,0.549618320610687,262
A,NN,ecdf_step,0.8695867570613636,0.5534351145038168,262
A,NN,ecdf_step,0.8887752288044559,0.5572519083969466,262
A,NN,ecdf_step,0.8905259177759486,0.5610687022900763,262
A,NN,ecdf_step,0.9009946479428266,0.5648854961832062,262
A,NN,ecdf_step,0.9089776980890294,0.5687022900763359,262
A,NN,ecdf_step,0.9128494605904619,0.5725190839694656,262
A,NN,ecdf_step,0.9184803373516043,0.5763358778625954,262
A,NN,ecdf_step,0.9324167999232857,0.5801526717557252,262
A,NN,ecdf_step,0.9468050530999916,0.583969465648855,262
A,NN,ecdf_step,0.9939196676827661,0.5877862595419847,262
A,NN,ecdf_step,1.0007953819870519,0.5916030534351145,262
A,NN,ecdf_step,1.0099507892129476,0.5954198473282443,262
A,NN,ecdf_step,1.0140697417531097,0.5992366412213741,262
A,NN,ecdf_step,1.020426167154087,0.6030534351145038,262
A,NN,ecdf_step,1.027785242139305,0.6068702290076335,262
A,NN,ecdf_step,1.0321301966845289,0.6106870229007634,262
A,NN,ecdf_step,1.0547999564146786,0.6145038167938931,262
A,NN,ecdf_step,1.0568222918001593,0.6183206106870229,262
A,NN,ecdf_step,1.0621701806947728,0.6221374045801527,262
A,NN,ecdf_step,1.0703187170828659,0.6259541984732825,262
A,NN,ecdf_step,1.0839240997754658,0.6297709923664122,262
A,NN,ecdf_step,1.0864055925680003,0.6335877862595419,262
A,NN,ecdf_step,1.0979018253095898,0.6374045801526718,262
A,NN,ecdf_step,1.102838964189591,0.6412213740458015,262
A,NN,ecdf_step,1.1031854040651559,0.6450381679389313,262
A,NN,ecdf_step,1.1047926534573786,0.648854961832061,262
A,NN,ecdf_step,1.1203104997774687,0.6526717557251909,262
A,NN,ecdf_step,1.1308987067839282,0.6564885496183206,262
A,NN,ecdf_step,1.1326399323727672,0.6603053435114504,262
A,NN,ecdf_step,1.1386747573964018,0.6641221374045801,262
A,NN,ecdf_step,1.1466396938606682,0.6679389312977099,262
A,NN,ecdf_step,1.1584553810410416,0.6717557251908397,262
A,NN,ecdf_step,1.1701265429879815,0.6755725190839694,262
A,NN,ecdf_step,1.1781034853233854,0.6793893129770993,262
A,NN,ecdf_step,1.1802406085223358,0.683206106870229,262
A,NN,ecdf_step,1.1805362565098996,0.6870229007633588,262
A,NN,ecdf_step,1.1902875784110742,0.6908396946564885,262
A,NN,ecdf_step,1.201247990203276,0.6946564885496184,262
A,NN,ecdf_step,1.2053402873899652,0.6984732824427481,262
A,NN,ecdf_step,1.2080402274634165,0.7022900763358778,262
A,NN,ecdf_step,1.2147901734345865,0.7061068702290076,262
A,NN,ecdf_step,1.2206844033059092,0.7099236641221374,262
A,NN,ecdf_step,1.2218011229901196,0.7137404580152672,262
A,NN,ecdf_step,1.2249004902905938,0.7175572519083969,262
A,NN,ecdf_step,1.2524755309943834,0.7213740458015268,262
A,NN,ecdf_step,1.2624827549967965,0.7251908396946565,262
A,NN,ecdf_step,1.2642585661208627,0.7290076335877863,262
A,NN,ecdf_step,1.2679627119044912,0.732824427480916,262
A,NN,ecdf_step,1.290320474278156,0.7366412213740458,262
A,NN,ecdf_step,1.2903610820159535,0.7404580152671756,262
A,NN,ecdf_step,1.3008514277007692,0.7442748091603053,262
A,NN,ecdf_step,1.3023464291737619,0.7480916030534351,262
A,NN,ecdf_step,1.3096182212860505,0.7519083969465649,262
A,NN,ecdf_step,1.321707019920855,0.7557251908396947,262
A,NN,ecdf_step,1.3218776339478309,0.7595419847328244,262
A,NN,ecdf_step,1.3249104322055199,0.7633587786259542,262
A,NN,ecdf_step,1.3287171040982926,0.767175572519084,262
A,NN,ecdf_step,1.341311246896404,0.7709923664122137,262
A,NN,ecdf_step,1.3686746389150393,0.7748091603053435,262
A,NN,ecdf_step,1.3795375585500744,0.7786259541984732,262
A,NN,ecdf_step,1.3986176697219355,0.7824427480916031,262
A,NN,ecdf_step,1.4059471947845403,0.7862595419847328,262
A,NN,ecdf_step,1.4215085563524452,0.7900763358778626,262
A,NN,ecdf_step,1.421787091565825,0.7938931297709924,262
A,NN,ecdf_step,1.4227051114583804,0.7977099236641222,262
A,NN,ecdf_step,1.4411675807802644,0.8015267175572519,262
A,NN,ecdf_step,1.462355723109522,0.8053435114503816,262
A,NN,ecdf_step,1.4810440994805911,0.8091603053435115,262
A,NN,ecdf_step,1.506676749208853,0.8129770992366412,262
A,NN,ecdf_step,1.5369941720015656,0.816793893129771,262
A,NN,ecdf_step,1.5420569484966422,0.8206106870229007,262
A,NN,ecdf_step,1.542716542924913,0.8244274809160306,262
A,NN,ecdf_step,1.5457820174992822,0.8282442748091603,262
A,NN,ecdf_step,1.5491574662491043,0.8320610687022901,262
A,NN,ecdf_step,1.5526275255766318,0.8358778625954199,262
A,NN,ecdf_step,1.5619860883667804,0.8396946564885496,262
A,NN,ecdf_step,1.5729677611264967,0.8435114503816794,262
A,NN,ecdf_step,1.5748215691961456,0.8473282442748091,262
A,NN,ecdf_step,1.5861361431446717,0.851145038167939,262
A,NN,ecdf_step,1.595558572895242,0.8549618320610687,262
A,NN,ecdf_step,1.6061839128726565,0.8587786259541985,262
A,NN,ecdf_step,1.6127619987880912,0.8625954198473282,262
A,NN,ecdf_step,1.624535273884245,0.8664122137404581,262
A,NN,ecdf_step,1.6259350604126839,0.8702290076335878,262
A,NN,ecdf_step,1.6297058360361452,0.8740458015267175,262
A,NN,ecdf_step,1.6380301381456879,0.8778625954198473,262
A,NN,ecdf_step,1.6493299300463922,0.8816793893129771,262
A,NN,ecdf_step,1.656999307921271,0.8854961832061069,262
A,NN,ecdf_step,1.6787083849821514,0.8893129770992366,262
A,NN,ecdf_step,1.6814946453061612,0.8931297709923665,262
A,NN,ecdf_step,1.690253445630764,0.8969465648854962,262
A,NN,ecdf_step,1.6932235032858511,0.9007633587786259,262
A,NN,ecdf_step,1.701393495998349,0.9045801526717557,262
A,NN,ecdf_step,1.7015261631573575,0.9083969465648855,262
A,NN,ecdf_step,1.703284909872288,0.9122137404580153,262
A,NN,ecdf_step,1.7137217993954401,0.916030534351145,262
A,NN,ecdf_step,1.737730422345665,0.9198473282442748,262
A,NN,ecdf_step,1.7587619868392053,0.9236641221374046,262
A,NN,ecdf_step,1.758911140425673,0.9274809160305344,262
A,NN,ecdf_step,1.7860850010566822,0.9312977099236641,262
A,NN,ecdf_step,1.7990419027744329,0.9351145038167938,262
A,NN,ecdf_step,1.8251317185508376,0.9389312977099237,262
A,NN,ecdf_step,1.8292417662672187,0.9427480916030534,262
A,NN,ecdf_step,1.8297926976068024,0.9465648854961832,262
A,NN,ecdf_step,1.8476099211311299,0.950381679389313,262
A,NN,ecdf_step,1.864343548799316,0.9541984732824428,262
A,NN,ecdf_step,1.866128093761188,0.9580152671755725,262
A,NN,ecdf_step,1.8710008377685465,0.9618320610687023,262
A,NN,ecdf_step,1.9194616569545575,0.9656488549618321,262
A,NN,ecdf_step,1.933538065530961,0.9694656488549618,262
A,NN,ecdf_step,1.943039606476009,0.9732824427480916,262
A,NN,ecdf_step,1.965932714673102,0.9770992366412213,262
A,NN,ecdf_step,1.978293533543042,0.9809160305343512,262
A,NN,ecdf_step,1.979353487567552,0.9847328244274809,262
A,NN,ecdf_step,1.988387868174131,0.9885496183206107,262
A,NN,ecdf_step,2.0127451023882124,0.9923664122137404,262
A,NN,ecdf_step,2.0209899991898914,0.9961832061068703,262
A,NN,ecdf_step,2.0369511297613703,1.0,262
A,NND4,ecdf_step,0.0,0.0,262
A,NND4,ecdf_step,0.005100932471399644,0.003816793893129771,262
A,NND4,ecdf_step,0.005100932471475972,0.007633587786259542,262
A,NND4,ecdf_step,0.007112287147566232,0.011450381679389313,262
A,NND4,ecdf_step,0.007112287147760521,0.015267175572519083,262
A,NND4,ecdf_step,0.023753148326435825,0.019083969465648856,262
A,NND4,ecdf_step,0.023753148326491336,0.022900763358778626,262
A,NND4,ecdf_step,0.02681516485541352,0.026717557251908396,262
A,NND4,ecdf_step,0.026815164855892304,0.030534351145038167,262
A,NND4,ecdf_step,0.03849410491220395,0.03435114503816794,262
A,NND4,ecdf_step,0.03849410491221089,0.03816793893129771,262
A,NND4,ecdf_step,0.04257708979148178,0.04198473282442748,262
A,NND4,ecdf_step,0.0425770897915026,0.04580152671755725,262
A,NND4,ecdf_step,0.04463243743810241,0.04961832061068702,262
A,NND4,ecdf_step,0.044632437438157924,0.05343511450381679,262
A,NND4,ecdf_step,0.0605044767315599,0.05725190839694656,262
A,NND4,ecdf_step,0.060504476732010926,0.061068702290076333,262
A,NND4,ecdf_step,0.07387569609818706,0.0648854961832061,262
A,NND4,ecdf_step,0.07387569609821482,0.06870229007633588,262
A,NND4,ecdf_step,0.09292510574469837,0.07251908396946564,262
A,NND4,ecdf_step,0.09292510574474,0.07633587786259542,262
A,NND4,ecdf_step,0.12310925618192609,0.08015267175572519,262
A,NND4,ecdf_step,0.12310925618193996,0.08396946564885496,262
A,NND4,ecdf_step,0.13526407645957778,0.08778625954198473,262
A,NND4,ecdf_step,0.13526407645958471,0.0916030534351145,262
A,NND4,ecdf_step,0.13885815648293637,0.09541984732824428,262
A,NND4,ecdf_step,0.13885815648295025,0.09923664122137404,262
A,NND4,ecdf_step,0.14175569188909498,0.10305343511450382,262
A,NND4,ecdf_step,0.14175569188987214,0.10687022900763359,262
A,NND4,ecdf_step,0.14440200454880064,0.11068702290076336,262
A,NND4,ecdf_step,0.14440200454885616,0.11450381679389313,262
A,NND4,ecdf_step,0.1446294481477553,0.1183206106870229,262
A,NND4,ecdf_step,0.14462944814858797,0.12213740458015267,262
A,NND4,ecdf_step,0.15622096542605018,0.12595419847328243,262
A,NND4,ecdf_step,0.15622096542606406,0.1297709923664122,262
A,NND4,ecdf_step,0.17095992506174773,0.13358778625954199,262
A,NND4,ecdf_step,0.17095992506175467,0.13740458015267176,262
A,NND4,ecdf_step,0.19538961978955716,0.14122137404580154,262
A,NND4,ecdf_step,0.1953896197895641,0.1450381679389313,262
A,NND4,ecdf_step,0.19567269795792153,0.14885496183206107,262
A,NND4,ecdf_step,0.1956726979579354,0.15267175572519084,262
A,NND4,ecdf_step,0.20374321317399163,0.15648854961832062,262
A,NND4,ecdf_step,0.20374321317451205,0.16030534351145037,262
A,NND4,ecdf_step,0.21833386206327604,0.16412213740458015,262
A,NND4,ecdf_step,0.21833386206392136,0.16793893129770993,262
A,NND4,ecdf_step,0.2378855191361856,0.1717557251908397,262
A,NND4,ecdf_step,0.23788551913624806,0.17557251908396945,262
A,NND4,ecdf_step,0.24176747744008437,0.17938931297709923,262
A,NND4,ecdf_step,0.2417674774400913,0.183206106870229,262
A,NND4,ecdf_step,0.24577432825319268,0.18702290076335878,262
A,NND4,ecdf_step,0.24577432825319268,0.19083969465648856,262
A,NND4,ecdf_step,0.2510055091935748,0.1946564885496183,262
A,NND4,ecdf_step,0.2510055091939564,0.1984732824427481,262
A,NND4,ecdf_step,0.25556985917248726,0.20229007633587787,262
A,NND4,ecdf_step,0.2555698591725983,0.20610687022900764,262
A,NND4,ecdf_step,0.2667165637893834,0.2099236641221374,262
A,NND4,ecdf_step,0.2667165637893973,0.21374045801526717,262
A,NND4,ecdf_step,0.274950276706043,0.21755725190839695,262
A,NND4,ecdf_step,0.27495027670604993,0.22137404580152673,262
A,NND4,ecdf_step,0.30136071426643124,0.22519083969465647,262
A,NND4,ecdf_step,0.30136071426648675,0.22900763358778625,262
A,NND4,ecdf_step,0.3037285781710211,0.23282442748091603,262
A,NND4,ecdf_step,0.30372857817109744,0.2366412213740458,262
A,NND4,ecdf_step,0.3099261473864315,0.24045801526717558,262
A,NND4,ecdf_step,0.30992614738644536,0.24427480916030533,262
A,NND4,ecdf_step,0.33537760681259104,0.2480916030534351,262
A,NND4,ecdf_step,0.3353776068126049,0.25190839694656486,262
A,NND4,ecdf_step,0.35404280837237484,0.25572519083969464,262
A,NND4,ecdf_step,0.3540428083723818,0.2595419847328244,262
A,NND4,ecdf_step,0.3684540588152693,0.2633587786259542,262
A,NND4,ecdf_step,0.3684540588153734,0.26717557251908397,262
A,NND4,ecdf_step,0.3811103272309893,0.27099236641221375,262
A,NND4,ecdf_step,0.38111032723099625,0.2748091603053435,262
A,NND4,ecdf_step,0.3838221999247632,0.2786259541984733,262
A,NND4,ecdf_step,0.3838221999248534,0.2824427480916031,262
A,NND4,ecdf_step,0.3903506257088296,0.2862595419847328,262
A,NND4,ecdf_step,0.39035062570883655,0.2900763358778626,262
A,NND4,ecdf_step,0.39223314014473487,0.29389312977099236,262
A,NND4,ecdf_step,0.3922331401459492,0.29770992366412213,262
A,NND4,ecdf_step,0.3956941201148437,0.3015267175572519,262
A,NND4,ecdf_step,0.3956941201148645,0.3053435114503817,262
A,NND4,ecdf_step,0.42088390353717253,0.30916030534351147,262
A,NND4,ecdf_step,0.4208839035372558,0.31297709923664124,262
A,NND4,ecdf_step,0.44060735915901067,0.31679389312977096,262
A,NND4,ecdf_step,0.4406073591590523,0.32061068702290074,262
A,NND4,ecdf_step,0.4507291728296295,0.3244274809160305,262
A,NND4,ecdf_step,0.4507291728296989,0.3282442748091603,262
A,NND4,ecdf_step,0.46516502890027456,0.3320610687022901,262
A,NND4,ecdf_step,0.46516502890027456,0.33587786259541985,262
A,NND4,ecdf_step,0.49712868235346486,0.33969465648854963,262
A,NND4,ecdf_step,0.4971286823535412,0.3435114503816794,262
A,NND4,ecdf_step,0.5261257649710263,0.3473282442748092,262
A,NND4,ecdf_step,0.526125764971068,0.3511450381679389,262
A,NND4,ecdf_step,0.5576301006111686,0.3549618320610687,262
A,NND4,ecdf_step,0.5576301006111826,0.35877862595419846,262
A,NND4,ecdf_step,0.5644036322878174,0.36259541984732824,262
A,NND4,ecdf_step,0.5644036322878452,0.366412213740458,262
A,NND4,ecdf_step,0.5854448981394909,0.3702290076335878,262
A,NND4,ecdf_step,0.5854448981399627,0.37404580152671757,262
A,NND4,ecdf_step,0.5965964821470493,0.37786259541984735,262
A,NND4,ecdf_step,0.5965964821473477,0.3816793893129771,262
A,NND4,ecdf_step,0.5970545190813192,0.38549618320610685,262
A,NND4,ecdf_step,0.5970545190813609,0.3893129770992366,262
A,NND4,ecdf_step,0.5979264964531481,0.3931297709923664,262
A,NND4,ecdf_step,0.5979264964531619,0.3969465648854962,262
A,NND4,ecdf_step,0.605666525420892,0.40076335877862596,262
A,NND4,ecdf_step,0.6056665254209337,0.40458015267175573,262
A,NND4,ecdf_step,0.611009150583916,0.4083969465648855,262
A,NND4,ecdf_step,0.6110091505851928,0.4122137404580153,262
A,NND4,ecdf_step,0.6176272408918646,0.41603053435114506,262
A,NND4,ecdf_step,0.6176272408918646,0.4198473282442748,262
A,NND4,ecdf_step,0.6190851275053935,0.42366412213740456,262
A,NND4,ecdf_step,0.6190851275055878,0.42748091603053434,262
A,NND4,ecdf_step,0.6329891775884028,0.4312977099236641,262
A,NND4,ecdf_step,0.6329891775884167,0.4351145038167939,262
A,NND4,ecdf_step,0.6347501504935169,0.4389312977099237,262
A,NND4,ecdf_step,0.6347501504935515,0.44274809160305345,262
A,NND4,ecdf_step,0.6431218003883077,0.44656488549618323,262
A,NND4,ecdf_step,0.6431218003883423,0.45038167938931295,262
A,NND4,ecdf_step,0.6828453157132832,0.4541984732824427,262
A,NND4,ecdf_step,0.6828453157133596,0.4580152671755725,262
A,NND4,ecdf_step,0.7043195600682367,0.4618320610687023,262
A,NND4,ecdf_step,0.7043195600682437,0.46564885496183206,262
A,NND4,ecdf_step,0.7155099066363177,0.46946564885496184,262
A,NND4,ecdf_step,0.7155099066363315,0.4732824427480916,262
A,NND4,ecdf_step,0.7327177426633552,0.4770992366412214,262
A,NND4,ecdf_step,0.7327177426633691,0.48091603053435117,262
A,NND4,ecdf_step,0.734080371017104,0.4847328244274809,262
A,NND4,ecdf_step,0.7340803710171386,0.48854961832061067,262
A,NND4,ecdf_step,0.7581020028833985,0.49236641221374045,262
A,NND4,ecdf_step,0.7581020028834193,0.4961832061068702,262
A,NND4,ecdf_step,0.7877354769031606,0.5,262
A,NND4,ecdf_step,0.7877354769031675,0.5038167938931297,262
A,NND4,ecdf_step,0.7904410662738642,0.5076335877862596,262
A,NND4,ecdf_step,0.790441066273892,0.5114503816793893,262
A,NND4,ecdf_step,0.8075244796809516,0.5152671755725191,262
A,NND4,ecdf_step,0.8075244796809864,0.5190839694656488,262
A,NND4,ecdf_step,0.8322745201754383,0.5229007633587787,262
A,NND4,ecdf_step,0.8322745201754591,0.5267175572519084,262
A,NND4,ecdf_step,0.8332406144461596,0.5305343511450382,262
A,NND4,ecdf_step,0.8332406144461666,0.5343511450381679,262
A,NND4,ecdf_step,0.8447812962096222,0.5381679389312977,262
A,NND4,ecdf_step,0.8447812962096637,0.5419847328244275,262
A,NND4,ecdf_step,0.8478511093120006,0.5458015267175572,262
A,NND4,ecdf_step,0.8478511093120145,0.549618320610687,262
A,NND4,ecdf_step,0.8514561917679769,0.5534351145038168,262
A,NND4,ecdf_step,0.8514561917679977,0.5572519083969466,262
A,NND4,ecdf_step,0.8714130026047859,0.5610687022900763,262
A,NND4,ecdf_step,0.8714130026047928,0.5648854961832062,262
A,NND4,ecdf_step,0.8720263382640397,0.5687022900763359,262
A,NND4,ecdf_step,0.8720263382643103,0.5725190839694656,262
A,NND4,ecdf_step,0.8735262735351315,0.5763358778625954,262
A,NND4,ecdf_step,0.8735262735351592,0.5801526717557252,262
A,NND4,ecdf_step,0.8756038082794737,0.583969465648855,262
A,NND4,ecdf_step,0.8756038082794876,0.5877862595419847,262
A,NND4,ecdf_step,0.8787788439354669,0.5916030534351145,262
A,NND4,ecdf_step,0.8787788439355015,0.5954198473282443,262
A,NND4,ecdf_step,0.8899988414036303,0.5992366412213741,262
A,NND4,ecdf_step,0.889998841403651,0.6030534351145038,262
A,NND4,ecdf_step,0.894656121385104,0.6068702290076335,262
A,NND4,ecdf_step,0.8946561213851387,0.6106870229007634,262
A,NND4,ecdf_step,0.8987266361705215,0.6145038167938931,262
A,NND4,ecdf_step,0.8987266361706325,0.6183206106870229,262
A,NND4,ecdf_step,0.9461165579795414,0.6221374045801527,262
A,NND4,ecdf_step,0.9461165579795622,0.6259541984732825,262
A,NND4,ecdf_step,0.9621040527971053,0.6297709923664122,262
A,NND4,ecdf_step,0.9621040527972093,0.6335877862595419,262
A,NND4,ecdf_step,1.0317228983958149,0.6374045801526718,262
A,NND4,ecdf_step,1.0317228983958426,0.6412213740458015,262
A,NND4,ecdf_step,1.0341794072752721,0.6450381679389313,262
A,NND4,ecdf_step,1.0341794072753971,0.648854961832061,262
A,NND4,ecdf_step,1.06125315450728,0.6526717557251909,262
A,NND4,ecdf_step,1.061253154507287,0.6564885496183206,262
A,NND4,ecdf_step,1.068781128751084,0.6603053435114504,262
A,NND4,ecdf_step,1.068781128751084,0.6641221374045801,262
A,NND4,ecdf_step,1.0769779357439335,0.6679389312977099,262
A,NND4,ecdf_step,1.076977935743989,0.6717557251908397,262
A,NND4,ecdf_step,1.1247553449556733,0.6755725190839694,262
A,NND4,ecdf_step,1.124755344955798,0.6793893129770993,262
A,NND4,ecdf_step,1.1274821906889152,0.683206106870229,262
A,NND4,ecdf_step,1.1274821906889498,0.6870229007633588,262
A,NND4,ecdf_step,1.1328941367873477,0.6908396946564885,262
A,NND4,ecdf_step,1.1328941367875003,0.6946564885496184,262
A,NND4,ecdf_step,1.1343343270580688,0.6984732824427481,262
A,NND4,ecdf_step,1.1343343270580966,0.7022900763358778,262
A,NND4,ecdf_step,1.1881291332431902,0.7061068702290076,262
A,NND4,ecdf_step,1.188129133243232,0.7099236641221374,262
A,NND4,ecdf_step,1.2060767327154025,0.7137404580152672,262
A,NND4,ecdf_step,1.206076732715472,0.7175572519083969,262
A,NND4,ecdf_step,1.2146031381199824,0.7213740458015268,262
A,NND4,ecdf_step,1.2146031381199824,0.7251908396946565,262
A,NND4,ecdf_step,1.2265144174815334,0.7290076335877863,262
A,NND4,ecdf_step,1.2265144174815403,0.732824427480916,262
A,NND4,ecdf_step,1.226797495649898,0.7366412213740458,262
A,NND4,ecdf_step,1.2267974956499117,0.7404580152671756,262
A,NND4,ecdf_step,1.263366065071131,0.7442748091603053,262
A,NND4,ecdf_step,1.263366065072019,0.7480916030534351,262
A,NND4,ecdf_step,1.2772203926742012,0.7519083969465649,262
A,NND4,ecdf_step,1.2772203926742012,0.7557251908396947,262
A,NND4,ecdf_step,1.2961940419507976,0.7595419847328244,262
A,NND4,ecdf_step,1.2961940419508322,0.7633587786259542,262
A,NND4,ecdf_step,1.3110967591297569,0.767175572519084,262
A,NND4,ecdf_step,1.3110967591298885,0.7709923664122137,262
A,NND4,ecdf_step,1.326878469052266,0.7748091603053435,262
A,NND4,ecdf_step,1.3268784690522797,0.7786259541984732,262
A,NND4,ecdf_step,1.3298892698351135,0.7824427480916031,262
A,NND4,ecdf_step,1.329889269836272,0.7862595419847328,262
A,NND4,ecdf_step,1.3554947307500425,0.7900763358778626,262
A,NND4,ecdf_step,1.3554947307500633,0.7938931297709924,262
A,NND4,ecdf_step,1.4075228334453558,0.7977099236641222,262
A,NND4,ecdf_step,1.4075228334453627,0.8015267175572519,262
A,NND4,ecdf_step,1.4374262854496624,0.8053435114503816,262
A,NND4,ecdf_step,1.4374262854497457,0.8091603053435115,262
A,NND4,ecdf_step,1.4951385035601659,0.8129770992366412,262
A,NND4,ecdf_step,1.4951385035601727,0.816793893129771,262
A,NND4,ecdf_step,1.508672319363663,0.8206106870229007,262
A,NND4,ecdf_step,1.50867231936367,0.8244274809160306,262
A,NND4,ecdf_step,1.522293984730895,0.8282442748091603,262
A,NND4,ecdf_step,1.5222939847310892,0.8320610687022901,262
A,NND4,ecdf_step,1.551083550657348,0.8358778625954199,262
A,NND4,ecdf_step,1.5510835506578475,0.8396946564885496,262
A,NND4,ecdf_step,1.5940947162130306,0.8435114503816794,262
A,NND4,ecdf_step,1.5940947162131693,0.8473282442748091,262
A,NND4,ecdf_step,1.6074807780301972,0.851145038167939,262
A,NND4,ecdf_step,1.607480778030225,0.8549618320610687,262
A,NND4,ecdf_step,1.612466928573808,0.8587786259541985,262
A,NND4,ecdf_step,1.6124669285738498,0.8625954198473282,262
A,NND4,ecdf_step,1.6177671330766807,0.8664122137404581,262
A,NND4,ecdf_step,1.6177671330767016,0.8702290076335878,262
A,NND4,ecdf_step,1.6251250377160298,0.8740458015267175,262
A,NND4,ecdf_step,1.6251250377168347,0.8778625954198473,262
A,NND4,ecdf_step,1.677731420845742,0.8816793893129771,262
A,NND4,ecdf_step,1.6777314208457836,0.8854961832061069,262
A,NND4,ecdf_step,1.6816556560005012,0.8893129770992366,262
A,NND4,ecdf_step,1.681655656000522,0.8931297709923665,262
A,NND4,ecdf_step,1.683275268911648,0.8969465648854962,262
A,NND4,ecdf_step,1.683275268911648,0.9007633587786259,262
A,NND4,ecdf_step,1.6866394458658687,0.9045801526717557,262
A,NND4,ecdf_step,1.6866394458658687,0.9083969465648855,262
A,NND4,ecdf_step,1.698648700345598,0.9122137404580153,262
A,NND4,ecdf_step,1.6986487003456119,0.916030534351145,262
A,NND4,ecdf_step,1.699340557806621,0.9198473282442748,262
A,NND4,ecdf_step,1.6993405578066625,0.9236641221374046,262
A,NND4,ecdf_step,1.719356672571476,0.9274809160305344,262
A,NND4,ecdf_step,1.7193566725715383,0.9312977099236641,262
A,NND4,ecdf_step,1.7310736155053685,0.9351145038167938,262
A,NND4,ecdf_step,1.7310736155054032,0.9389312977099237,262
A,NND4,ecdf_step,1.7768853982841546,0.9427480916030534,262
A,NND4,ecdf_step,1.7768853982841615,0.9465648854961832,262
A,NND4,ecdf_step,1.7890402185618062,0.950381679389313,262
A,NND4,ecdf_step,1.7890402185618062,0.9541984732824428,262
A,NND4,ecdf_step,1.8436432805981826,0.9580152671755725,262
A,NND4,ecdf_step,1.8436432805988416,0.9618320610687023,262
A,NND4,ecdf_step,1.9141244640341128,0.9656488549618321,262
A,NND4,ecdf_step,1.9141244640341406,0.9694656488549618,262
A,NND4,ecdf_step,1.958057901527241,0.9732824427480916,262
A,NND4,ecdf_step,1.9580579015272825,0.9770992366412213,262
A,NND4,ecdf_step,1.9590750650679833,0.9809160305343512,262
A,NND4,ecdf_step,1.9590750650679971,0.9847328244274809,262
A,NND4,ecdf_step,2.0249181241028187,0.9885496183206107,262
A,NND4,ecdf_step,2.0249181241028467,0.9923664122137404,262
A,NND4,ecdf_step,2.1798554766940814,0.9961832061068703,262
A,NND4,ecdf_step,2.1798554766940814,1.0,262
B,native,tail_p95,p95,1.8662075533295093,262
B,native,tail_p99,p99,2.27406263430604,262
B,native,tail_max,max,2.5335716265179262,262
B,NN,tail_p95,p95,1.846719059954913,262
B,NN,tail_p99,p99,1.9978871895176225,262
B,NN,tail_max,max,2.0369511297613703,262
B,NND4,tail_p95,p95,1.788432477547924,262
B,NND4,tail_p99,p99,2.02491812410283,262
B,NND4,tail_max,max,2.1798554766940814,262
C,NN,arc_jump_point,1.0612754313353314,0.538567951471905,158
C,NN,arc_jump_point,1.102113450368059,1.5619860883667804,158
C,NN,arc_jump_point,1.1462210209914239,1.8292417662672187,158
C,NN,arc_jump_point,2.145634895011564,3.6596505337908662,158
C,NN,arc_jump_point,3.180915379108919,0.4503927149756906,158
C,NN,arc_jump_point,3.3030804797659656,1.2679627119044912,158
C,NN,arc_jump_point,3.4349961541071297,1.7990419027744329,158
C,NN,arc_jump_point,4.446421702378934,3.4118996397443366,158
C,NN,arc_jump_point,5.49432554824699,1.4059471947845403,158
C,NN,arc_jump_point,5.7128406830381735,1.701393495998349,158
C,NN,arc_jump_point,5.949399218381737,0.8564622236799102,158
C,NN,arc_jump_point,6.798138422923164,3.9770959945931854,158
C,NN,arc_jump_point,7.669556992702752,1.3287171040982926,158
C,NN,arc_jump_point,7.972697950461428,1.6297058360361452,158
C,NN,arc_jump_point,8.300623493585405,1.102838964189591,158
C,NN,arc_jump_point,9.054341372972889,3.8405627619440206,158
C,NN,arc_jump_point,9.822758957186142,1.2624827549967965,158
C,NN,arc_jump_point,10.207845556965697,1.4227051114583804,158
C,NN,arc_jump_point,10.624008383410311,1.341311246896404,158
C,NN,arc_jump_point,11.282708734747821,4.708152030640796,158
C,NN,arc_jump_point,11.948285111876276,0.8238251725085424,158
C,NN,arc_jump_point,12.412007354572722,1.624535273884245,158
C,NN,arc_jump_point,12.912554961942432,1.7137217993954401,158
C,NN,arc_jump_point,13.477075329490258,3.369344438001645,158
C,NN,arc_jump_point,14.040937342419607,0.6224893336624417,158
C,NN,arc_jump_point,14.579445948555124,1.0547999564146786,158
C,NN,arc_jump_point,15.15991609418328,1.943039606476009,158
C,NN,arc_jump_point,15.631865847188717,4.197604976919872,158
C,NN,arc_jump_point,16.096027143985157,0.3399123385600042,158
C,NN,arc_jump_point,16.70503297277732,1.5457820174992822,158
C,NN,arc_jump_point,17.36047670009353,1.656999307921271,158
C,NN,arc_jump_point,18.067688305794604,1.0568222918001593,158
C,NN,arc_jump_point,18.43494882292201,4.772322324447124,158
C,NN,arc_jump_point,18.784296014413748,1.2053402873899652,158
C,NN,arc_jump_point,19.50940415988046,1.6814946453061612,158
C,NN,arc_jump_point,20.158996896627063,2.091838806585505,158
C,NN,arc_jump_point,20.564139706730984,3.6409962728346095,158
C,NN,arc_jump_point,20.944753607802785,2.803859704178069,158
C,NN,arc_jump_point,21.602669839730822,0.6422393578445068,158
C,NN,arc_jump_point,22.19570912493947,2.154112370799828,158
C,NN,arc_jump_point,22.635343354103952,4.087650436330789,158
C,NN,arc_jump_point,23.04457108494826,4.082454172584321,158
C,NN,arc_jump_point,23.637044384363513,1.6259350604126839,158
C,NN,arc_jump_point,24.54619586658943,1.9194616569545575,158
C,NN,arc_jump_point,25.080839554389485,3.2986787614454336,158
C,NN,arc_jump_point,25.5871889110962,4.50671898890885,158
C,NN,arc_jump_point,26.05247388773111,3.326182732398951,158
C,NN,arc_jump_point,26.553107921895872,1.2620756498419108,158
C,NN,arc_jump_point,27.051470248917873,1.8072503936509485,158
C,NN,arc_jump_point,27.540628473003302,1.854792965095088,158
C,NN,arc_jump_point,28.07538897013778,3.83308649863813,158
C,NN,arc_jump_point,28.598102665669437,2.291029550141488,158
C,NN,arc_jump_point,29.46529839538329,1.163165586058168,158
C,NN,arc_jump_point,30.024756360666885,3.029293679819356,158
C,NN,arc_jump_point,30.568638280858927,1.8074925568292364,158
C,NN,arc_jump_point,31.16838083609099,3.03239304711983,158
C,NN,arc_jump_point,31.74900179024799,2.5467781242384246,158
C,NN,arc_jump_point,32.46226485650337,2.3107466414322433,158
C,NN,arc_jump_point,33.08294863683939,3.4888501267556284,158
C,NN,arc_jump_point,33.68141257465503,2.4684239596015414,158
C,NN,arc_jump_point,34.279491898566164,0.4412566485495345,158
C,NN,arc_jump_point,34.628839090057895,4.040579314935004,158
C,NN,arc_jump_point,34.98378748991618,1.8960377565131816,158
C,NN,arc_jump_point,35.530697453890866,2.031070551678532,158
C,NN,arc_jump_point,36.21154366757537,3.573787094603445,158
C,NN,arc_jump_point,36.86347558650448,2.2834260125874914,158
C,NN,arc_jump_point,37.298489828655846,1.45544022211732,158
C,NN,arc_jump_point,37.99217030430658,2.6356808306396555,158
C,NN,arc_jump_point,38.655011576656705,2.0690158373267917,158
C,NN,arc_jump_point,39.39368691789974,3.321491368321175,158
C,NN,arc_jump_point,40.09695362005145,1.7087293695330839,158
C,NN,arc_jump_point,40.36118492563628,2.3664423971477833,158
C,NN,arc_jump_point,41.10776180940759,2.9050452236928854,158
C,NN,arc_jump_point,41.81772700894966,2.5269906947192333,158
C,NN,arc_jump_point,42.6106288115933,3.6736303885799018,158
C,NN,arc_jump_point,43.362087705454556,1.6942769010123495,158
C,NN,arc_jump_point,43.45071198501522,2.1855868752989336,158
C,NN,arc_jump_point,44.24628212061252,2.8176935956165106,158
C,NN,arc_jump_point,45.0,2.5031075580861235,158
C,NN,arc_jump_point,45.0,0.42402399117785067,158
C,NN,arc_jump_point,45.75371787938748,0.08751690520075739,158
C,NN,arc_jump_point,46.54928801498478,2.200850634776409,158
C,NN,arc_jump_point,46.637912294545444,1.6395593912738593,158
C,NN,arc_jump_point,47.3893711884067,3.6054921059469613,158
C,NN,arc_jump_point,48.18227299105034,2.5777068638076566,158
C,NN,arc_jump_point,48.89223819059242,2.9094214346713985,158
C,NN,arc_jump_point,49.63881507436372,2.3686657006251126,158
C,NN,arc_jump_point,49.90304637994855,1.611074451129152,158
C,NN,arc_jump_point,50.60631308210026,3.206633024024394,158
C,NN,arc_jump_point,51.344988423343295,2.1018403705670154,158
C,NN,arc_jump_point,52.007829695693424,2.753749663668037,158
C,NN,arc_jump_point,52.70151017134416,1.4894910975471742,158
C,NN,arc_jump_point,53.13652441349552,2.1966753660441487,158
C,NN,arc_jump_point,53.78845633242463,3.49902179521791,158
C,NN,arc_jump_point,54.469302546109134,2.057854214437646,158
C,NN,arc_jump_point,55.01621251008382,1.710536197630723,158
C,NN,arc_jump_point,55.371160909942105,3.9174658437117897,158
C,NN,arc_jump_point,55.720508101433836,0.46919922373540174,158
C,NN,arc_jump_point,56.31858742534497,2.454346952293622,158
C,NN,arc_jump_point,56.91705136316061,3.5407525448616224,158
C,NN,arc_jump_point,57.53773514349663,2.408112612488855,158
C,NN,arc_jump_point,58.25099820975201,2.2910953134138086,158
C,NN,arc_jump_point,58.83161916390901,2.8515980047715344,158
C,NN,arc_jump_point,59.43136171914108,1.9820112477101706,158
C,NN,arc_jump_point,59.97524363933312,3.196801421144757,158
C,NN,arc_jump_point,60.534701604616714,1.1758114219548657,158
C,NN,arc_jump_point,61.40189733433057,2.112853155415588,158
C,NN,arc_jump_point,61.92461102986222,3.6876747246117336,158
C,NN,arc_jump_point,62.4593715269967,1.9289127377725284,158
C,NN,arc_jump_point,62.94852975108212,1.7257277052020044,158
C,NN,arc_jump_point,63.44689207810412,1.1217253996349958,158
C,NN,arc_jump_point,63.94752611226889,3.109037398801688,158
C,NN,arc_jump_point,64.4128110889038,4.206939224111278,158
C,NN,arc_jump_point,64.91916044561052,3.3512340609229905,158
C,NN,arc_jump_point,65.45380413341059,2.0127451023882124,158
C,NN,arc_jump_point,66.3629556156365,1.5526275255766318,158
C,NN,arc_jump_point,66.95542891505174,3.8519318083986147,158
C,NN,arc_jump_point,67.36465664589605,3.8229579502733064,158
C,NN,arc_jump_point,67.80429087506053,2.036872949216624,158
C,NN,arc_jump_point,68.39733016026918,0.5288526353403669,158
C,NN,arc_jump_point,69.05524639219723,2.585896060577138,158
C,NN,arc_jump_point,69.43586029326903,3.4987455211675997,158
C,NN,arc_jump_point,69.84100310337294,2.1001278514456643,158
C,NN,arc_jump_point,70.49059584011954,1.690253445630764,158
C,NN,arc_jump_point,71.21570398558626,3.506660619861553,158
C,NN,arc_jump_point,71.56505117707799,4.645335377257955,158
C,NN,arc_jump_point,71.9323116942054,3.635384588045007,158
C,NN,arc_jump_point,72.63952329990647,1.6061839128726565,158
C,NN,arc_jump_point,73.29496702722268,1.421787091565825,158
C,NN,arc_jump_point,73.90397285601486,0.41417542331020213,158
C,NN,arc_jump_point,74.36813415281128,4.040967666889279,158
C,NN,arc_jump_point,74.84008390581671,1.8297926976068024,158
C,NN,arc_jump_point,75.42055405144487,0.9468050530999916,158
C,NN,arc_jump_point,75.9590626575804,0.74248911990836,158
C,NN,arc_jump_point,76.52292467050975,3.375189726682347,158
C,NN,arc_jump_point,77.08744503805758,1.6787083849821514,158
C,NN,arc_jump_point,77.58799264542728,1.5861361431446717,158
C,NN,arc_jump_point,78.05171488812374,0.9009946479428266,158
C,NN,arc_jump_point,78.71729126525219,4.775646047726602,158
C,NN,arc_jump_point,79.37599161658969,1.3795375585500744,158
C,NN,arc_jump_point,79.7921544430343,1.4810440994805911,158
C,NN,arc_jump_point,80.17724104281386,1.201247990203276,158
C,NN,arc_jump_point,80.94565862702711,3.9025744495711847,158
C,NN,arc_jump_point,81.69937650641461,1.1902875784110742,158
C,NN,arc_jump_point,82.02730204953858,1.7015261631573575,158
C,NN,arc_jump_point,82.33044300729725,1.2206844033059092,158
C,NN,arc_jump_point,83.20186157707684,4.044990294332224,158
C,NN,arc_jump_point,84.05060078161827,1.0321301966845289,158
C,NN,arc_jump_point,84.28715931696183,1.6380301381456879,158
C,NN,arc_jump_point,84.50567445175301,1.3008514277007692,158
C,NN,arc_jump_point,85.55357829762107,3.2097063689261045,158
C,NN,arc_jump_point,86.56500384589287,1.758911140425673,158
C,NN,arc_jump_point,86.69691952023405,1.0839240997754658,158
C,NN,arc_jump_point,86.81908462089109,0.4832267193964554,158
C,NN,arc_jump_point,87.85436510498843,3.472149549140359,158
C,NN,arc_jump_point,88.85377897900858,1.6932235032858511,158
C,NN,arc_jump_point,88.89788654963195,1.462355723109522,158
C,NN,arc_jump_point,88.93872456866467,0.5673245528714232,158
C,NND4,arc_jump_point,1.0612754313353314,0.46516502890027456,158
C,NND4,arc_jump_point,1.102113450368059,1.50867231936367,158
C,NND4,arc_jump_point,1.1462210209914239,1.7890402185618062,158
C,NND4,arc_jump_point,2.145634895011564,3.5171032385725582,158
C,NND4,arc_jump_point,3.180915379108919,0.3903506257088296,158
C,NND4,arc_jump_point,3.3030804797659656,1.2146031381199824,158
C,NND4,arc_jump_point,3.4349961541071297,1.7768853982841615,158
C,NND4,arc_jump_point,4.446421702378934,3.3455313447765187,158
C,NND4,arc_jump_point,5.49432554824699,1.326878469052266,158
C,NND4,arc_jump_point,5.7128406830381735,1.683275268911648,158
C,NND4,arc_jump_point,5.949399218381737,0.8899988414036303,158
C,NND4,arc_jump_point,6.798138422923164,3.938646684279755,158
C,NND4,arc_jump_point,7.669556992702752,1.2265144174815403,158
C,NND4,arc_jump_point,7.972697950461428,1.6777314208457836,158
C,NND4,arc_jump_point,8.300623493585405,1.0769779357439335,158
C,NND4,arc_jump_point,9.054341372972889,3.7858341542816936,158
C,NND4,arc_jump_point,9.822758957186142,1.2267974956499117,158
C,NND4,arc_jump_point,10.207845556965697,1.4374262854497457,158
C,NND4,arc_jump_point,10.624008383410311,1.263366065071131,158
C,NND4,arc_jump_point,11.282708734747821,4.64309975280712,158
C,NND4,arc_jump_point,11.948285111876276,0.8735262735351592,158
C,NND4,arc_jump_point,12.412007354572722,1.6074807780301972,158
C,NND4,arc_jump_point,12.912554961942432,1.5510835506578475,158
C,NND4,arc_jump_point,13.477075329490258,3.2443551253200433,158
C,NND4,arc_jump_point,14.040937342419607,0.6828453157133596,158
C,NND4,arc_jump_point,14.579445948555124,1.0341794072752721,158
C,NND4,arc_jump_point,15.15991609418328,1.7310736155054032,158
C,NND4,arc_jump_point,15.631865847188717,4.005728439105203,158
C,NND4,arc_jump_point,16.096027143985157,0.3956941201148645,158
C,NND4,arc_jump_point,16.70503297277732,1.4951385035601727,158
C,NND4,arc_jump_point,17.36047670009353,1.6177671330767016,158
C,NND4,arc_jump_point,18.067688305794604,0.8720263382640397,158
C,NND4,arc_jump_point,18.43494882292201,4.549335607188759,158
C,NND4,arc_jump_point,18.784296014413748,1.188129133243232,158
C,NND4,arc_jump_point,19.50940415988046,1.6816556560005012,158
C,NND4,arc_jump_point,20.158996896627063,2.1357044182265943,158
C,NND4,arc_jump_point,20.564139706730984,3.446801177356351,158
C,NND4,arc_jump_point,20.944753607802785,2.552145055971247,158
C,NND4,arc_jump_point,21.602669839730822,0.5979264964531481,158
C,NND4,arc_jump_point,22.19570912493947,2.1273327683318035,158
C,NND4,arc_jump_point,22.635343354103952,3.8259814686774156,158
C,NND4,arc_jump_point,23.04457108494826,3.818869181529849,158
C,NND4,arc_jump_point,23.637044384363513,1.5940947162131693,158
C,NND4,arc_jump_point,24.54619586658943,1.9580579015272825,158
C,NND4,arc_jump_point,25.080839554389485,3.3338187556765306,158
C,NND4,arc_jump_point,25.5871889110962,4.16609327585199,158
C,NND4,arc_jump_point,26.05247388773111,3.0413379308963164,158
C,NND4,arc_jump_point,26.553107921895872,1.1852598216876842,158
C,NND4,arc_jump_point,27.051470248917873,1.7818563038347335,158
C,NND4,arc_jump_point,27.540628473003302,1.9264857519833214,158
C,NND4,arc_jump_point,28.07538897013778,3.61312519784919,158
C,NND4,arc_jump_point,28.598102665669437,1.9880001601323554,158
C,NND4,arc_jump_point,29.46529839538329,1.2328918975708856,158
C,NND4,arc_jump_point,30.024756360666885,3.147016361605026,158
C,NND4,arc_jump_point,30.568638280858927,1.9409396288895542,158
C,NND4,arc_jump_point,31.16838083609099,2.7741802433357208,158
C,NND4,arc_jump_point,31.74900179024799,2.18873534519623,158
C,NND4,arc_jump_point,32.46226485650337,2.4290881787383327,158
C,NND4,arc_jump_point,33.08294863683939,3.5565703694272823,158
C,NND4,arc_jump_point,33.68141257465503,2.423676232639782,158
C,NND4,arc_jump_point,34.279491898566164,0.5138090092819125,158
C,NND4,arc_jump_point,34.628839090057895,3.785336351233695,158
C,NND4,arc_jump_point,34.98378748991618,1.5521706693802442,158
C,NND4,arc_jump_point,35.530697453890866,2.140240576108711,158
C,NND4,arc_jump_point,36.21154366757537,3.4174609687829123,158
C,NND4,arc_jump_point,36.86347558650448,2.0099381353375563,158
C,NND4,arc_jump_point,37.298489828655846,1.563743798871406,158
C,NND4,arc_jump_point,37.99217030430658,2.6980781259294746,158
C,NND4,arc_jump_point,38.655011576656705,2.08045088503761,158
C,NND4,arc_jump_point,39.39368691789974,3.112173783433425,158
C,NND4,arc_jump_point,40.09695362005145,1.4128332256268041,158
C,NND4,arc_jump_point,40.36118492563628,2.489781624080513,158
C,NND4,arc_jump_point,41.10776180940759,2.9405107969102118,158
C,NND4,arc_jump_point,41.81772700894966,2.6305846495237803,158
C,NND4,arc_jump_point,42.6106288115933,3.5093634934592473,158
C,NND4,arc_jump_point,43.362087705454556,1.4844453693564006,158
C,NND4,arc_jump_point,43.45071198501522,2.2628036432390948,158
C,NND4,arc_jump_point,44.24628212061252,2.8957928208274977,158
C,NND4,arc_jump_point,45.0,2.5920642426564,158
C,NND4,arc_jump_point,45.0,0.3088295106424971,158
C,NND4,arc_jump_point,45.75371787938748,0.005100932471475972,158
C,NND4,arc_jump_point,46.54928801498478,2.2628036432390046,158
C,NND4,arc_jump_point,46.637912294545444,1.4844453693563935,158
C,NND4,arc_jump_point,47.3893711884067,3.5093634934592126,158
C,NND4,arc_jump_point,48.18227299105034,2.630584649523711,158
C,NND4,arc_jump_point,48.89223819059242,2.9405107969101563,158
C,NND4,arc_jump_point,49.63881507436372,2.4897816240805266,158
C,NND4,arc_jump_point,49.90304637994855,1.412833225626839,158
C,NND4,arc_jump_point,50.60631308210026,3.1121737834335015,158
C,NND4,arc_jump_point,51.344988423343295,2.0804508850376586,158
C,NND4,arc_jump_point,52.007829695693424,2.6980781259295235,158
C,NND4,arc_jump_point,52.70151017134416,1.5637437988714267,158
C,NND4,arc_jump_point,53.13652441349552,2.0099381353375705,158
C,NND4,arc_jump_point,53.78845633242463,3.417460968782933,158
C,NND4,arc_jump_point,54.469302546109134,2.1402405761087318,158
C,NND4,arc_jump_point,55.01621251008382,1.552170669380251,158
C,NND4,arc_jump_point,55.371160909942105,3.7853363512336813,158
C,NND4,arc_jump_point,55.720508101433836,0.5138090092819542,158
C,NND4,arc_jump_point,56.31858742534497,2.4236762326397128,158
C,NND4,arc_jump_point,56.91705136316061,3.5565703694270603,158
C,NND4,arc_jump_point,57.53773514349663,2.4290881787381453,158
C,NND4,arc_jump_point,58.25099820975201,2.188735345196202,158
C,NND4,arc_jump_point,58.83161916390901,2.774180243336165,158
C,NND4,arc_jump_point,59.43136171914108,1.9409396288900052,158
C,NND4,arc_jump_point,59.97524363933312,3.1470163616054077,158
C,NND4,arc_jump_point,60.534701604616714,1.232891897571295,158
C,NND4,arc_jump_point,61.40189733433057,1.9880001601322999,158
C,NND4,arc_jump_point,61.92461102986222,3.61312519784833,158
C,NND4,arc_jump_point,62.4593715269967,1.926485751982461,158
C,NND4,arc_jump_point,62.94852975108212,1.7818563038347057,158
C,NND4,arc_jump_point,63.44689207810412,1.185259821687358,158
C,NND4,arc_jump_point,63.94752611226889,3.0413379308966357,158
C,NND4,arc_jump_point,64.4128110889038,4.166093275852434,158
C,NND4,arc_jump_point,64.91916044561052,3.3338187556769956,158
C,NND4,arc_jump_point,65.45380413341059,1.958057901527241,158
C,NND4,arc_jump_point,66.3629556156365,1.5940947162130306,158
C,NND4,arc_jump_point,66.95542891505174,3.8188691815296547,158
C,NND4,arc_jump_point,67.36465664589605,3.8259814686774156,158
C,NND4,arc_jump_point,67.80429087506053,2.1273327683318173,158
C,NND4,arc_jump_point,68.39733016026918,0.5979264964531619,158
C,NND4,arc_jump_point,69.05524639219723,2.552145055971358,158
C,NND4,arc_jump_point,69.43586029326903,3.446801177356497,158
C,NND4,arc_jump_point,69.84100310337294,2.1357044182266085,158
C,NND4,arc_jump_point,70.49059584011954,1.681655656000522,158
C,NND4,arc_jump_point,71.21570398558626,3.361206473945784,158
C,NND4,arc_jump_point,71.56505117707799,4.549335607188974,158
C,NND4,arc_jump_point,71.9323116942054,3.677309268924664,158
C,NND4,arc_jump_point,72.63952329990647,1.6177671330766807,158
C,NND4,arc_jump_point,73.29496702722268,1.4951385035601659,158
C,NND4,arc_jump_point,73.90397285601486,0.3956941201148437,158
C,NND4,arc_jump_point,74.36813415281128,4.005728439105232,158
C,NND4,arc_jump_point,74.84008390581671,1.7310736155053685,158
C,NND4,arc_jump_point,75.42055405144487,1.0341794072753971,158
C,NND4,arc_jump_point,75.9590626575804,0.6828453157132832,158
C,NND4,arc_jump_point,76.52292467050975,3.2443551253195366,158
C,NND4,arc_jump_point,77.08744503805758,1.551083550657348,158
C,NND4,arc_jump_point,77.58799264542728,1.607480778030225,158
C,NND4,arc_jump_point,78.05171488812374,0.8735262735351315,158
C,NND4,arc_jump_point,78.71729126525219,4.643099752807897,158
C,NND4,arc_jump_point,79.37599161658969,1.263366065072019,158
C,NND4,arc_jump_point,79.7921544430343,1.4374262854496624,158
C,NND4,arc_jump_point,80.17724104281386,1.226797495649898,158
C,NND4,arc_jump_point,80.94565862702711,3.7858341542817073,158
C,NND4,arc_jump_point,81.69937650641461,1.076977935743989,158
C,NND4,arc_jump_point,82.02730204953858,1.677731420845742,158
C,NND4,arc_jump_point,82.33044300729725,1.2265144174815334,158
C,NND4,arc_jump_point,83.20186157707684,3.9386466842797825,158
C,NND4,arc_jump_point,84.05060078161827,0.889998841403651,158
C,NND4,arc_jump_point,84.28715931696183,1.683275268911648,158
C,NND4,arc_jump_point,84.50567445175301,1.3268784690522797,158
C,NND4,arc_jump_point,85.55357829762107,3.3455313447765187,158
C,NND4,arc_jump_point,86.56500384589287,1.7768853982841546,158
C,NND4,arc_jump_point,86.69691952023405,1.2146031381199824,158
C,NND4,arc_jump_point,86.81908462089109,0.39035062570883655,158
C,NND4,arc_jump_point,87.85436510498843,3.517103238572551,158
C,NND4,arc_jump_point,88.85377897900858,1.7890402185618062,158
C,NND4,arc_jump_point,88.89788654963195,1.508672319363663,158
C,NND4,arc_jump_point,88.93872456866467,0.46516502890027456,158
C,native,binned_p95_15deg,7.5,4.8571789875737,26
C,native,binned_p95_15deg,22.5,4.992766379901934,27
C,native,binned_p95_15deg,37.5,3.7539886039989945,25
C,native,binned_p95_15deg,52.5,3.746719122299786,27
C,native,binned_p95_15deg,67.5,4.9927663799023225,27
C,native,binned_p95_15deg,82.5,4.857178987573704,26
C,NN,binned_p95_15deg,7.5,3.9429626864308944,26
C,NN,binned_p95_15deg,22.5,4.413984785312157,27
C,NN,binned_p95_15deg,37.5,3.6536617297846097,25
C,NN,binned_p95_15deg,52.5,3.5860702376213593,27
C,NN,binned_p95_15deg,67.5,4.157147756944678,27
C,NN,binned_p95_15deg,82.5,4.009386333141964,26
C,NND4,binned_p95_15deg,7.5,3.9004435517802394,26
C,NND4,binned_p95_15deg,22.5,4.117983824827954,27
C,NND4,binned_p95_15deg,37.5,3.5471289942336752,25
C,NND4,binned_p95_15deg,52.5,3.542408306636706,27
C,NND4,binned_p95_15deg,67.5,4.117983824828273,27
C,NND4,binned_p95_15deg,82.5,3.900443551780264,26
