t,theta_deg,kappa_ref,kappa_cd,kappa_nn_raw,kappa_nn_d4,hk_ref,hk_nn_raw,hk_nn_d4
0,1.8476102659945965,4.1343912872275856,4.1343912872275856,4.0188400297463787,4.0135407404058592,0.064599863862931026,0.062794375464787167,0.06271157406884155
0,5.5275401516561757,4.1136808191234531,4.1136808191234531,4.0180004752573799,4.0167166662164089,0.064276262798803954,0.062781257425896561,0.062761197909631389
0,9.1623470457217149,4.0912755964515721,4.0912755964515721,3.9973971244055342,3.997626131185644,0.063926181194555814,0.062459330068836472,0.062462908299775688
0,12.724355685422374,4.0015286375177173,4.0015286375177173,3.9923492248588435,3.9919701965357137,0.062523884961214332,0.062380456638419429,0.062374534320870527
0,16.189206257026946,3.9660856673393794,3.9660856673393794,3.9867245807995486,3.987864001902985,0.061970088552177803,0.062292571574992947,0.06231037502973414
0,19.536654938128393,3.861807049800885,3.861807049800885,4.0115087333548836,4.0102228926034043,0.060340735153138828,0.062679823958670056,0.062659732696928191
0,20.77225468204584,4.1303663148174987,4.1303663148174987,4.0110810880601164,4.0110074925581607,0.064536973669023417,0.062673142000939319,0.062671992071221261
0,24.145541960421664,4.0669538501705063,4.0669538501705063,3.9871374755713678,3.9895123870285119,0.06354615390891416,0.062299023055802621,0.062336131047320498
0,27.349875780069887,3.8006378537178809,3.8006378537178809,3.9813371154104202,3.9895869316880757,0.059384966464341889,0.062208392428287816,0.062337295807626182
0,29.054604099077157,4.1367476412253543,4.1367476412253543,3.9939101807357518,3.9996113642941546,0.064636681894146161,0.062404846573996121,0.062493927567096166
0,32.195733934713267,4.1642915268523284,4.1642915268523284,4.0343300317598159,4.0359435539640298,0.065067055107067631,0.063036406746247123,0.063061618030687966
0,35.134193056915649,3.839373110476922,3.839373110476922,3.9972941190437439,4.001297143381727,0.059990204851201906,0.062457720610058498,0.062520267865339485
0,37.234833981574681,4.0464189535725756,4.0464189535725756,3.9643694626249246,3.9694741180211892,0.063225296149571494,0.061943272853514447,0.062023033094081081
0,40.030259271889712,3.8721766291134307,3.8721766291134307,3.9755791803141145,3.979822687117089,0.060502759829897355,0.062118424692408039,0.062184729486204515
0,42.397437797500217,4.1159602696132938,4.1159602696132938,3.9741861016051265,3.9834000561162046,0.064311879212707715,0.062096657837580102,0.062240625876815697
0,45.000000000000021,3.9380230764813353,3.9380230764813353,3.9880396330658856,3.9971755288139215,0.061531610570020864,0.062313119266654463,0.062455867637717523
0,47.602562202499833,4.1159602696132902,4.1159602696132902,3.9755688973616921,3.9834000561162042,0.064311879212707659,0.062118264021276438,0.06224062587681569
0,49.969740728110324,3.8721766291134307,3.8721766291134307,3.9767833891671889,3.9798226871170885,0.060502759829897355,0.062137240455737326,0.062184729486204508
0,52.765166018425354,4.0464189535725765,4.0464189535725765,3.9610259248016959,3.9694741180211892,0.063225296149571508,0.061891030075026499,0.062023033094081081
0,54.865806943084387,3.8393731104769202,3.8393731104769202,3.9915548648987915,4.0012971433817262,0.059990204851201878,0.062368044764043618,0.062520267865339471
0,57.804266065286775,4.1642915268523257,4.1642915268523257,4.0362192249365112,4.0359435539640298,0.06506705510706759,0.063065925389632987,0.063061618030687966
0,60.945395900922883,4.1367476412253517,4.1367476412253517,4.0017920422429327,3.9996113642941529,0.06463668189414612,0.062528000660045824,0.062493927567096139
0,62.650124219930142,3.8006378537178809,3.8006378537178809,3.9922847137340436,3.9895869316880739,0.059384966464341889,0.062379448652094431,0.062337295807626154
0,65.854458039578375,4.0669538501704992,4.0669538501704992,3.9867864739943824,3.9895123870285127,0.063546153908914049,0.062293538656162224,0.062336131047320512
0,69.227745317954202,4.1303663148175094,4.1303663148175094,4.0125111585590796,4.011007492558166,0.064536973669023584,0.062695486852485618,0.062671992071221344
0,70.463345061871635,3.8618070498009054,3.8618070498009054,4.0061435357137345,4.010222892603406,0.060340735153139147,0.062595992745527101,0.062659732696928219
0,73.81079374297309,3.9660856673393692,3.9660856673393692,3.9810727724986203,3.9878640019029827,0.061970088552177643,0.062204262070290943,0.062310375029734105
0,77.275644314577661,4.0015286375177173,4.0015286375177173,3.9868290309810051,3.9919701965357146,0.062523884961214332,0.062294203609078204,0.062374534320870541
0,80.837652954278326,4.0912755964515721,4.0912755964515721,3.9894018675201957,3.997626131185644,0.063926181194555814,0.062334404180003057,0.062462908299775688
0,84.47245984834386,4.1136808191234531,4.1136808191234531,4.0104621375941694,4.0167166662164089,0.064276262798803954,0.062663470899908896,0.062761197909631389
0,88.152389734005439,4.1343912872275856,4.1343912872275856,4.00734644331789,4.0135407404058601,0.064599863862931026,0.062614788176842032,0.062711574068841563
0,91.847610265994618,4.1343912872275856,4.1343912872275856,4.0054112346433648,4.0135407404058601,0.064599863862931026,0.062584550541302575,0.062711574068841563
0,95.527540151656211,4.1136808191234575,4.1136808191234575,4.0077015141064241,4.0167166662164089,0.064276262798804024,0.062620336157912876,0.062761197909631389
0,99.162347045721745,4.0912755964515721,4.0912755964515721,3.9910957850375,3.997626131185644,0.063926181194555814,0.062360871641210937,0.062462908299775688
0,102.7243556854224,4.0015286375177164,4.0015286375177164,3.9837752835207381,3.9919701965357151,0.062523884961214318,0.062246488805011532,0.062374534320870548
0,106.18920625702697,3.9660856673393718,3.9660856673393718,3.9868174473244138,3.9878640019029836,0.061970088552177685,0.062294022614443965,0.062310375029734119
0,109.53665493812841,3.861807049800897,3.861807049800897,4.0044481317477487,4.0102228926034043,0.060340735153139015,0.062569502058558574,0.062659732696928191
0,110.77225468204585,4.1303663148175147,4.1303663148175147,3.9982971841949242,4.011007492558166,0.064536973669023667,0.062473393503045691,0.062671992071221344
0,114.14554196042168,4.0669538501705071,4.0669538501705071,3.9804473488868113,3.9895123870285141,0.063546153908914174,0.062194489826356426,0.062336131047320532
0,117.34987578006991,3.800637853717868,3.800637853717868,3.9857955821856876,3.9895869316880765,0.059384966464341687,0.062278055971651369,0.062337295807626196
0,119.05460409907717,4.1367476412253508,4.1367476412253508,3.9963907360860134,3.999611364294152,0.064636681894146106,0.062443605251343959,0.062493927567096125
0,122.19573393471327,4.1642915268523222,4.1642915268523222,4.0391033131734453,4.0359435539640289,0.065067055107067534,0.063110989268335083,0.063061618030687952
0,125.13419305691566,3.8393731104769349,3.8393731104769349,3.9952054730674331,4.001297143381727,0.059990204851202107,0.062425085516678643,0.062520267865339485
0,127.2348339815747,4.0464189535725783,4.0464189535725783,3.9694563265763829,3.9694741180211914,0.063225296149571536,0.062022755102755983,0.062023033094081116
0,130.03025927188972,3.8721766291134281,3.8721766291134281,3.9768992689099196,3.9798226871170881,0.060502759829897314,0.062139051076717494,0.062184729486204501
0,132.39743779750023,4.1159602696132893,4.1159602696132893,3.9863728102847524,3.9834000561162033,0.064311879212707646,0.062287075160699257,0.062240625876815676
0,135.00000000000003,3.9380230764813362,3.9380230764813362,3.9985879030482701,3.997175528813921,0.061531610570020878,0.06247793598512922,0.062455867637717516
0,137.60256220249983,4.1159602696132938,4.1159602696132938,3.9868385218151956,3.9834000561162042,0.064311879212707715,0.062294351903362431,0.06224062587681569
0,139.96974072811031,3.8721766291134303,3.8721766291134303,3.9797966471098771,3.9798226871170876,0.060502759829897348,0.06218432261109183,0.062184729486204494
0,142.76516601842536,4.0464189535725721,4.0464189535725721,3.9727437139416772,3.9694741180211883,0.063225296149571439,0.062074120530338707,0.062023033094081068
0,144.86580694308438,3.839373110476938,3.839373110476938,4.0042114112826646,4.001297143381727,0.059990204851202156,0.062565803301291634,0.062520267865339485
0,147.80426606528678,4.1642915268523231,4.1642915268523231,4.0366167147156382,4.0359435539640307,0.065067055107067548,0.063072136167431847,0.06306161803068798
0,150.94539590092288,4.1367476412253543,4.1367476412253543,4.0002612422453243,3.9996113642941542,0.064636681894146161,0.062504081910083192,0.062493927567096159
0,152.65012421993015,3.8006378537178795,3.8006378537178795,3.9945258775120038,3.9895869316880752,0.059384966464341868,0.06241446683612506,0.062337295807626175
0,155.85445803957836,4.0669538501705036,4.0669538501705036,3.9860191800176628,3.9895123870285123,0.063546153908914119,0.062281549687775981,0.062336131047320505
0,159.22774531795417,4.1303663148175005,4.1303663148175005,4.0083005865426315,4.0110074925581616,0.064536973669023445,0.062629696664728618,0.062671992071221275
0,160.46334506187162,3.8618070498008841,3.8618070498008841,4.0086849050031077,4.0102228926034043,0.060340735153138814,0.062635701640673558,0.062659732696928191
0,163.81079374297306,3.9660856673393798,3.9660856673393798,3.9907176092873327,3.9878640019029854,0.06197008855217781,0.062354962645114573,0.062310375029734147
0,167.27564431457765,4.0015286375177173,4.0015286375177173,3.9914339474816929,3.9919701965357142,0.062523884961214332,0.062366155429401451,0.062374534320870534
0,170.8376529542783,4.0912755964515712,4.0912755964515712,3.9998821642151192,3.997626131185644,0.063926181194555801,0.062498158815861238,0.062462908299775688
0,174.47245984834385,4.113680819123454,4.113680819123454,4.0174310349648295,4.0167166662164089,0.064276262798803968,0.06277235992132546,0.062761197909631389
0,178.1523897340054,4.1343912872275856,4.1343912872275856,4.0117346143364729,4.0135407404058601,0.064599863862931026,0.06268335334900739,0.062711574068841563
0,181.8476102659946,4.1343912872275856,4.1343912872275856,4.0117346143364729,4.0135407404058601,0.064599863862931026,0.06268335334900739,0.062711574068841563
0,185.52754015165615,4.113680819123454,4.113680819123454,4.0174310349648295,4.0167166662164089,0.064276262798803968,0.06277235992132546,0.062761197909631389
0,189.1623470457217,4.0912755964515712,4.0912755964515712,3.9998821642151192,3.997626131185644,0.063926181194555801,0.062498158815861238,0.062462908299775688
0,192.72435568542235,4.0015286375177173,4.0015286375177173,3.9914339474816929,3.9919701965357142,0.062523884961214332,0.062366155429401451,0.062374534320870534
0,196.18920625702694,3.9660856673393798,3.9660856673393798,3.9907176092873327,3.9878640019029854,0.06197008855217781,0.062354962645114573,0.062310375029734147
0,199.53665493812838,3.8618070498008841,3.8618070498008841,4.0086849050031077,4.0102228926034043,0.060340735153138814,0.062635701640673558,0.062659732696928191
0,200.77225468204583,4.1303663148175005,4.1303663148175005,4.0083005865426315,4.0110074925581616,0.064536973669023445,0.062629696664728618,0.062671992071221275
0,204.14554196042164,4.0669538501705036,4.0669538501705036,3.9860191800176628,3.9895123870285123,0.063546153908914119,0.062281549687775981,0.062336131047320505
0,207.34987578006985,3.8006378537178795,3.8006378537178795,3.9945258775120038,3.9895869316880752,0.059384966464341868,0.06241446683612506,0.062337295807626175
0,209.05460409907712,4.1367476412253543,4.1367476412253543,4.0002612422453243,3.9996113642941542,0.064636681894146161,0.062504081910083192,0.062493927567096159
0,212.19573393471322,4.1642915268523231,4.1642915268523231,4.0366167147156382,4.0359435539640307,0.065067055107067548,0.063072136167431847,0.06306161803068798
0,215.13419305691562,3.839373110476938,3.839373110476938,4.0042114112826646,4.001297143381727,0.059990204851202156,0.062565803301291634,0.062520267865339485
0,217.23483398157464,4.0464189535725721,4.0464189535725721,3.9727437139416772,3.9694741180211883,0.063225296149571439,0.062074120530338707,0.062023033094081068
0,220.03025927188969,3.8721766291134303,3.8721766291134303,3.9797966471098771,3.9798226871170876,0.060502759829897348,0.06218432261109183,0.062184729486204494
0,222.39743779750017,4.1159602696132938,4.1159602696132938,3.9868385218151956,3.9834000561162042,0.064311879212707715,0.062294351903362431,0.06224062587681569
0,224.99999999999997,3.9380230764813362,3.9380230764813362,3.9985879030482701,3.997175528813921,0.061531610570020878,0.06247793598512922,0.062455867637717516
0,227.60256220249977,4.1159602696132893,4.1159602696132893,3.9863728102847524,3.9834000561162033,0.064311879212707646,0.062287075160699257,0.062240625876815676
0,229.96974072811028,3.8721766291134281,3.8721766291134281,3.9768992689099196,3.9798226871170881,0.060502759829897314,0.062139051076717494,0.062184729486204501
0,232.7651660184253,4.0464189535725783,4.0464189535725783,3.9694563265763829,3.9694741180211914,0.063225296149571536,0.062022755102755983,0.062023033094081116
0,234.86580694308435,3.8393731104769349,3.8393731104769349,3.9952054730674331,4.001297143381727,0.059990204851202107,0.062425085516678643,0.062520267865339485
0,237.80426606528673,4.1642915268523222,4.1642915268523222,4.0391033131734453,4.0359435539640289,0.065067055107067534,0.063110989268335083,0.063061618030687952
0,240.94539590092285,4.1367476412253508,4.1367476412253508,3.9963907360860134,3.999611364294152,0.064636681894146106,0.062443605251343959,0.062493927567096125
0,242.65012421993009,3.800637853717868,3.800637853717868,3.9857955821856876,3.9895869316880765,0.059384966464341687,0.062278055971651369,0.062337295807626196
0,245.85445803957833,4.0669538501705071,4.0669538501705071,3.9804473488868113,3.9895123870285141,0.063546153908914174,0.062194489826356426,0.062336131047320532
0,249.22774531795415,4.1303663148175147,4.1303663148175147,3.9982971841949242,4.011007492558166,0.064536973669023667,0.062473393503045691,0.062671992071221344
0,250.46334506187159,3.861807049800897,3.861807049800897,4.0044481317477487,4.0102228926034043,0.060340735153139015,0.062569502058558574,0.062659732696928191
0,253.81079374297303,3.9660856673393718,3.9660856673393718,3.9868174473244138,3.9878640019029836,0.061970088552177685,0.062294022614443965,0.062310375029734119
0,257.27564431457762,4.0015286375177164,4.0015286375177164,3.9837752835207381,3.9919701965357151,0.062523884961214318,0.062246488805011532,0.062374534320870548
0,260.83765295427827,4.0912755964515721,4.0912755964515721,3.9910957850375,3.997626131185644,0.063926181194555814,0.062360871641210937,0.062462908299775688
0,264.47245984834376,4.1136808191234575,4.1136808191234575,4.0077015141064241,4.0167166662164089,0.064276262798804024,0.062620336157912876,0.062761197909631389
0,268.1523897340054,4.1343912872275856,4.1343912872275856,4.0054112346433648,4.0135407404058601,0.064599863862931026,0.062584550541302575,0.062711574068841563
0,271.84761026599455,4.1343912872275856,4.1343912872275856,4.00734644331789,4.0135407404058601,0.064599863862931026,0.062614788176842032,0.062711574068841563
0,275.52754015165613,4.1136808191234531,4.1136808191234531,4.0104621375941694,4.0167166662164089,0.064276262798803954,0.062663470899908896,0.062761197909631389
0,279.16234704572167,4.0912755964515721,4.0912755964515721,3.9894018675201957,3.997626131185644,0.063926181194555814,0.062334404180003057,0.062462908299775688
0,282.72435568542232,4.0015286375177173,4.0015286375177173,3.9868290309810051,3.9919701965357146,0.062523884961214332,0.062294203609078204,0.062374534320870541
0,286.18920625702691,3.9660856673393692,3.9660856673393692,3.9810727724986203,3.9878640019029827,0.061970088552177643,0.062204262070290943,0.062310375029734105
0,289.53665493812838,3.8618070498009054,3.8618070498009054,4.0061435357137345,4.010222892603406,0.060340735153139147,0.062595992745527101,0.062659732696928219
0,290.7722546820458,4.1303663148175094,4.1303663148175094,4.0125111585590796,4.011007492558166,0.064536973669023584,0.062695486852485618,0.062671992071221344
0,294.14554196042161,4.0669538501704992,4.0669538501704992,3.9867864739943824,3.9895123870285127,0.063546153908914049,0.062293538656162224,0.062336131047320512
0,297.34987578006985,3.8006378537178809,3.8006378537178809,3.9922847137340436,3.9895869316880739,0.059384966464341889,0.062379448652094431,0.062337295807626154
0,299.0546040990771,4.1367476412253517,4.1367476412253517,4.0017920422429327,3.9996113642941529,0.06463668189414612,0.062528000660045824,0.062493927567096139
0,302.19573393471325,4.1642915268523257,4.1642915268523257,4.0362192249365112,4.0359435539640298,0.06506705510706759,0.063065925389632987,0.063061618030687966
0,305.13419305691559,3.8393731104769202,3.8393731104769202,3.9915548648987915,4.0012971433817262,0.059990204851201878,0.062368044764043618,0.062520267865339471
0,307.23483398157464,4.0464189535725765,4.0464189535725765,3.9610259248016959,3.9694741180211892,0.063225296149571508,0.061891030075026499,0.062023033094081081
0,310.03025927188969,3.8721766291134307,3.8721766291134307,3.9767833891671889,3.9798226871170885,0.060502759829897355,0.062137240455737326,0.062184729486204508
0,312.39743779750017,4.1159602696132902,4.1159602696132902,3.9755688973616921,3.9834000561162042,0.064311879212707659,0.062118264021276438,0.06224062587681569
0,315,3.9380230764813353,3.9380230764813353,3.9880396330658856,3.9971755288139215,0.061531610570020864,0.062313119266654463,0.062455867637717523
0,317.60256220249977,4.1159602696132938,4.1159602696132938,3.9741861016051265,3.9834000561162046,0.064311879212707715,0.062096657837580102,0.062240625876815697
0,319.96974072811031,3.8721766291134307,3.8721766291134307,3.9755791803141145,3.979822687117089,0.060502759829897355,0.062118424692408039,0.062184729486204515
0,322.7651660184253,4.0464189535725756,4.0464189535725756,3.9643694626249246,3.9694741180211892,0.063225296149571494,0.061943272853514447,0.062023033094081081
0,324.86580694308435,3.839373110476922,3.839373110476922,3.9972941190437439,4.001297143381727,0.059990204851201906,0.062457720610058498,0.062520267865339485
0,327.80426606528675,4.1642915268523284,4.1642915268523284,4.0343300317598159,4.0359435539640298,0.065067055107067631,0.063036406746247123,0.063061618030687966
0,330.94539590092285,4.1367476412253543,4.1367476412253543,3.9939101807357518,3.9996113642941546,0.064636681894146161,0.062404846573996121,0.062493927567096166
0,332.65012421993009,3.8006378537178809,3.8006378537178809,3.9813371154104202,3.9895869316880757,0.059384966464341889,0.062208392428287816,0.062337295807626182
0,335.85445803957833,4.0669538501705063,4.0669538501705063,3.9871374755713678,3.9895123870285119,0.06354615390891416,0.062299023055802621,0.062336131047320498
0,339.22774531795415,4.1303663148174987,4.1303663148174987,4.0110810880601164,4.0110074925581607,0.064536973669023417,0.062673142000939319,0.062671992071221261
0,340.46334506187162,3.861807049800885,3.861807049800885,4.0115087333548836,4.0102228926034043,0.060340735153138828,0.062679823958670056,0.062659732696928191
0,343.81079374297303,3.9660856673393794,3.9660856673393794,3.9867245807995486,3.987864001902985,0.061970088552177803,0.062292571574992947,0.06231037502973414
0,347.27564431457762,4.0015286375177173,4.0015286375177173,3.9923492248588435,3.9919701965357137,0.062523884961214332,0.062380456638419429,0.062374534320870527
0,350.83765295427827,4.0912755964515721,4.0912755964515721,3.9973971244055342,3.997626131185644,0.063926181194555814,0.062459330068836472,0.062462908299775688
0,354.47245984834382,4.1136808191234531,4.1136808191234531,4.0180004752573799,4.0167166662164089,0.064276262798803954,0.062781257425896561,0.062761197909631389
0,358.1523897340054,4.1343912872275856,4.1343912872275856,4.0188400297463787,4.0135407404058592,0.064599863862931026,0.062794375464787167,0.06271157406884155
1,1.9415441263026596,3.5934935962113994,3.5934935962113994,3.6031231491150248,3.6089138203747377,0.056148337440803116,0.056298799204922263,0.056389278443355277
1,5.8068985357053693,3.5755097849475783,3.5755097849475783,3.6046489481249884,3.60652387220432,0.055867340389805911,0.056322639814452943,0.0563519355031925
1,9.6200087375204362,3.5393411916625883,3.5393411916625883,3.6243021909478981,3.6258183064514138,0.055302206119727942,0.056629721733560907,0.05665341103830334
1,13.349110157239219,3.5677466635590682,3.5677466635590682,3.630351183085728,3.6278157769893187,0.055746041618110441,0.0567242372357145,0.056684621515458104
1,14.281533008605887,3.7913371550085109,3.7913371550085109,3.6337281464527078,3.6302479509180761,0.059239643047007982,0.056777002288323559,0.056722624233094938
1,18.122400967173288,3.6371676154281047,3.6371676154281047,3.5717532730607289,3.5727863823827328,0.056830743991064137,0.055808644891573889,0.0558247872247302
1,21.802040230503906,3.5410890420205723,3.5410890420205723,3.5437276570234588,3.5439198447480527,0.055329516281571442,0.055370744640991544,0.055373747574188323
1,25.302085378260614,3.4672658833129577,3.4672658833129577,3.5773478591493175,3.5767445802972673,0.054176029426764964,0.055896060299208086,0.055886634067144801
1,27.013463546134766,3.7657316738241411,3.7657316738241411,3.5555197127241476,3.5580805845961323,0.058839557403502205,0.055554995511314806,0.055595009134314567
1,30.466406988840845,3.5543922771378003,3.5543922771378003,3.5081002685451268,3.5101959993804583,0.055537379330278129,0.054814066696017606,0.054846812490319662
1,33.690977963277689,3.3028217002013038,3.3028217002013038,3.4710557778409425,3.4789012524939436,0.051606589065645372,0.054235246528764727,0.054357832070217868
1,35.883153744060486,3.6568126380155337,3.6568126380155337,3.5055505231360193,3.5102810006025762,0.057137697468992714,0.054774226924000302,0.054848140634415253
1,38.956954353350959,3.6605950330034789,3.6605950330034789,3.5520754422588396,3.5548213485957549,0.057196797390679358,0.055501178785294369,0.055544083571808671
1,41.78557951858518,3.3692897165112723,3.3692897165112723,3.4759120050223169,3.4831210194337552,0.05264515182048863,0.054311125078473702,0.054423765928652425
1,44.327132580865694,3.4608308858010024,3.4608308858010024,3.3943816055958944,3.3948300418366144,0.054075482590640662,0.05303721258743585,0.0530442194036971
1,46.931754586338201,3.2295623079647271,3.2295623079647271,3.3382226925172014,3.3423744002280475,0.050461911061948861,0.052159729570581272,0.052224600003563243
1,49.709124647345639,3.4346124183178293,3.4346124183178293,3.3374097097812556,3.3452348103275225,0.053665819036216082,0.052147026715332119,0.052269293911367538
1,52.047020090259331,3.3316017823518118,3.3316017823518118,3.3452603161721988,3.353487372533754,0.05205627784924706,0.052269692440190606,0.052398240195839905
1,55.00933017168655,3.4464467878954554,3.4464467878954554,3.3289100788700456,3.3381737504393088,0.053850731060866491,0.052014219982344463,0.052158964850614199
1,57.052096771961317,3.2855686827359554,3.2855686827359554,3.3123802933330149,3.3185495635734892,0.051337010667749303,0.051755942083328357,0.051852336930835768
1,60.142385054097105,3.3668047708182209,3.3668047708182209,3.2747134177794197,3.2779775229104855,0.052606324544034702,0.051167397152803433,0.051218398795476336
1,61.877613732780468,3.1181684668088319,3.1181684668088319,3.229965057068144,3.2350829780565005,0.048721382293887998,0.050468204016689749,0.05054817153213282
1,65.038635754619207,3.2967499168774062,3.2967499168774062,3.2375389735535967,3.2462743889371763,0.051511717451209471,0.050586546461774948,0.05072303732714338
1,66.469015384413154,3.2188239884345915,3.2188239884345915,3.3070099400866613,3.3127176073276514,0.050294124819290492,0.051672030313854082,0.051761212614494553
1,69.648197175933305,3.4412223308591754,3.4412223308591754,3.3777102888707113,3.3792072236019637,0.053769098919674616,0.052776723263604865,0.052800112868780683
1,72.963715511566932,3.5143586619616149,3.5143586619616149,3.3651859567313274,3.3645055398440777,0.054911854093150234,0.05258103057392699,0.052570399060063715
1,73.941420305286655,3.1936995630110991,3.1936995630110991,3.3325315007727698,3.3331567406419023,0.049901555672048424,0.052070804699574529,0.052080574072529723
1,77.197183334217371,3.3276070140189615,3.3276070140189615,3.3471150892509565,3.3511497877457548,0.051993859594046274,0.052298673269546195,0.052361715433527418
1,80.539160858670613,3.610089724016214,3.610089724016214,3.4567859153681031,3.4532950855778051,0.056407651937753343,0.054012279927626611,0.053957735712153204
1,81.07081242731212,3.4301834596333483,3.4301834596333483,3.5009141567530184,3.5013546857396105,0.053596616556771066,0.054701783699265913,0.054708666964681414
1,84.290829792817249,3.5428355454437681,3.5428355454437681,3.5717934545931196,3.5795610013597354,0.055356805397558877,0.055809272728017494,0.055930640646245866
1,87.547402848228216,3.7777941868928884,3.7777941868928884,3.7577393315065764,3.7643888875501683,0.059028034170201381,0.058714677054790256,0.05881857636797138
1,90.775579388217693,4.0466083319187911,4.0466083319187911,4.1020461189173014,4.1102721095564867,0.063228255186231111,0.064094470608082835,0.064223001711820105
1,90.819892323987432,4.2538595519794287,4.2538595519794287,4.0621147258462944,4.0653522003147664,0.066466555499678573,0.06347054259134835,0.063521128129918225
1,93.866814461337512,4.2176162220180498,4.2176162220180498,4.3984626364209358,4.3988627691561897,0.065900253469032027,0.068725978694077122,0.068732230768065464
1,96.935688553451342,4.6617955006341658,4.6617955006341658,4.7664297740109394,4.7677794607436441,0.072840554697408841,0.074475465218920928,0.074496554074119439
1,99.965122956646283,5.1399891198720713,5.1399891198720713,5.2662032871801445,5.2648446722267872,0.080312329998001114,0.082284426362189758,0.08226319800354355
1,102.93934763198257,5.6636478100952461,5.6636478100952461,5.8099598113372597,5.8110642924757805,0.08849449703273822,0.090780622052144683,0.09079787956993407
1,105.84434025896699,6.134781501723741,6.134781501723741,6.3789338165348122,6.3654489195680206,0.095855960964433454,0.09967084088335644,0.099460139368250322
1,106.7005627166812,6.8995783050971777,6.8995783050971777,6.4599356936650292,6.462446888563135,0.1078059110171434,0.10093649521351608,0.10097573263379898
1,109.65509862976405,6.9999697830098997,6.9999697830098997,6.9180643489969231,6.9428444783684222,0.10937452785952968,0.10809475545307692,0.1084819449745066
1,112.50475511572145,7.579303939370595,7.579303939370595,7.5738504936618796,7.5706473856219931,0.11842662405266555,0.11834141396346687,0.11829136540034364
1,115.24170508654677,7.8448266246002438,7.8448266246002438,8.1482195645232363,8.1321696400268273,0.12257541600937881,0.12731593069567557,0.12706515062541918
1,116.56627056923622,8.5065588572540598,8.5065588572540598,8.1322113237491891,8.1516045037752249,0.13291498214459468,0.12706580193358108,0.12736882037148789
1,119.27641403019793,7.9508226364400532,7.9508226364400532,8.1789271232371927,8.1528380594735275,0.12423160369437583,0.12779573630058114,0.12738809467927387
1,120.82885876630438,8.5831044141209016,8.5831044141209016,7.9921856641277564,7.9937153392634688,0.13411100647063909,0.12487790100199619,0.1249018021759917
1,123.477407196735,7.450611964565331,7.450611964565331,7.8833684489694535,7.8502423948443756,0.1164158119463333,0.12317763201514771,0.12266003741944337
1,125.25751525811826,8.0398428389527332,8.0398428389527332,7.7946288490185021,7.7924738762583523,0.12562254435863646,0.12179107576591409,0.12175740431653675
1,127.80761266283763,7.6920790191694532,7.6920790191694532,7.8268818327712255,7.8185128609614996,0.12018873467452271,0.1222950286370504,0.12216426345252343
1,129.80667053832948,7.3661748197564707,7.3661748197564707,7.304001563317243,7.3280527142181597,0.11509648155869485,0.11412502442683192,0.11450082365965875
1,131.98832408882211,6.6572506764042565,6.6572506764042565,6.3803270675746315,6.3966412122343463,0.10401954181881651,0.099692610430853618,0.099947518941161662
1,134.37151888837528,5.5463086480018884,5.5463086480018884,5.2767075737120503,5.3162129760166019,0.086661072625029506,0.082448555839250787,0.083065827750259405
1,134.42230074695698,5.925026344291437,5.925026344291437,6.1006543155672857,6.0912589770176417,0.092578536629553704,0.095322723680738838,0.095175921515900652
1,136.80976379766221,4.8093426598433258,4.8093426598433258,5.0161333474342955,5.0451542180911266,0.075145979060051965,0.078377083553660867,0.078830534657673854
1,139.39971979713539,3.950446770136967,3.950446770136967,4.0537071362362038,4.0540923853640196,0.061725730783390109,0.063339174003690685,0.063345193521312806
1,142.20705121453247,3.1858418167905245,3.1858418167905245,3.2026083107329897,3.1973383483823916,0.049778778387351945,0.050040754855202964,0.049958411693474869
1,145.24504902887969,2.3858494736798677,2.3858494736798677,2.4263986151626429,2.4216776571346004,0.037278898026247932,0.037912478361916295,0.037838713392728131
1,148.52407490338464,1.6975969527168939,1.6975969527168939,1.7299674521222965,1.7279986805907945,0.026524952386201468,0.027030741439410883,0.026999979384231165
1,152.04988100489513,1.1107353360839223,1.1107353360839223,1.1417622828295038,1.1406412165386612,0.017355239626311286,0.017840035669210996,0.017822519008416582
1,155.82165997785816,0.63198868723669799,0.63198868723669799,0.65451373419741632,0.6540821036329878,0.0098748232380734061,0.01022677709683463,0.010220032869265434
1,159.83001108703189,0.23732027790374385,0.23732027790374385,0.26172554767366607,0.25921174824597909,0.0037081293422459977,0.0040894616824010323,0.0040501835663434233
1,164.05514640414953,-0.078147749703703237,-0.078147749703703237,-0.050886574533723972,-0.053350399687598957,-0.0012210585891203631,-0.00079510272708943706,-0.0008335999951187337
1,168.4657815753157,-0.31187033300470746,-0.31187033300470746,-0.28604889879686896,-0.28783235217625702,-0.004872973953198554,-0.0044695140437010774,-0.004497380502754016
1,173.01919026827596,-0.46691414427509537,-0.46691414427509537,-0.44181520483393694,-0.44322551001557514,-0.0072955335042983651,-0.0069033625755302646,-0.0069253985939933616
1,177.66277779769521,-0.54260147092845468,-0.54260147092845468,-0.51863895427710005,-0.5198767147074207,-0.0084781479832571043,-0.0081037336605796883,-0.0081230736673034484
1,182.33722220230479,-0.54260147092845468,-0.54260147092845468,-0.51863895427710005,-0.5198767147074207,-0.0084781479832571043,-0.0081037336605796883,-0.0081230736673034484
1,186.98080973172404,-0.46691414427509537,-0.46691414427509537,-0.44181520483393694,-0.44322551001557514,-0.0072955335042983651,-0.0069033625755302646,-0.0069253985939933616
1,191.5342184246843,-0.31187033300470746,-0.31187033300470746,-0.28604889879686896,-0.28783235217625702,-0.004872973953198554,-0.0044695140437010774,-0.004497380502754016
1,195.94485359585047,-0.078147749703703237,-0.078147749703703237,-0.050886574533723972,-0.053350399687598957,-0.0012210585891203631,-0.00079510272708943706,-0.0008335999951187337
1,200.16998891296811,0.23732027790374385,0.23732027790374385,0.26172554767366607,0.25921174824597909,0.0037081293422459977,0.0040894616824010323,0.0040501835663434233
1,204.17834002214184,0.63198868723669799,0.63198868723669799,0.65451373419741632,0.6540821036329878,0.0098748232380734061,0.01022677709683463,0.010220032869265434
1,207.95011899510487,1.1107353360839223,1.1107353360839223,1.1417622828295038,1.1406412165386612,0.017355239626311286,0.017840035669210996,0.017822519008416582
1,211.47592509661536,1.6975969527168939,1.6975969527168939,1.7299674521222965,1.7279986805907945,0.026524952386201468,0.027030741439410883,0.026999979384231165
1,214.75495097112031,2.3858494736798677,2.3858494736798677,2.4263986151626429,2.4216776571346004,0.037278898026247932,0.037912478361916295,0.037838713392728131
1,217.79294878546753,3.1858418167905245,3.1858418167905245,3.2026083107329897,3.1973383483823916,0.049778778387351945,0.050040754855202964,0.049958411693474869
1,220.60028020286461,3.950446770136967,3.950446770136967,4.0537071362362038,4.0540923853640196,0.061725730783390109,0.063339174003690685,0.063345193521312806
1,223.19023620233779,4.8093426598433258,4.8093426598433258,5.0161333474342955,5.0451542180911266,0.075145979060051965,0.078377083553660867,0.078830534657673854
1,225.57769925304302,5.925026344291437,5.925026344291437,6.1006543155672857,6.0912589770176417,0.092578536629553704,0.095322723680738838,0.095175921515900652
1,225.62848111162472,5.5463086480018884,5.5463086480018884,5.2767075737120503,5.3162129760166019,0.086661072625029506,0.082448555839250787,0.083065827750259405
1,228.01167591117789,6.6572506764042565,6.6572506764042565,6.3803270675746315,6.3966412122343463,0.10401954181881651,0.099692610430853618,0.099947518941161662
1,230.19332946167052,7.3661748197564707,7.3661748197564707,7.304001563317243,7.3280527142181597,0.11509648155869485,0.11412502442683192,0.11450082365965875
1,232.19238733716236,7.6920790191694532,7.6920790191694532,7.8268818327712255,7.8185128609614996,0.12018873467452271,0.1222950286370504,0.12216426345252343
1,234.74248474188175,8.0398428389527332,8.0398428389527332,7.7946288490185021,7.7924738762583523,0.12562254435863646,0.12179107576591409,0.12175740431653675
1,236.52259280326501,7.450611964565331,7.450611964565331,7.8833684489694535,7.8502423948443756,0.1164158119463333,0.12317763201514771,0.12266003741944337
1,239.17114123369561,8.5831044141209016,8.5831044141209016,7.9921856641277564,7.9937153392634688,0.13411100647063909,0.12487790100199619,0.1249018021759917
1,240.72358596980206,7.9508226364400532,7.9508226364400532,8.1789271232371927,8.1528380594735275,0.12423160369437583,0.12779573630058114,0.12738809467927387
1,243.43372943076378,8.5065588572540598,8.5065588572540598,8.1322113237491891,8.1516045037752249,0.13291498214459468,0.12706580193358108,0.12736882037148789
1,244.75829491345323,7.8448266246002438,7.8448266246002438,8.1482195645232363,8.1321696400268273,0.12257541600937881,0.12731593069567557,0.12706515062541918
1,247.49524488427855,7.579303939370595,7.579303939370595,7.5738504936618796,7.5706473856219931,0.11842662405266555,0.11834141396346687,0.11829136540034364
1,250.34490137023596,6.9999697830098997,6.9999697830098997,6.9180643489969231,6.9428444783684222,0.10937452785952968,0.10809475545307692,0.1084819449745066
1,253.29943728331881,6.8995783050971777,6.8995783050971777,6.4599356936650292,6.462446888563135,0.1078059110171434,0.10093649521351608,0.10097573263379898
1,254.15565974103299,6.134781501723741,6.134781501723741,6.3789338165348122,6.3654489195680206,0.095855960964433454,0.09967084088335644,0.099460139368250322
1,257.06065236801743,5.6636478100952461,5.6636478100952461,5.8099598113372597,5.8110642924757805,0.08849449703273822,0.090780622052144683,0.09079787956993407
1,260.03487704335373,5.1399891198720713,5.1399891198720713,5.2662032871801445,5.2648446722267872,0.080312329998001114,0.082284426362189758,0.08226319800354355
1,263.06431144654869,4.6617955006341658,4.6617955006341658,4.7664297740109394,4.7677794607436441,0.072840554697408841,0.074475465218920928,0.074496554074119439
1,266.13318553866247,4.2176162220180498,4.2176162220180498,4.3984626364209358,4.3988627691561897,0.065900253469032027,0.068725978694077122,0.068732230768065464
1,269.18010767601254,4.2538595519794287,4.2538595519794287,4.0621147258462944,4.0653522003147664,0.066466555499678573,0.06347054259134835,0.063521128129918225
1,269.22442061178231,4.0466083319187911,4.0466083319187911,4.1020461189173014,4.1102721095564867,0.063228255186231111,0.064094470608082835,0.064223001711820105
1,272.45259715177178,3.7777941868928884,3.7777941868928884,3.7577393315065764,3.7643888875501683,0.059028034170201381,0.058714677054790256,0.05881857636797138
1,275.70917020718275,3.5428355454437681,3.5428355454437681,3.5717934545931196,3.5795610013597354,0.055356805397558877,0.055809272728017494,0.055930640646245866
1,278.92918757268785,3.4301834596333483,3.4301834596333483,3.5009141567530184,3.5013546857396105,0.053596616556771066,0.054701783699265913,0.054708666964681414
1,279.46083914132942,3.610089724016214,3.610089724016214,3.4567859153681031,3.4532950855778051,0.056407651937753343,0.054012279927626611,0.053957735712153204
1,282.80281666578264,3.3276070140189615,3.3276070140189615,3.3471150892509565,3.3511497877457548,0.051993859594046274,0.052298673269546195,0.052361715433527418
1,286.05857969471333,3.1936995630110991,3.1936995630110991,3.3325315007727698,3.3331567406419023,0.049901555672048424,0.052070804699574529,0.052080574072529723
1,287.03628448843307,3.5143586619616149,3.5143586619616149,3.3651859567313274,3.3645055398440777,0.054911854093150234,0.05258103057392699,0.052570399060063715
1,290.35180282406668,3.4412223308591754,3.4412223308591754,3.3777102888707113,3.3792072236019637,0.053769098919674616,0.052776723263604865,0.052800112868780683
1,293.53098461558682,3.2188239884345915,3.2188239884345915,3.3070099400866613,3.3127176073276514,0.050294124819290492,0.051672030313854082,0.051761212614494553
1,294.96136424538076,3.2967499168774062,3.2967499168774062,3.2375389735535967,3.2462743889371763,0.051511717451209471,0.050586546461774948,0.05072303732714338
1,298.12238626721955,3.1181684668088319,3.1181684668088319,3.229965057068144,3.2350829780565005,0.048721382293887998,0.050468204016689749,0.05054817153213282
1,299.85761494590292,3.3668047708182209,3.3668047708182209,3.2747134177794197,3.2779775229104855,0.052606324544034702,0.051167397152803433,0.051218398795476336
1,302.94790322803868,3.2855686827359554,3.2855686827359554,3.3123802933330149,3.3185495635734892,0.051337010667749303,0.051755942083328357,0.051852336930835768
1,304.99066982831346,3.4464467878954554,3.4464467878954554,3.3289100788700456,3.3381737504393088,0.053850731060866491,0.052014219982344463,0.052158964850614199
1,307.95297990974069,3.3316017823518118,3.3316017823518118,3.3452603161721988,3.353487372533754,0.05205627784924706,0.052269692440190606,0.052398240195839905
1,310.29087535265438,3.4346124183178293,3.4346124183178293,3.3374097097812556,3.3452348103275225,0.053665819036216082,0.052147026715332119,0.052269293911367538
1,313.06824541366177,3.2295623079647271,3.2295623079647271,3.3382226925172014,3.3423744002280475,0.050461911061948861,0.052159729570581272,0.052224600003563243
1,315.67286741913432,3.4608308858010024,3.4608308858010024,3.3943816055958944,3.3948300418366144,0.054075482590640662,0.05303721258743585,0.0530442194036971
1,318.21442048141483,3.3692897165112723,3.3692897165112723,3.4759120050223169,3.4831210194337552,0.05264515182048863,0.054311125078473702,0.054423765928652425
1,321.04304564664903,3.6605950330034789,3.6605950330034789,3.5520754422588396,3.5548213485957549,0.057196797390679358,0.055501178785294369,0.055544083571808671
1,324.11684625593949,3.6568126380155337,3.6568126380155337,3.5055505231360193,3.5102810006025762,0.057137697468992714,0.054774226924000302,0.054848140634415253
1,326.3090220367223,3.3028217002013038,3.3028217002013038,3.4710557778409425,3.4789012524939436,0.051606589065645372,0.054235246528764727,0.054357832070217868
1,329.53359301115916,3.5543922771378003,3.5543922771378003,3.5081002685451268,3.5101959993804583,0.055537379330278129,0.054814066696017606,0.054846812490319662
1,332.98653645386526,3.7657316738241411,3.7657316738241411,3.5555197127241476,3.5580805845961323,0.058839557403502205,0.055554995511314806,0.055595009134314567
1,334.69791462173941,3.4672658833129577,3.4672658833129577,3.5773478591493175,3.5767445802972673,0.054176029426764964,0.055896060299208086,0.055886634067144801
1,338.19795976949609,3.5410890420205723,3.5410890420205723,3.5437276570234588,3.5439198447480527,0.055329516281571442,0.055370744640991544,0.055373747574188323
1,341.87759903282671,3.6371676154281047,3.6371676154281047,3.5717532730607289,3.5727863823827328,0.056830743991064137,0.055808644891573889,0.0558247872247302
1,345.71846699139411,3.7913371550085109,3.7913371550085109,3.6337281464527078,3.6302479509180761,0.059239643047007982,0.056777002288323559,0.056722624233094938
1,346.65088984276076,3.5677466635590682,3.5677466635590682,3.630351183085728,3.6278157769893187,0.055746041618110441,0.0567242372357145,0.056684621515458104
1,350.37999126247956,3.5393411916625883,3.5393411916625883,3.6243021909478981,3.6258183064514138,0.055302206119727942,0.056629721733560907,0.05665341103830334
1,354.19310146429461,3.5755097849475783,3.5755097849475783,3.6046489481249884,3.60652387220432,0.055867340389805911,0.056322639814452943,0.0563519355031925
1,358.05845587369731,3.5934935962113994,3.5934935962113994,3.6031231491150248,3.6089138203747377,0.056148337440803116,0.056298799204922263,0.056389278443355277
2,2.0837395148723825,3.1614467031272948,3.1614467031272948,3.2326142379088854,3.2289659345782482,0.049397604736363981,0.050509597467326334,0.050452592727785128
2,6.2293149225936277,3.171798904425601,3.171798904425601,3.2341744353854538,3.2310967436190277,0.049559357881650015,0.050533975552897716,0.050485886619047307
2,10.310537183411348,3.1274110155645611,3.1274110155645611,3.2138612973803826,3.2126683371051743,0.048865797118196268,0.050216582771568478,0.050197942767268348
2,11.100307310275223,3.2909316649851905,3.2909316649851905,3.2263210189311042,3.226214202597685,0.051420807265393602,0.050411265920798504,0.050409596915588828
2,15.359037946214345,3.2863432879089416,3.2863432879089416,3.2002654566991775,3.2005606095418946,0.051349113873577212,0.050004147760924648,0.050008759524092103
2,19.450978454348824,3.1966506874212635,3.1966506874212635,3.145284533020857,3.1455099860331672,0.049947666990957242,0.04914507082845089,0.049148593531768238
2,23.346722756561871,3.0073041778635052,3.0073041778635052,3.0949764073021249,3.1027688679054348,0.046989127779117269,0.048359006364095701,0.048480763561022419
2,27.026774024350939,3.1040316016032126,3.1040316016032126,3.1526559294592156,3.1510579984802578,0.048500493775050196,0.049260248897800243,0.049235281226254028
2,28.967021265418833,3.3060969661370181,3.3060969661370181,3.1539913971733862,3.154556648226011,0.051657765095890908,0.049281115580834159,0.049289947628531422
2,32.567162172726981,3.1142161516533138,3.1142161516533138,3.0797663185800994,3.0818212029711454,0.048659627369583028,0.048121348727814053,0.048153456296424146
2,35.900103672564114,2.8871798293602793,2.8871798293602793,3.0066656247805712,3.0105672895099493,0.045112184833754364,0.046979150387196425,0.047040113898592958
2,38.974404226107623,3.0071071845575372,3.0071071845575372,2.950648464332887,2.9553685303956128,0.046986049758711519,0.046103882255201359,0.046177633287431449
2,41.488224003539898,2.9710752979491528,2.9710752979491528,2.9057881344291272,2.9081242561064711,0.046423051530455513,0.045402939600455113,0.045439441501663611
2,44.346632190982064,2.666125588129006,2.666125588129006,2.827818034789856,2.8322472377179335,0.041658212314515719,0.044184656793591501,0.044253863089342711
2,47.143829227653285,2.937121031835038,2.937121031835038,2.8615250323264503,2.8655399194608813,0.045892516122422469,0.044711328630100786,0.04477406124157627
2,49.730339613683405,2.9778033643941288,2.9778033643941288,2.8743289250470738,2.8739676211458467,0.046528177568658263,0.044911389453860528,0.044905744080403855
2,52.067876961830486,2.7306558625012269,2.7306558625012269,2.780757884736174,2.7894277867408714,0.042666497851581671,0.043449341949002719,0.043584809167826116
2,55.031844170729109,2.7062753120425489,2.7062753120425489,2.6737324278160162,2.6768591185244288,0.042285551750664827,0.041777069184625253,0.0418259237269442
2,57.073968545822282,2.4939136437019056,2.4939136437019056,2.570747688954651,2.5726359565588153,0.038967400682842275,0.040167932639916422,0.040197436821231489
2,60.165745812476032,2.5706040014273563,2.5706040014273563,2.5207632912754252,2.5197600946733556,0.040165687522302443,0.039386926426178519,0.039371251479271181
2,61.900105266428376,2.4295561898010534,2.4295561898010534,2.4589143903491757,2.4662033291614693,0.037961815465641459,0.03842053734920587,0.038534427018147958
2,65.062401711472049,2.4530822140852582,2.4530822140852582,2.4014085218220349,2.4062420369155806,0.038329409595082159,0.037522008153469295,0.037597531826805947
2,66.491753249636432,2.3246718931849433,2.3246718931849433,2.3413175595078495,2.3485574860580583,0.036322998331014739,0.036583086867310148,0.03669621071965716
2,69.671974459165966,2.3167958484545972,2.3167958484545972,2.2704096597873669,2.2738821750461011,0.036199935132103081,0.035475150934177607,0.03552940898509533
2,70.811345386052011,2.1687764726267154,2.1687764726267154,2.202714214501551,2.2093721831182016,0.033887132384792427,0.034417409601586735,0.0345214403612219
2,73.964884764287063,2.1760147801303815,2.1760147801303815,2.1400205952246822,2.144149082133922,0.034000230939537211,0.03343782180038566,0.033502329408342531
2,74.837814201686939,2.0340057326536005,2.0340057326536005,2.0877124826557751,2.0922696398125122,0.031781339572712508,0.032620507541496487,0.032691713122070504
2,77.929521500191001,2.0813819125194741,2.0813819125194741,2.0550665491280498,2.0610354348681228,0.032521592383116783,0.032110414830125777,0.032203678669814419
2,78.564320212787152,2.0291615855191258,2.0291615855191258,2.0608076505745307,2.0683070527771115,0.031705649773736341,0.032200119540227043,0.032317297699642367
2,81.568473116080185,2.1062047159216881,2.1062047159216881,2.0906713553348033,2.0935359004873404,0.032909448686276377,0.032666739927106302,0.032711498445114694
2,84.620015171873291,2.1784091173152165,2.1784091173152165,2.1042430300470252,2.1080557210734794,0.034037642458050257,0.032878797344484768,0.032938370641773115
2,84.89441458984534,2.0161117899548766,2.0161117899548766,2.1057874872510696,2.1087593996797485,0.031501746718044947,0.032902929488297962,0.03294936561999607
2,87.820155415761462,2.1951816150010073,2.1951816150010073,2.1919405548403335,2.1962456428213475,0.034299712734390739,0.03424907116938021,0.034316338169083554
2,87.926394094344857,2.2674850636074573,2.2674850636074573,2.2762193546959062,2.2819817371636995,0.03542945411886652,0.035565927417123534,0.035655964643182804
2,90.72036639309826,2.4419166308235947,2.4419166308235947,2.5863303101693149,2.5885638148442154,0.038154947356618667,0.040411411096395546,0.040446309606940865
2,93.348001365506931,3.3895757529974468,3.3895757529974468,3.4287148150991582,3.432746681131031,0.052962121140585107,0.053573668985924347,0.053636666892672359
2,93.510919451792745,3.1700526591314584,3.1700526591314584,3.1216965865872632,3.1263462624426643,0.049532072798929037,0.048776509165425988,0.04884916035066663
2,95.994765809291223,4.070493364125829,4.070493364125829,4.3421598318481545,4.3552180215045144,0.063601458814466078,0.067846247372627413,0.068050281586008038
2,98.616115839120027,5.7435801959555022,5.7435801959555022,5.89256061643583,5.874137938432427,0.089743440561804722,0.092071259631809843,0.091783405288006673
2,100.71557783619589,8.1899147094149711,8.1899147094149711,8.8503975079146571,8.8138287823268335,0.12796741733460892,0.13828746106116652,0.13771607472385677
2,101.20164281947687,8.7735519951824763,8.7735519951824763,8.2906284605982616,8.2368768218035466,0.13708674992472619,0.12954106969684784,0.12870120034068042
2,103.15274982786929,10.765601264763603,10.765601264763603,12.065246310928565,12.05305765203901,0.1682125197619313,0.18851947360825883,0.18832902581310954
2,105.54244334561537,14.322312254557019,14.322312254557019,15.520811883659899,15.560458196128145,0.22378612897745342,0.24251268568218592,0.24313215931450227
2,106.22807986779364,18.454588468431179,18.454588468431179,15.903437127914819,15.788707956278461,0.28835294481923718,0.24849120512366904,0.24669856181685096
2,108.65313990466798,17.314465276435058,17.314465276435058,16.729853682170472,16.596042960250095,0.27053851994429778,0.26140396378391362,0.25931317125390774
2,111.01086586722528,13.549402618795465,13.549402618795465,15.74717226372535,15.563289624942094,0.21170941591867914,0.24604956662070859,0.24317640038972022
2,111.94043030884839,15.538786179189541,15.538786179189541,14.658777176166891,14.522862346070287,0.24279353404983658,0.22904339337760768,0.22691972415734823
2,114.30383136784567,12.844985535189746,12.844985535189746,13.513024469855253,13.476786356345107,0.20070289898733978,0.21114100734148833,0.2105747868178923
2,115.39634228961449,10.970105898840563,10.970105898840563,10.779522595038543,10.763433690287355,0.1714079046693838,0.16843004054747723,0.16817865141073993
2,116.58426284578711,7.8384298267846688,7.8384298267846688,7.6644217203341611,7.6623959621593833,0.12247546604351045,0.11975658938022127,0.11972493690874036
2,117.87949335569955,5.2434121862230434,5.2434121862230434,5.2589821723932797,5.3446986004555015,0.081928315409735053,0.082171596443644995,0.083510915632117211
2,119.00719649831845,6.496889672858539,6.496889672858539,6.8722886922944104,6.8953429657810448,0.10151390113841467,0.10737951081710016,0.10773973384032882
2,120.37701720218293,4.4963135661366262,4.4963135661366262,4.8817409289958178,4.9228484414603386,0.070254899470884785,0.076277202015559653,0.076919506897817791
2,121.86847855037361,3.4560330344212349,3.4560330344212349,3.6384670086781594,3.6335870848247582,0.054000516162831795,0.056851047010596241,0.056774798200386847
2,123.49621893554281,2.7914314408452281,2.7914314408452281,2.8219832682815214,2.8161547424305207,0.043616116263206689,0.044093488566898771,0.044002417850476885
2,125.27678723681659,2.1074645482187773,2.1074645482187773,2.1585818348989112,2.153914863733088,0.032929133565918395,0.033727841170295488,0.033654919745829501
2,127.2287946275468,1.5590672542683721,1.5590672542683721,1.5909693227341579,1.588434895208922,0.024360425847943314,0.024858895667721218,0.024819295237639406
2,129.37300157159504,1.1126972674435063,1.1126972674435063,1.141950896647701,1.1398257605491147,0.017385894803804786,0.017842982760120328,0.017809777508579917
2,131.73228273088571,0.76363885124247077,0.76363885124247077,0.78611856581208928,0.78347094131927064,0.011931857050663606,0.012283102590813895,0.012241733458113604
2,134.33138384642078,0.4825877262626545,0.4825877262626545,0.50212125207567027,0.49857501714757352,0.0075404332228539766,0.0078456445636823479,0.0077902346429308362
2,137.19634823003523,0.25003633791504676,0.25003633791504676,0.2687103260362077,0.26545087156591329,0.0039068177799226056,0.0041985988443157454,0.0041476698682173952
2,140.35345029837114,0.058131259425967377,0.058131259425967377,0.075613535679132926,0.074243346488942735,0.00090830092853074027,0.001181461494986452,0.0011600522888897302
2,143.82744168983797,-0.092786891984727352,-0.092786891984727352,-0.081058235206861007,-0.08053876283952037,-0.0014497951872613649,-0.0012665349251072032,-0.0012584181693675058
2,147.63891791827726,-0.21628350728456855,-0.21628350728456855,-0.20778505817963117,-0.20705231729723267,-0.0033794298013213836,-0.003246641534056737,-0.0032351924577692604
2,151.80069465050474,-0.3152943999834808,-0.3152943999834808,-0.30994541121873287,-0.3089478531298524,-0.0049264749997418875,-0.0048428970502927011,-0.0048273102051539438
2,156.31330043847373,-0.39259218793742323,-0.39259218793742323,-0.38993018093719461,-0.38845010238698569,-0.006134252936522238,-0.0060926590771436659,-0.0060695328497966513
2,161.16008920234461,-0.45043831575393922,-0.45043831575393922,-0.44927513289642512,-0.4473818808317277,-0.0070380986836553003,-0.0070199239515066425,-0.0069903418879957453
2,164.88808247887368,-0.48679531587495894,-0.48679531587495894,-0.49066277426158145,-0.49056771847152386,-0.0076061768105462335,-0.0076666058478372101,-0.0076651206011175603
2,166.30301153390946,-0.48773791241061487,-0.48773791241061487,-0.49315366634575913,-0.49091078346683287,-0.0076209048814158574,-0.0077055260366524865,-0.0076704809916692636
2,170.79655748734973,-0.51894002452252164,-0.51894002452252164,-0.51907903804129629,-0.51890048263957034,-0.0081084378831644006,-0.0081106099693952546,-0.0081078200412432865
2,176.90852882064559,-0.52823368851405972,-0.52823368851405972,-0.53191983435200241,-0.53164315811879248,-0.0082536513830321831,-0.0083112474117500376,-0.0083069243456061325
2,183.09147117935441,-0.52823368851405972,-0.52823368851405972,-0.53191983435200241,-0.53164315811879248,-0.0082536513830321831,-0.0083112474117500376,-0.0083069243456061325
2,189.20344251265027,-0.51894002452252164,-0.51894002452252164,-0.51907903804129629,-0.51890048263957034,-0.0081084378831644006,-0.0081106099693952546,-0.0081078200412432865
2,193.69698846609054,-0.48773791241061487,-0.48773791241061487,-0.49315366634575913,-0.49091078346683287,-0.0076209048814158574,-0.0077055260366524865,-0.0076704809916692636
2,195.11191752112632,-0.48679531587495894,-0.48679531587495894,-0.49066277426158145,-0.49056771847152386,-0.0076061768105462335,-0.0076666058478372101,-0.0076651206011175603
2,198.83991079765539,-0.45043831575393922,-0.45043831575393922,-0.44927513289642512,-0.4473818808317277,-0.0070380986836553003,-0.0070199239515066425,-0.0069903418879957453
2,203.68669956152627,-0.39259218793742323,-0.39259218793742323,-0.38993018093719461,-0.38845010238698569,-0.006134252936522238,-0.0060926590771436659,-0.0060695328497966513
2,208.19930534949526,-0.3152943999834808,-0.3152943999834808,-0.30994541121873287,-0.3089478531298524,-0.0049264749997418875,-0.0048428970502927011,-0.0048273102051539438
2,212.36108208172274,-0.21628350728456855,-0.21628350728456855,-0.20778505817963117,-0.20705231729723267,-0.0033794298013213836,-0.003246641534056737,-0.0032351924577692604
2,216.17255831016203,-0.092786891984727352,-0.092786891984727352,-0.081058235206861007,-0.08053876283952037,-0.0014497951872613649,-0.0012665349251072032,-0.0012584181693675058
2,219.64654970162886,0.058131259425967377,0.058131259425967377,0.075613535679132926,0.074243346488942735,0.00090830092853074027,0.001181461494986452,0.0011600522888897302
2,222.80365176996477,0.25003633791504676,0.25003633791504676,0.2687103260362077,0.26545087156591329,0.0039068177799226056,0.0041985988443157454,0.0041476698682173952
2,225.66861615357922,0.4825877262626545,0.4825877262626545,0.50212125207567027,0.49857501714757352,0.0075404332228539766,0.0078456445636823479,0.0077902346429308362
2,228.26771726911429,0.76363885124247077,0.76363885124247077,0.78611856581208928,0.78347094131927064,0.011931857050663606,0.012283102590813895,0.012241733458113604
2,230.62699842840496,1.1126972674435063,1.1126972674435063,1.141950896647701,1.1398257605491147,0.017385894803804786,0.017842982760120328,0.017809777508579917
2,232.77120537245321,1.5590672542683721,1.5590672542683721,1.5909693227341579,1.588434895208922,0.024360425847943314,0.024858895667721218,0.024819295237639406
2,234.72321276318343,2.1074645482187773,2.1074645482187773,2.1585818348989112,2.153914863733088,0.032929133565918395,0.033727841170295488,0.033654919745829501
2,236.5037810644572,2.7914314408452281,2.7914314408452281,2.8219832682815214,2.8161547424305207,0.043616116263206689,0.044093488566898771,0.044002417850476885
2,238.1315214496264,3.4560330344212349,3.4560330344212349,3.6384670086781594,3.6335870848247582,0.054000516162831795,0.056851047010596241,0.056774798200386847
2,239.62298279781709,4.4963135661366262,4.4963135661366262,4.8817409289958178,4.9228484414603386,0.070254899470884785,0.076277202015559653,0.076919506897817791
2,240.99280350168155,6.496889672858539,6.496889672858539,6.8722886922944104,6.8953429657810448,0.10151390113841467,0.10737951081710016,0.10773973384032882
2,242.12050664430046,5.2434121862230434,5.2434121862230434,5.2589821723932797,5.3446986004555015,0.081928315409735053,0.082171596443644995,0.083510915632117211
2,243.41573715421288,7.8384298267846688,7.8384298267846688,7.6644217203341611,7.6623959621593833,0.12247546604351045,0.11975658938022127,0.11972493690874036
2,244.60365771038551,10.970105898840563,10.970105898840563,10.779522595038543,10.763433690287355,0.1714079046693838,0.16843004054747723,0.16817865141073993
2,245.69616863215433,12.844985535189746,12.844985535189746,13.513024469855253,13.476786356345107,0.20070289898733978,0.21114100734148833,0.2105747868178923
2,248.05956969115161,15.538786179189541,15.538786179189541,14.658777176166891,14.522862346070287,0.24279353404983658,0.22904339337760768,0.22691972415734823
2,248.98913413277472,13.549402618795465,13.549402618795465,15.74717226372535,15.563289624942094,0.21170941591867914,0.24604956662070859,0.24317640038972022
2,251.34686009533203,17.314465276435058,17.314465276435058,16.729853682170472,16.596042960250095,0.27053851994429778,0.26140396378391362,0.25931317125390774
2,253.77192013220636,18.454588468431179,18.454588468431179,15.903437127914819,15.788707956278461,0.28835294481923718,0.24849120512366904,0.24669856181685096
2,254.45755665438463,14.322312254557019,14.322312254557019,15.520811883659899,15.560458196128145,0.22378612897745342,0.24251268568218592,0.24313215931450227
2,256.84725017213071,10.765601264763603,10.765601264763603,12.065246310928565,12.05305765203901,0.1682125197619313,0.18851947360825883,0.18832902581310954
2,258.79835718052311,8.7735519951824763,8.7735519951824763,8.2906284605982616,8.2368768218035466,0.13708674992472619,0.12954106969684784,0.12870120034068042
2,259.28442216380409,8.1899147094149711,8.1899147094149711,8.8503975079146571,8.8138287823268335,0.12796741733460892,0.13828746106116652,0.13771607472385677
2,261.38388416087997,5.7435801959555022,5.7435801959555022,5.89256061643583,5.874137938432427,0.089743440561804722,0.092071259631809843,0.091783405288006673
2,264.00523419070879,4.070493364125829,4.070493364125829,4.3421598318481545,4.3552180215045144,0.063601458814466078,0.067846247372627413,0.068050281586008038
2,266.48908054820726,3.1700526591314584,3.1700526591314584,3.1216965865872632,3.1263462624426643,0.049532072798929037,0.048776509165425988,0.04884916035066663
2,266.65199863449305,3.3895757529974468,3.3895757529974468,3.4287148150991582,3.432746681131031,0.052962121140585107,0.053573668985924347,0.053636666892672359
2,269.27963360690171,2.4419166308235947,2.4419166308235947,2.5863303101693149,2.5885638148442154,0.038154947356618667,0.040411411096395546,0.040446309606940865
2,272.07360590565514,2.2674850636074573,2.2674850636074573,2.2762193546959062,2.2819817371636995,0.03542945411886652,0.035565927417123534,0.035655964643182804
2,272.17984458423854,2.1951816150010073,2.1951816150010073,2.1919405548403335,2.1962456428213475,0.034299712734390739,0.03424907116938021,0.034316338169083554
2,275.10558541015467,2.0161117899548766,2.0161117899548766,2.1057874872510696,2.1087593996797485,0.031501746718044947,0.032902929488297962,0.03294936561999607
2,275.37998482812668,2.1784091173152165,2.1784091173152165,2.1042430300470252,2.1080557210734794,0.034037642458050257,0.032878797344484768,0.032938370641773115
2,278.43152688391979,2.1062047159216881,2.1062047159216881,2.0906713553348033,2.0935359004873404,0.032909448686276377,0.032666739927106302,0.032711498445114694
2,281.43567978721285,2.0291615855191258,2.0291615855191258,2.0608076505745307,2.0683070527771115,0.031705649773736341,0.032200119540227043,0.032317297699642367
2,282.07047849980898,2.0813819125194741,2.0813819125194741,2.0550665491280498,2.0610354348681228,0.032521592383116783,0.032110414830125777,0.032203678669814419
2,285.16218579831309,2.0340057326536005,2.0340057326536005,2.0877124826557751,2.0922696398125122,0.031781339572712508,0.032620507541496487,0.032691713122070504
2,286.03511523571296,2.1760147801303815,2.1760147801303815,2.1400205952246822,2.144149082133922,0.034000230939537211,0.03343782180038566,0.033502329408342531
2,289.18865461394796,2.1687764726267154,2.1687764726267154,2.202714214501551,2.2093721831182016,0.033887132384792427,0.034417409601586735,0.0345214403612219
2,290.32802554083401,2.3167958484545972,2.3167958484545972,2.2704096597873669,2.2738821750461011,0.036199935132103081,0.035475150934177607,0.03552940898509533
2,293.50824675036358,2.3246718931849433,2.3246718931849433,2.3413175595078495,2.3485574860580583,0.036322998331014739,0.036583086867310148,0.03669621071965716
2,294.93759828852797,2.4530822140852582,2.4530822140852582,2.4014085218220349,2.4062420369155806,0.038329409595082159,0.037522008153469295,0.037597531826805947
2,298.0998947335716,2.4295561898010534,2.4295561898010534,2.4589143903491757,2.4662033291614693,0.037961815465641459,0.03842053734920587,0.038534427018147958
2,299.83425418752398,2.5706040014273563,2.5706040014273563,2.5207632912754252,2.5197600946733556,0.040165687522302443,0.039386926426178519,0.039371251479271181
2,302.92603145417775,2.4939136437019056,2.4939136437019056,2.570747688954651,2.5726359565588153,0.038967400682842275,0.040167932639916422,0.040197436821231489
2,304.96815582927087,2.7062753120425489,2.7062753120425489,2.6737324278160162,2.6768591185244288,0.042285551750664827,0.041777069184625253,0.0418259237269442
2,307.93212303816949,2.7306558625012269,2.7306558625012269,2.780757884736174,2.7894277867408714,0.042666497851581671,0.043449341949002719,0.043584809167826116
2,310.26966038631662,2.9778033643941288,2.9778033643941288,2.8743289250470738,2.8739676211458467,0.046528177568658263,0.044911389453860528,0.044905744080403855
2,312.85617077234673,2.937121031835038,2.937121031835038,2.8615250323264503,2.8655399194608813,0.045892516122422469,0.044711328630100786,0.04477406124157627
2,315.65336780901794,2.666125588129006,2.666125588129006,2.827818034789856,2.8322472377179335,0.041658212314515719,0.044184656793591501,0.044253863089342711
2,318.51177599646007,2.9710752979491528,2.9710752979491528,2.9057881344291272,2.9081242561064711,0.046423051530455513,0.045402939600455113,0.045439441501663611
2,321.02559577389241,3.0071071845575372,3.0071071845575372,2.950648464332887,2.9553685303956128,0.046986049758711519,0.046103882255201359,0.046177633287431449
2,324.09989632743589,2.8871798293602793,2.8871798293602793,3.0066656247805712,3.0105672895099493,0.045112184833754364,0.046979150387196425,0.047040113898592958
2,327.43283782727303,3.1142161516533138,3.1142161516533138,3.0797663185800994,3.0818212029711454,0.048659627369583028,0.048121348727814053,0.048153456296424146
2,331.03297873458115,3.3060969661370181,3.3060969661370181,3.1539913971733862,3.154556648226011,0.051657765095890908,0.049281115580834159,0.049289947628531422
2,332.97322597564909,3.1040316016032126,3.1040316016032126,3.1526559294592156,3.1510579984802578,0.048500493775050196,0.049260248897800243,0.049235281226254028
2,336.65327724343814,3.0073041778635052,3.0073041778635052,3.0949764073021249,3.1027688679054348,0.046989127779117269,0.048359006364095701,0.048480763561022419
2,340.54902154565116,3.1966506874212635,3.1966506874212635,3.145284533020857,3.1455099860331672,0.049947666990957242,0.04914507082845089,0.049148593531768238
2,344.64096205378564,3.2863432879089416,3.2863432879089416,3.2002654566991775,3.2005606095418946,0.051349113873577212,0.050004147760924648,0.050008759524092103
2,348.89969268972476,3.2909316649851905,3.2909316649851905,3.2263210189311042,3.226214202597685,0.051420807265393602,0.050411265920798504,0.050409596915588828
2,349.68946281658867,3.1274110155645611,3.1274110155645611,3.2138612973803826,3.2126683371051743,0.048865797118196268,0.050216582771568478,0.050197942767268348
2,353.77068507740637,3.171798904425601,3.171798904425601,3.2341744353854538,3.2310967436190277,0.049559357881650015,0.050533975552897716,0.050485886619047307
2,357.91626048512762,3.1614467031272948,3.1614467031272948,3.2326142379088854,3.2289659345782482,0.049397604736363981,0.050509597467326334,0.050452592727785128
3,2.1299479011309153,2.9339105300692179,2.9339105300692179,3.0015037026996292,2.9978846902401419,0.045842352032331529,0.046898495354681706,0.046841948285002218
3,6.3664572162646893,2.948926522956671,2.948926522956671,3.0023905721393929,2.9994553766543501,0.046076976921197985,0.046912352689678014,0.046866490260224221
3,10.534320111277674,2.9018610413761947,2.9018610413761947,2.9776895378028887,2.9767395824972134,0.045341578771503042,0.046526399028170136,0.046511555976518959
3,11.359645334770867,3.0386037224954907,3.0386037224954907,2.9842153429489029,2.9840838726572487,0.047478183163992042,0.046628364733576608,0.046626310510269511
3,15.709355814225017,3.0261474944334017,3.0261474944334017,2.9600820807890313,2.9601682791470734,0.047283554600521902,0.046251282512328615,0.046252629361673021
3,19.881233314262879,2.9520493411538569,2.9520493411538569,2.9059207397254863,2.9058030248755622,0.046125770955529014,0.045405011558210723,0.045403172263680659
3,23.844735348007639,2.7848264413224242,2.7848264413224242,2.8594011697818726,2.8665480166915076,0.043512913145662878,0.04467814327784176,0.044789812760804806
3,27.580160354934723,2.8704484929526841,2.8704484929526841,2.8986673539833525,2.8963068171568183,0.044850757702385689,0.045291677405989883,0.045254794018075285
3,29.59617904233977,3.0506980349989807,3.0506980349989807,2.8956857259629945,2.8962985531806869,0.047667156796859074,0.045245089468171788,0.045254664893448232
3,33.239794225346238,2.8476468427184498,2.8476468427184498,2.8106870238162678,2.8116696063630853,0.044494481917475778,0.043916984747129184,0.043932337599423207
3,36.603387459573156,2.6413395486800058,2.6413395486800058,2.7267159293627699,2.7312728112488336,0.04127093044812509,0.042604936396293279,0.042676137675763025
3,39.69743879566127,2.7005684746741059,2.7005684746741059,2.6934259180313465,2.699409249775004,0.042196382416782904,0.042084779969239788,0.042178269527734437
3,42.290488417654679,2.7533660336489905,2.7533660336489905,2.6782569034217989,2.6802484956117274,0.043021344275765476,0.041847764115965608,0.041878882743933241
3,45.153618928467303,2.5927817852805757,2.5927817852805757,2.6429134949501587,2.6460628280334739,0.040512215395008995,0.04129552335859623,0.04134473168802303
3,47.755510450990258,2.6147639766944941,2.6147639766944941,2.5657353894586157,2.5740019685507933,0.040855687135851471,0.04008961546029087,0.040218780758606146
3,50.60702271047473,2.5572112856658031,2.5572112856658031,2.5025084582932586,2.5065776087279388,0.039956426338528174,0.039101694660832166,0.039165275136374043
3,52.928672516078599,2.2874232639337508,2.2874232639337508,2.421426872571439,2.4246061278759052,0.035740988498964857,0.037834794883928734,0.037884470748061019
3,55.960671144177674,2.4948415877870169,2.4948415877870169,2.4398413505338712,2.441977451506951,0.038981899809172139,0.038122521102091737,0.038155897679796109
3,57.975252704282447,2.5239347370679055,2.5239347370679055,2.4589951679316568,2.4609808328266776,0.039436480266686023,0.038421799498932138,0.038452825512916837
3,59.786292821555115,2.3793969749140969,2.3793969749140969,2.4152048136881552,2.4207506570079822,0.037178077733032763,0.037737575213877425,0.037824229015749722
3,62.825455138917278,2.3812083101064401,2.3812083101064401,2.3621483618157173,2.3639419032971993,0.037206379845413126,0.036908568153370583,0.03693659223901874
3,64.347440286826952,2.2459380791518195,2.2459380791518195,2.31336759333223,2.3143735736739326,0.03509278248674718,0.036146368645816093,0.036162087088655197
3,67.425780227454965,2.3271806028161972,2.3271806028161972,2.2889008033808853,2.2977433015626318,0.036362196919003081,0.035764075052826333,0.035902239086916123
3,68.667558618857768,2.2300959743259812,2.2300959743259812,2.2779351658630884,2.2851135360126187,0.034845249598843456,0.035592736966610757,0.035704899000197167
3,71.740723380031454,2.3216455914158098,2.3216455914158098,2.289853665089268,2.2964956011804278,0.036275712365872029,0.035778963517019813,0.035882743768444185
3,72.720287638994321,2.2645581872833298,2.2645581872833298,2.3169880352408181,2.3241934862610005,0.035383721676302028,0.036202938050637783,0.036315523222828133
3,75.751807486537231,2.415580769146032,2.415580769146032,2.380286285009928,2.3885459384459091,0.037743449517906751,0.037191973203280125,0.03732103028821733
3,76.493004224846473,2.3770696872900228,2.3770696872900228,2.4519848299276084,2.4614487208416658,0.037141713863906606,0.038312262967618881,0.038460136263151028
3,79.454872342123252,2.6226478524164825,2.6226478524164825,2.6135841250561063,2.6215394672620316,0.040978872694007538,0.04083725195400166,0.040961554175969243
3,79.9844131240271,2.7135068588453697,2.7135068588453697,2.7854558785903847,2.7951521546295575,0.042398544669458901,0.043522748102974761,0.043674252416086835
3,82.856624728173585,3.0936376781709232,3.0936376781709232,3.0791904651726281,3.0846294855282741,0.048338088721420674,0.048112351018322314,0.048197335711379283
3,85.765353563008205,3.5225501024420138,3.5225501024420138,3.4318634217681105,3.4336216196134428,0.055039845350656466,0.053622865965126727,0.053650337806460044
3,85.971224126339948,3.4449984479267011,3.4449984479267011,3.6715520229227381,3.6755890662283126,0.053828100748854704,0.057368000358167782,0.057431079159817384
3,88.759681058596215,4.3197814600377127,4.3197814600377127,4.2962588569184321,4.3029754687702733,0.067496585313089261,0.067129044639350502,0.06723399169953552
3,88.817353527827777,4.5276720170681521,4.5276720170681521,4.6939046280873384,4.7069987118548529,0.070744875266689877,0.073342259813864663,0.073546854872732076
3,91.481775076488077,5.3933189270289255,5.3933189270289255,5.8086422703303704,5.8175084254685121,0.08427060823482696,0.090760035473912037,0.090898569147945502
3,94.139806423506968,7.6080211441691228,7.6080211441691228,7.4161719067064507,7.3973271120937305,0.11887533037764254,0.11587768604228829,0.11558323612646454
3,96.780119251552492,9.7861794345316486,9.7861794345316486,9.4292851788693355,9.4512147612187114,0.15290905366455701,0.14733258091983337,0.14767523064404237
3,99.391834257842945,13.014468254896745,13.014468254896745,11.895649039202898,11.993551281116929,0.20335106648276163,0.18586951623754527,0.18739923876745201
3,101.96477806948084,14.184922301190353,14.184922301190353,13.400264516526734,13.443668894096279,0.22163941095609926,0.20937913307073022,0.21005732647025435
3,104.48969784351657,13.358170572013922,13.358170572013922,13.786888168677883,13.691731777317006,0.20872141518771753,0.21542012763559193,0.21393330902057822
3,106.9584237744405,12.296649891082271,12.296649891082271,13.029546035984419,13.051020622063373,0.19213515454816049,0.20358665681225654,0.2039221972197402
3,107.73491995869432,12.45845394568992,12.45845394568992,11.831574332311689,11.699332289249293,0.194663342901405,0.18486834894237014,0.1828020670195202
3,110.23352688097519,9.1495393194060046,9.1495393194060046,10.288379226528667,10.274963439293382,0.14296155186571882,0.16075592541451042,0.16054630373895909
3,111.18110388393706,9.4175170914396436,9.4175170914396436,8.8770705178251959,8.8257770100108228,0.14714870455374443,0.13870422684101869,0.13790276578141911
3,113.69076678443446,7.5395508391531596,7.5395508391531596,7.8446775169030181,7.8529082864870565,0.11780548186176812,0.12257308620160966,0.12270169197636026
3,114.82029603864871,5.7744088512684346,5.7744088512684346,6.1969260196715741,6.1904796076799036,0.090225138301069291,0.096826969057368345,0.096726243869998493
3,116.05507627423449,4.937454793882516,4.937454793882516,4.9177557568275958,4.9122459455469656,0.077147731154414312,0.076839933700431184,0.076753842899171337
3,117.40921277026231,4.0318294446290137,4.0318294446290137,3.9272497085788993,3.9226695825554048,0.062997335072328339,0.061363276696545302,0.061291712227428199
3,120.07774253932286,3.5346513449166115,3.5346513449166115,3.6237882376011581,3.6213862684573463,0.055228927264322054,0.056621691212518095,0.056584160444646037
3,121.654913901444,2.7285608607618226,2.7285608607618226,2.8727770881189483,2.868498889808472,0.042633763449403478,0.044887142001858567,0.044820295153257375
3,123.38668347606057,2.3677884008240517,2.3677884008240517,2.3699789905855275,2.3687944323717516,0.036996693762875808,0.037030921727898868,0.037012413005808618
3,125.29327430448581,1.9878886875676178,1.9878886875676178,1.9848183069004379,1.9863319716579855,0.031060760743244029,0.031012786045319343,0.031036437057156023
3,127.39763430791876,1.6530668010245613,1.6530668010245613,1.6505839992910676,1.6517870728020758,0.02582916876600877,0.025790374988922931,0.025809173012532435
3,129.72556125616225,1.3644496959824601,1.3644496959824601,1.3714340553240423,1.3724558150844846,0.02131952649972594,0.021428657114438161,0.021444622110695071
3,132.5496440954999,1.3116784327072244,1.3116784327072244,1.3369092656108752,1.3372058296480858,0.020494975511050381,0.020889207275169925,0.02089384108825134
3,135.1527995714157,1.1205794600013967,1.1205794600013967,1.138312572582922,1.139250859186753,0.017509054062521824,0.017786133946608156,0.017800794674793015
3,138.01440227424993,0.97917646255557245,0.97917646255557245,0.98772268780236083,0.98658191705959197,0.015299632227430819,0.015433166996911888,0.015415342454056125
3,141.15837357033422,0.8445274238387992,0.8445274238387992,0.85632551294562309,0.85482700059511041,0.013195740997481237,0.013380086139775361,0.0133566718842986
3,144.60673747088876,0.73377769888829525,0.73377769888829525,0.74210109254392775,0.74125304109884971,0.011465276545129613,0.011595329570998871,0.011582078767169527
3,148.37712567539577,0.64148063881304374,0.64148063881304374,0.64886093421180835,0.64913084008804511,0.010023134981453808,0.010138452097059505,0.010142669376375705
3,152.47944531795147,0.56888912218686716,0.56888912218686716,0.57814201715897018,0.57638695485216174,0.0088888925341697993,0.009033469018108909,0.0090060461695650271
3,156.91185444508804,0.51424504246569913,0.51424504246569913,0.51674835343842718,0.51808464805653531,0.0080350787885265489,0.0080741930224754246,0.0080950726258833643
3,161.65653587770879,0.4714930816093954,0.4714930816093954,0.47482153935669114,0.4754802057951974,0.0073670794001468032,0.007419086552448299,0.0074293782155499593
3,166.67619700960108,0.43983730484644262,0.43983730484644262,0.44311384296198109,0.44367543919288277,0.006872457888225666,0.0069236537962809545,0.0069324287373887933
3,171.91257236407873,0.41955151358326426,0.41955151358326426,0.42213809175901096,0.42294174314323141,0.006555492399738504,0.0065959076837345462,0.0066084647366129907
3,177.28817001239568,0.40982565336829163,0.40982565336829163,0.41202847140254284,0.41264799598306168,0.0064035258338795567,0.0064379448656647319,0.0064476249372353387
3,182.71182998760432,0.40982565336829163,0.40982565336829163,0.41202847140254284,0.41264799598306168,0.0064035258338795567,0.0064379448656647319,0.0064476249372353387
3,188.08742763592127,0.41955151358326426,0.41955151358326426,0.42213809175901096,0.42294174314323141,0.006555492399738504,0.0065959076837345462,0.0066084647366129907
3,193.32380299039892,0.43983730484644262,0.43983730484644262,0.44311384296198109,0.44367543919288277,0.006872457888225666,0.0069236537962809545,0.0069324287373887933
3,198.34346412229121,0.4714930816093954,0.4714930816093954,0.47482153935669114,0.4754802057951974,0.0073670794001468032,0.007419086552448299,0.0074293782155499593
3,203.08814555491196,0.51424504246569913,0.51424504246569913,0.51674835343842718,0.51808464805653531,0.0080350787885265489,0.0080741930224754246,0.0080950726258833643
3,207.52055468204853,0.56888912218686716,0.56888912218686716,0.57814201715897018,0.57638695485216174,0.0088888925341697993,0.009033469018108909,0.0090060461695650271
3,211.62287432460423,0.64148063881304374,0.64148063881304374,0.64886093421180835,0.64913084008804511,0.010023134981453808,0.010138452097059505,0.010142669376375705
3,215.39326252911124,0.73377769888829525,0.73377769888829525,0.74210109254392775,0.74125304109884971,0.011465276545129613,0.011595329570998871,0.011582078767169527
3,218.84162642966578,0.8445274238387992,0.8445274238387992,0.85632551294562309,0.85482700059511041,0.013195740997481237,0.013380086139775361,0.0133566718842986
3,221.98559772575007,0.97917646255557245,0.97917646255557245,0.98772268780236083,0.98658191705959197,0.015299632227430819,0.015433166996911888,0.015415342454056125
3,224.8472004285843,1.1205794600013967,1.1205794600013967,1.138312572582922,1.139250859186753,0.017509054062521824,0.017786133946608156,0.017800794674793015
3,227.4503559045001,1.3116784327072244,1.3116784327072244,1.3369092656108752,1.3372058296480858,0.020494975511050381,0.020889207275169925,0.02089384108825134
3,230.27443874383775,1.3644496959824601,1.3644496959824601,1.3714340553240423,1.3724558150844846,0.02131952649972594,0.021428657114438161,0.021444622110695071
3,232.60236569208124,1.6530668010245613,1.6530668010245613,1.6505839992910676,1.6517870728020758,0.02582916876600877,0.025790374988922931,0.025809173012532435
3,234.70672569551419,1.9878886875676178,1.9878886875676178,1.9848183069004379,1.9863319716579855,0.031060760743244029,0.031012786045319343,0.031036437057156023
3,236.61331652393943,2.3677884008240517,2.3677884008240517,2.3699789905855275,2.3687944323717516,0.036996693762875808,0.037030921727898868,0.037012413005808618
3,238.34508609855601,2.7285608607618226,2.7285608607618226,2.8727770881189483,2.868498889808472,0.042633763449403478,0.044887142001858567,0.044820295153257375
3,239.92225746067714,3.5346513449166115,3.5346513449166115,3.6237882376011581,3.6213862684573463,0.055228927264322054,0.056621691212518095,0.056584160444646037
3,242.59078722973769,4.0318294446290137,4.0318294446290137,3.9272497085788993,3.9226695825554048,0.062997335072328339,0.061363276696545302,0.061291712227428199
3,243.94492372576551,4.937454793882516,4.937454793882516,4.9177557568275958,4.9122459455469656,0.077147731154414312,0.076839933700431184,0.076753842899171337
3,245.17970396135129,5.7744088512684346,5.7744088512684346,6.1969260196715741,6.1904796076799036,0.090225138301069291,0.096826969057368345,0.096726243869998493
3,246.30923321556554,7.5395508391531596,7.5395508391531596,7.8446775169030181,7.8529082864870565,0.11780548186176812,0.12257308620160966,0.12270169197636026
3,248.81889611606294,9.4175170914396436,9.4175170914396436,8.8770705178251959,8.8257770100108228,0.14714870455374443,0.13870422684101869,0.13790276578141911
3,249.76647311902479,9.1495393194060046,9.1495393194060046,10.288379226528667,10.274963439293382,0.14296155186571882,0.16075592541451042,0.16054630373895909
3,252.26508004130568,12.45845394568992,12.45845394568992,11.831574332311689,11.699332289249293,0.194663342901405,0.18486834894237014,0.1828020670195202
3,253.04157622555948,12.296649891082271,12.296649891082271,13.029546035984419,13.051020622063373,0.19213515454816049,0.20358665681225654,0.2039221972197402
3,255.51030215648342,13.358170572013922,13.358170572013922,13.786888168677883,13.691731777317006,0.20872141518771753,0.21542012763559193,0.21393330902057822
3,258.03522193051913,14.184922301190353,14.184922301190353,13.400264516526734,13.443668894096279,0.22163941095609926,0.20937913307073022,0.21005732647025435
3,260.60816574215704,13.014468254896745,13.014468254896745,11.895649039202898,11.993551281116929,0.20335106648276163,0.18586951623754527,0.18739923876745201
3,263.21988074844751,9.7861794345316486,9.7861794345316486,9.4292851788693355,9.4512147612187114,0.15290905366455701,0.14733258091983337,0.14767523064404237
3,265.86019357649303,7.6080211441691228,7.6080211441691228,7.4161719067064507,7.3973271120937305,0.11887533037764254,0.11587768604228829,0.11558323612646454
3,268.51822492351192,5.3933189270289255,5.3933189270289255,5.8086422703303704,5.8175084254685121,0.08427060823482696,0.090760035473912037,0.090898569147945502
3,271.18264647217222,4.5276720170681521,4.5276720170681521,4.6939046280873384,4.7069987118548529,0.070744875266689877,0.073342259813864663,0.073546854872732076
3,271.24031894140376,4.3197814600377127,4.3197814600377127,4.2962588569184321,4.3029754687702733,0.067496585313089261,0.067129044639350502,0.06723399169953552
3,274.02877587366004,3.4449984479267011,3.4449984479267011,3.6715520229227381,3.6755890662283126,0.053828100748854704,0.057368000358167782,0.057431079159817384
3,274.2346464369918,3.5225501024420138,3.5225501024420138,3.4318634217681105,3.4336216196134428,0.055039845350656466,0.053622865965126727,0.053650337806460044
3,277.14337527182641,3.0936376781709232,3.0936376781709232,3.0791904651726281,3.0846294855282741,0.048338088721420674,0.048112351018322314,0.048197335711379283
3,280.01558687597287,2.7135068588453697,2.7135068588453697,2.7854558785903847,2.7951521546295575,0.042398544669458901,0.043522748102974761,0.043674252416086835
3,280.54512765787672,2.6226478524164825,2.6226478524164825,2.6135841250561063,2.6215394672620316,0.040978872694007538,0.04083725195400166,0.040961554175969243
3,283.50699577515354,2.3770696872900228,2.3770696872900228,2.4519848299276084,2.4614487208416658,0.037141713863906606,0.038312262967618881,0.038460136263151028
3,284.24819251346275,2.415580769146032,2.415580769146032,2.380286285009928,2.3885459384459091,0.037743449517906751,0.037191973203280125,0.03732103028821733
3,287.27971236100569,2.2645581872833298,2.2645581872833298,2.3169880352408181,2.3241934862610005,0.035383721676302028,0.036202938050637783,0.036315523222828133
3,288.25927661996855,2.3216455914158098,2.3216455914158098,2.289853665089268,2.2964956011804278,0.036275712365872029,0.035778963517019813,0.035882743768444185
3,291.33244138114225,2.2300959743259812,2.2300959743259812,2.2779351658630884,2.2851135360126187,0.034845249598843456,0.035592736966610757,0.035704899000197167
3,292.57421977254501,2.3271806028161972,2.3271806028161972,2.2889008033808853,2.2977433015626318,0.036362196919003081,0.035764075052826333,0.035902239086916123
3,295.65255971317305,2.2459380791518195,2.2459380791518195,2.31336759333223,2.3143735736739326,0.03509278248674718,0.036146368645816093,0.036162087088655197
3,297.17454486108272,2.3812083101064401,2.3812083101064401,2.3621483618157173,2.3639419032971993,0.037206379845413126,0.036908568153370583,0.03693659223901874
3,300.21370717844491,2.3793969749140969,2.3793969749140969,2.4152048136881552,2.4207506570079822,0.037178077733032763,0.037737575213877425,0.037824229015749722
3,302.02474729571753,2.5239347370679055,2.5239347370679055,2.4589951679316568,2.4609808328266776,0.039436480266686023,0.038421799498932138,0.038452825512916837
3,304.0393288558223,2.4948415877870169,2.4948415877870169,2.4398413505338712,2.441977451506951,0.038981899809172139,0.038122521102091737,0.038155897679796109
3,307.07132748392138,2.2874232639337508,2.2874232639337508,2.421426872571439,2.4246061278759052,0.035740988498964857,0.037834794883928734,0.037884470748061019
3,309.39297728952528,2.5572112856658031,2.5572112856658031,2.5025084582932586,2.5065776087279388,0.039956426338528174,0.039101694660832166,0.039165275136374043
3,312.24448954900976,2.6147639766944941,2.6147639766944941,2.5657353894586157,2.5740019685507933,0.040855687135851471,0.04008961546029087,0.040218780758606146
3,314.84638107153268,2.5927817852805757,2.5927817852805757,2.6429134949501587,2.6460628280334739,0.040512215395008995,0.04129552335859623,0.04134473168802303
3,317.70951158234533,2.7533660336489905,2.7533660336489905,2.6782569034217989,2.6802484956117274,0.043021344275765476,0.041847764115965608,0.041878882743933241
3,320.30256120433876,2.7005684746741059,2.7005684746741059,2.6934259180313465,2.699409249775004,0.042196382416782904,0.042084779969239788,0.042178269527734437
3,323.39661254042687,2.6413395486800058,2.6413395486800058,2.7267159293627699,2.7312728112488336,0.04127093044812509,0.042604936396293279,0.042676137675763025
3,326.76020577465374,2.8476468427184498,2.8476468427184498,2.8106870238162678,2.8116696063630853,0.044494481917475778,0.043916984747129184,0.043932337599423207
3,330.40382095766023,3.0506980349989807,3.0506980349989807,2.8956857259629945,2.8962985531806869,0.047667156796859074,0.045245089468171788,0.045254664893448232
3,332.41983964506528,2.8704484929526841,2.8704484929526841,2.8986673539833525,2.8963068171568183,0.044850757702385689,0.045291677405989883,0.045254794018075285
3,336.15526465199235,2.7848264413224242,2.7848264413224242,2.8594011697818726,2.8665480166915076,0.043512913145662878,0.04467814327784176,0.044789812760804806
3,340.11876668573711,2.9520493411538569,2.9520493411538569,2.9059207397254863,2.9058030248755622,0.046125770955529014,0.045405011558210723,0.045403172263680659
3,344.29064418577497,3.0261474944334017,3.0261474944334017,2.9600820807890313,2.9601682791470734,0.047283554600521902,0.046251282512328615,0.046252629361673021
3,348.64035466522915,3.0386037224954907,3.0386037224954907,2.9842153429489029,2.9840838726572487,0.047478183163992042,0.046628364733576608,0.046626310510269511
3,349.46567988872232,2.9018610413761947,2.9018610413761947,2.9776895378028887,2.9767395824972134,0.045341578771503042,0.046526399028170136,0.046511555976518959
3,353.63354278373532,2.948926522956671,2.948926522956671,3.0023905721393929,2.9994553766543501,0.046076976921197985,0.046912352689678014,0.046866490260224221
3,357.87005209886911,2.9339105300692179,2.9339105300692179,3.0015037026996292,2.9978846902401419,0.045842352032331529,0.046898495354681706,0.046841948285002218
