method,field,mae_vs_benchmark,rmse_vs_benchmark,max_abs_vs_benchmark,signed_error_final_vs_benchmark_last,value_final,benchmark_last,method_t_final,benchmark_t_last
CLSVOF-LS,yc,0.0016319228994019521,0.0017656459156201731,0.0027505231684608056,-0.0029415960108996053,1.0790024039891004,1.081944,3,3.000985
CLSVOF-LS,vc,0.0006027298864500647,0.00075689224430339978,0.0015568991015190436,-0.00085402400107464915,0.19294877599892535,0.1938028,3,3.000985
CLSVOF-LS,circ,0.0016607238103995398,0.0025742405768193707,0.016868307191752585,-0.001587841111733157,0.91911625888826687,0.92070410000000003,3,3.000985
CLSVOF-LS,vol_rel,3.7405681030307626e-05,4.5940349491397062e-05,8.7021455754149785e-05,-8.7021455754149785e-05,-8.7021455754149785e-05,0,3,3.000985
NN single,yc,0.0016522021444055094,0.0017909396903705306,0.0028150407557279156,-0.0030061135981667153,1.0789378864018333,1.081944,3,3.000985
NN single,vc,0.00061639753152778161,0.00076859709781035258,0.0015559752060861354,-0.00088949095521295707,0.19291330904478704,0.1938028,3,3.000985
NN single,circ,0.0017008437813794341,0.0025873700722023173,0.01690480381220294,-0.0016321534424065254,0.9190719465575935,0.92070410000000003,3,3.000985
NN single,vol_rel,3.5922379370695407e-05,4.4669357585841514e-05,8.4473078676310844e-05,-8.4473078676310844e-05,-8.4473078676310844e-05,0,3,3.000985
NN D4 avg,yc,0.0016516762884575564,0.0017903829198614863,0.0028154232798780487,-0.0030064961223168485,1.0789375038776832,1.081944,3,3.000985
NN D4 avg,vc,0.00061672360627750824,0.00076892167534916417,0.0015554591165534704,-0.00089217800048382867,0.19291062199951617,0.1938028,3,3.000985
NN D4 avg,circ,0.0017021737702661382,0.0025875095234296204,0.016909253058761675,-0.0016375328470870087,0.91906656715291302,0.92070410000000003,3,3.000985
NN D4 avg,vol_rel,3.5925199448126823e-05,4.4671124325694399e-05,8.4167574834089287e-05,-8.4167574834089287e-05,-8.4167574834089287e-05,0,3,3.000985
